-- phpMyAdmin SQL Dump
-- version 4.9.0.1
-- https://www.phpmyadmin.net/
--
-- Máy chủ: 127.0.0.1
-- Thời gian đã tạo: Th9 02, 2020 lúc 01:28 PM
-- Phiên bản máy phục vụ: 10.3.16-MariaDB
-- Phiên bản PHP: 7.3.8

SET SQL_MODE = "NO_AUTO_VALUE_ON_ZERO";
SET AUTOCOMMIT = 0;
START TRANSACTION;
SET time_zone = "+00:00";


/*!40101 SET @OLD_CHARACTER_SET_CLIENT=@@CHARACTER_SET_CLIENT */;
/*!40101 SET @OLD_CHARACTER_SET_RESULTS=@@CHARACTER_SET_RESULTS */;
/*!40101 SET @OLD_COLLATION_CONNECTION=@@COLLATION_CONNECTION */;
/*!40101 SET NAMES utf8mb4 */;

--
-- Cơ sở dữ liệu: `healthynew`
--

-- --------------------------------------------------------

--
-- Cấu trúc bảng cho bảng `comment`
--

CREATE TABLE `comment` (
  `comment_Id` int(11) NOT NULL,
  `user_Id` int(11) NOT NULL,
  `post_Id` int(11) NOT NULL,
  `comment_Date` varchar(255) CHARACTER SET utf8 NOT NULL,
  `comment_Content` varchar(13000) CHARACTER SET utf8 NOT NULL,
  `vote` varchar(50) DEFAULT NULL,
  `react` varchar(50) DEFAULT NULL,
  `enable` varchar(50) DEFAULT NULL
) ENGINE=InnoDB DEFAULT CHARSET=utf8mb4;

--
-- Đang đổ dữ liệu cho bảng `comment`
--

INSERT INTO `comment` (`comment_Id`, `user_Id`, `post_Id`, `comment_Date`, `comment_Content`, `vote`, `react`, `enable`) VALUES
(20, 25, 1, '02 thg 9', 'Bài viết thật hữu ích', NULL, NULL, '1'),
(21, 25, 1, '02 thg 9', 'Bài viết dài quá', NULL, NULL, '1'),
(22, 25, 2, '02 thg 9', 'Bài viết thật hay', NULL, NULL, '1'),
(23, 26, 2, '02 thg 9', 'Bài viết dài quá', NULL, NULL, '1'),
(25, 26, 1, '02 thg 9', 'Bài viết rất có ích', NULL, NULL, '1'),
(29, 26, 13, '02 thg 9', 'dfsdf', NULL, NULL, '1'),
(30, 26, 13, '02 thg 9', 'jhefsfjhs', NULL, NULL, '1'),
(31, 26, 12, '02 thg 9', 'ok', NULL, NULL, '1');

-- --------------------------------------------------------

--
-- Cấu trúc bảng cho bảng `hashtag_standard`
--

CREATE TABLE `hashtag_standard` (
  `hs_Id` int(11) NOT NULL,
  `hashtag_Code` varchar(50) NOT NULL,
  `hashtag_Content` varchar(255) CHARACTER SET utf8 NOT NULL,
  `enable` varchar(50) DEFAULT NULL
) ENGINE=InnoDB DEFAULT CHARSET=utf8mb4;

--
-- Đang đổ dữ liệu cho bảng `hashtag_standard`
--

INSERT INTO `hashtag_standard` (`hs_Id`, `hashtag_Code`, `hashtag_Content`, `enable`) VALUES
(1, 'hano', 'casca', NULL),
(3, 'beo', 'Béo quá thì không tốt, nên giảm cân, gây ra nhiều bệnh như béo phì, gan nhiễm mỡ,....', '1'),
(4, 'gay', 'Gầy quá, ăn nhiều lên', '1'),
(5, 'ankieng', 'Nên ăn kiêng', '1'),
(6, 'giamcan', 'Béo quá thì giảm cân', '1');

-- --------------------------------------------------------

--
-- Cấu trúc bảng cho bảng `menu`
--

CREATE TABLE `menu` (
  `menu_Id` int(11) NOT NULL,
  `user_Id` int(11) NOT NULL,
  `hashtag` varchar(50) NOT NULL,
  `menu_Name` varchar(100) CHARACTER SET utf8 NOT NULL,
  `menu_Description` varchar(13000) CHARACTER SET utf8 NOT NULL,
  `enable` varchar(50) DEFAULT NULL
) ENGINE=InnoDB DEFAULT CHARSET=utf8mb4;

--
-- Đang đổ dữ liệu cho bảng `menu`
--

INSERT INTO `menu` (`menu_Id`, `user_Id`, `hashtag`, `menu_Name`, `menu_Description`, `enable`) VALUES
(2, 1, '#beo', 'Thực đơn giảm cân', 'Calo nạp vào là lượng calo bạn có được từ thức phẩm sau khi ăn, trong khi calo tiêu thụ là lượng calo mà bạn sẽ đốt cháy.  Qúa trình tiêu thụ calo xảy ra khi quá trình trao đổi chất hoạt động, tiêu hóa và vận động. Cân nặng của bạn ổn định khi lượng calo nạp vào tương đương với calo tiêu thụ.  Do vậy, để giảm cân, bạn cần ăn ít calo hơn. Việc tính lượng calo cần thiết cho cơ thể trở nên quan trọng hơn bao giờ hết để xác định bạn sẽ cần bao nhiêu calo rồi cắt giảm đi để nhắm tới mục đích giảm cân.', '1'),
(3, 1, '#gay', 'Thực đơn tăng cân', 'Calo nạp vào là lượng calo bạn có được từ thức phẩm sau khi ăn, trong khi calo tiêu thụ là lượng calo mà bạn sẽ đốt cháy.  Qúa trình tiêu thụ calo xảy ra khi quá trình trao đổi chất hoạt động, tiêu hóa và vận động. Cân nặng của bạn ổn định khi lượng calo nạp vào tương đương với calo tiêu thụ.  Do vậy, để giảm cân, bạn cần ăn ít calo hơn. Việc tính lượng calo cần thiết cho cơ thể trở nên quan trọng hơn bao giờ hết để xác định bạn sẽ cần bao nhiêu calo rồi cắt giảm đi để nhắm tới mục đích giảm cân.', '1'),
(6, 1, '#ankieng', 'Bữa ăn sáng lành mạnh', 'Calo nạp vào là lượng calo bạn có được từ thức phẩm sau khi ăn, trong khi calo tiêu thụ là lượng calo mà bạn sẽ đốt cháy.  Qúa trình tiêu thụ calo xảy ra khi quá trình trao đổi chất hoạt động, tiêu hóa và vận động. Cân nặng của bạn ổn định khi lượng calo nạp vào tương đương với calo tiêu thụ.  Do vậy, để giảm cân, bạn cần ăn ít calo hơn. Việc tính lượng calo cần thiết cho cơ thể trở nên quan trọng hơn bao giờ hết để xác định bạn sẽ cần bao nhiêu calo rồi cắt giảm đi để nhắm tới mục đích giảm cân.', '1'),
(7, 1, '#giamcan', 'Bữa trưa khoẻ', 'Calo nạp vào là lượng calo bạn có được từ thức phẩm sau khi ăn, trong khi calo tiêu thụ là lượng calo mà bạn sẽ đốt cháy.  Qúa trình tiêu thụ calo xảy ra khi quá trình trao đổi chất hoạt động, tiêu hóa và vận động. Cân nặng của bạn ổn định khi lượng calo nạp vào tương đương với calo tiêu thụ.  Do vậy, để giảm cân, bạn cần ăn ít calo hơn. Việc tính lượng calo cần thiết cho cơ thể trở nên quan trọng hơn bao giờ hết để xác định bạn sẽ cần bao nhiêu calo rồi cắt giảm đi để nhắm tới mục đích giảm cân.', '1'),
(8, 1, '#giamcan', 'Bữa tối ít calo', 'Calo nạp vào là lượng calo bạn có được từ thức phẩm sau khi ăn, trong khi calo tiêu thụ là lượng calo mà bạn sẽ đốt cháy.  Qúa trình tiêu thụ calo xảy ra khi quá trình trao đổi chất hoạt động, tiêu hóa và vận động. Cân nặng của bạn ổn định khi lượng calo nạp vào tương đương với calo tiêu thụ.  Do vậy, để giảm cân, bạn cần ăn ít calo hơn. Việc tính lượng calo cần thiết cho cơ thể trở nên quan trọng hơn bao giờ hết để xác định bạn sẽ cần bao nhiêu calo rồi cắt giảm đi để nhắm tới mục đích giảm cân.', '1'),
(9, 2, 'cc', 'caa', 'cc', '0'),
(17, 1, 'xx', 'xxx', 'xxx', NULL),
(18, 1, 'dd1', 'sdsd', 'dd', NULL),
(19, 1, 'hsgg', 'fgfasd', 'shdhsg', NULL),
(20, 1, 'kjkj', 'sasg1', 'kjkj', NULL),
(21, 1, 'ww', 'kkkk', 'kkk', NULL),
(22, 1, 'hkj', 'shghgd', 'jhjhj', NULL),
(23, 1, 'dx', 'jjj', 'jjjj', NULL),
(24, 2, 'hgghg', 'sdudsuyuy', 'hghh', NULL),
(25, 1, 'das', 'sada', 'da', NULL),
(29, 2, 'hgshgdha', 'membertesst', 'gshhags', NULL),
(30, 1, 'hfgf', 'kjj', 'yjg', NULL),
(31, 1, 'gfgf', 'kkk', 'gvhvhg', NULL),
(32, 1, 'bnbnb', 'bnbn', 'nbnbn', NULL),
(36, 1, 'dqd', 'asdasdad', 'qwdq', NULL),
(37, 1, 'gffgfgf', 'hghgh', 'fgfgfgfg', NULL),
(38, 1, 'e', 'mmmmmmmmmmmm', 'ffffffffff', NULL),
(52, 1, '#beo', 'Thực đơn ăn kiêng cho nam', 'Calo nạp vào là lượng calo bạn có được từ thức phẩm sau khi ăn, trong khi calo tiêu thụ là lượng calo mà bạn sẽ đốt cháy.  Qúa trình tiêu thụ calo xảy ra khi quá trình trao đổi chất hoạt động, tiêu hóa và vận động. Cân nặng của bạn ổn định khi lượng calo nạp vào tương đương với calo tiêu thụ.  Do vậy, để giảm cân, bạn cần ăn ít calo hơn. Việc tính lượng calo cần thiết cho cơ thể trở nên quan trọng hơn bao giờ hết để xác định bạn sẽ cần bao nhiêu calo rồi cắt giảm đi để nhắm tới mục đích giảm cân.', '1'),
(54, 3, '121', 'bữa tối', '12', '0'),
(55, 3, '12', '121', '1212', '0'),
(56, 3, '', '', '', '0'),
(57, 3, '', '1', '', '0'),
(58, 1, '#beo', 'Thực đơn ăn kiêng cho nữ', 'Calo nạp vào là lượng calo bạn có được từ thức phẩm sau khi ăn, trong khi calo tiêu thụ là lượng calo mà bạn sẽ đốt cháy.  Qúa trình tiêu thụ calo xảy ra khi quá trình trao đổi chất hoạt động, tiêu hóa và vận động. Cân nặng của bạn ổn định khi lượng calo nạp vào tương đương với calo tiêu thụ.  Do vậy, để giảm cân, bạn cần ăn ít calo hơn. Việc tính lượng calo cần thiết cho cơ thể trở nên quan trọng hơn bao giờ hết để xác định bạn sẽ cần bao nhiêu calo rồi cắt giảm đi để nhắm tới mục đích giảm cân.', '1'),
(59, 3, 'da', 'da', 'da', '0'),
(60, 26, '#ankieng', 'Nộm bò khô', '', '0'),
(61, 26, '#beo', 'Ăn kiêng theo tiêu chuẩn Âu', '', '0');

-- --------------------------------------------------------

--
-- Cấu trúc bảng cho bảng `menu_product`
--

CREATE TABLE `menu_product` (
  `pm_Id` int(11) NOT NULL,
  `product_Id` int(11) NOT NULL,
  `menu_Id` int(11) NOT NULL
) ENGINE=InnoDB DEFAULT CHARSET=utf8mb4;

--
-- Đang đổ dữ liệu cho bảng `menu_product`
--

INSERT INTO `menu_product` (`pm_Id`, `product_Id`, `menu_Id`) VALUES
(17, 6, 30),
(20, 3, 30),
(21, 1, 29),
(22, 3, 29),
(23, 2, 31),
(24, 3, 31),
(25, 6, 31),
(26, 2, 31),
(27, 3, 31),
(28, 2, 31),
(29, 3, 31),
(30, 2, 31),
(31, 3, 31),
(59, 1, 36),
(60, 3, 36),
(61, 6, 36),
(62, 1, 37),
(63, 1, 37),
(64, 6, 37),
(65, 3, 38),
(152, 1, 59),
(153, 1, 55),
(154, 6, 55),
(162, 3, 6),
(163, 47, 6),
(166, 6, 7),
(167, 49, 7),
(170, 6, 8),
(171, 48, 8),
(172, 1, 52),
(173, 2, 52),
(174, 6, 52),
(175, 1, 58),
(176, 2, 58),
(177, 48, 58),
(186, 6, 60),
(187, 49, 60),
(188, 6, 61),
(189, 48, 61),
(190, 1, 2),
(191, 2, 2),
(192, 1, 3),
(193, 3, 3),
(194, 50, 3);

-- --------------------------------------------------------

--
-- Cấu trúc bảng cho bảng `posts`
--

CREATE TABLE `posts` (
  `post_Id` int(11) NOT NULL,
  `category_Id` int(11) NOT NULL,
  `user_Id` int(11) DEFAULT NULL,
  `title` varchar(255) CHARACTER SET utf8 NOT NULL,
  `image_Title` varchar(200) CHARACTER SET utf8 NOT NULL,
  `poster` varchar(255) CHARACTER SET utf8 NOT NULL,
  `author` varchar(255) CHARACTER SET utf8 NOT NULL,
  `short_Description` varchar(1000) CHARACTER SET utf8 NOT NULL,
  `detail_Descripton` mediumtext CHARACTER SET utf8 NOT NULL,
  `source` varchar(255) CHARACTER SET utf8 NOT NULL,
  `hashtag` varchar(50) NOT NULL,
  `status` varchar(50) NOT NULL,
  `modified_Date` varchar(255) CHARACTER SET utf8 NOT NULL,
  `creation_Date` varchar(255) CHARACTER SET utf8 NOT NULL
) ENGINE=InnoDB DEFAULT CHARSET=utf8mb4;

--
-- Đang đổ dữ liệu cho bảng `posts`
--

INSERT INTO `posts` (`post_Id`, `category_Id`, `user_Id`, `title`, `image_Title`, `poster`, `author`, `short_Description`, `detail_Descripton`, `source`, `hashtag`, `status`, `modified_Date`, `creation_Date`) VALUES
(1, 7, 1, 'Ảnh hưởng của chế độ ăn uống đến sức khỏe', 'https://i.imgur.com/jAoA5lj.jpeg', 'Lê Hằng (Theo SCMP) ', 'Lê Hằng (Theo SCMP) ', 'Patrick Blennerhassett bối rối khi mọi người xung quanh đều  nhâm nhi ly rượu còn mình thì không, cảm thấy mất tự tin không giống như trước đây. ', '<p>Cảm gi&aacute;c n&agrave;y xảy ra với Patrick trong thời gian đầu ngừng uống rượu. V&agrave;i tuần sau anh quen dần, c&oacute; thể tr&ograve; chuyện, tương t&aacute;c với mọi người tự nhi&ecirc;n hơn m&agrave; kh&ocirc;ng cần ly rượu tr&ecirc;n tay.</p>\n\n<p>Patrick l&agrave; một ph&oacute;ng vi&ecirc;n thể thao. Đầu th&aacute;ng 5, anh quyết định dừng uống rượu một thời gian để chuẩn bị tốt nhất cho giải chạy marathon tại Hong Kong v&agrave;o th&aacute;ng 2 năm sau.&nbsp;</p>\n\n<p>Những thay đổi đầu ti&ecirc;n anh cảm nhận được sau khi ngừng uống rượu l&agrave; thay đổi về mặt thể chất như ngủ ngon giấc, da khỏe hơn, c&acirc;n nặng được kiểm so&aacute;t. Anh cũng cảm thấy c&oacute; nhiều&nbsp;năng lượng hơn trong suốt cả ng&agrave;y.&nbsp;</p>\n\n<p>Điều khiến Patrick bất ngờ hơn cả l&agrave; những thay đổi t&iacute;ch cực về mặt tinh thần. Những thay đổi t&acirc;m l&yacute; của Patrick tuy nhỏ nhưng c&oacute; &yacute; nghĩa rất lớn. Sự tỉnh t&aacute;o đ&atilde; thay đổi to&agrave;n bộ con người Patrick, anh l&agrave;m việc năng suất hơn, kh&ocirc;ng c&ograve;n đắm ch&igrave;m trong những suy nghĩ ti&ecirc;u cực, tự thương hại bản th&acirc;n như trước kia. Anh n&oacute;i: &quot;T&ocirc;i vui hơn mỗi ng&agrave;y&quot;.</p>\n\n<div class=\"action_thumb flexbox\" style=\"display:none; opacity:1; transform-origin:0px 0px; transform:scale(1, 1); z-index:9\">&nbsp;</div>\n\n<div class=\"fig-picture\" style=\"padding-bottom:65.671641791045%; position:relative\"><!--[if IE 9]><video style=\"display: none;\"><![endif]--><!--[if IE 9]></video><![endif]--><img alt=\"Hình ảnh Patrick Blennerhassett tại buổi huấn luyện tại Happy Valley, Hong Kong. Ảnh: SCMP\" class=\"lazied lazy\" src=\"https://i1-suckhoe.vnecdn.net/2019/10/16/d91d5cb8-e65e-11e9-8a10-b9721f-9506-6578-1571219516.jpg?w=680&amp;h=0&amp;q=100&amp;dpr=1&amp;fit=crop&amp;s=kXC7HaAmJ4x8XIlCbDnPYg\" style=\"left:5px; position:absolute; width:660px\" /></div>\n\n<p>Patrick Blennerhassett tại buổi huấn luyện tại Happy Valley, Hong Kong. Ảnh: <em>SCMP</em></p>\n\n<p>Patrick n&oacute;i rằng trước đ&acirc;y t&igrave;m đến rượu bia để giải tỏa mỗi khi lo lắng, căng thẳng. Sau hơn 5 th&aacute;ng kh&ocirc;ng uống rượu, anh nhận thấy đồ uống c&oacute; cồn chỉ đơn giản khiến m&igrave;nh tạm dừng sự căng thẳng. Những suy nghĩ ti&ecirc;u cực kh&ocirc;ng được giải quyết triệt để, vẫn lu&ocirc;n quanh quẩn trong t&acirc;m tr&iacute; anh.&nbsp;&nbsp;</p>\n\n<p>B&acirc;y giờ anh đ&atilde; biết c&aacute;ch đối mặt, giải quyết những suy nghĩ ti&ecirc;u cực&nbsp;như mối quan hệ cũ, c&uacute; sốc từng rất kh&oacute; tho&aacute;t ra.&nbsp;Patrick cũng lấy lại được sự c&acirc;n bằng t&acirc;m l&yacute;. &quot;Khi kh&ocirc;ng c&ograve;n uống rượu, c&oacute; cảm gi&aacute;c như ai đ&oacute; đ&atilde; d&ugrave;ng giấy nh&aacute;m đ&aacute;nh v&agrave;o những bộ phận kh&ocirc; nh&aacute;m nhất trong cơ thể t&ocirc;i&quot;, Patrick chia sẻ.&nbsp;&quot;Tất nhi&ecirc;n, t&ocirc;i vẫn chưa thể l&agrave; một người ho&agrave;n hảo v&igrave; ngưng uống rượu. Nhưng chuyển từ say xỉn sang trạng th&aacute;i tỉnh t&aacute;o c&oacute; n&eacute;t g&igrave; đ&oacute; giống như mở được mật m&atilde; một tr&ograve; chơi điện tử&quot;.&nbsp;</p>\n\n<div class=\"action_thumb flexbox\" style=\"display:none; opacity:1; transform-origin:0px 0px; transform:scale(1, 1); z-index:9\">&nbsp;</div>\n\n<div class=\"fig-picture\" style=\"padding-bottom:104.4776119403%; position:relative\"><!--[if IE 9]><video style=\"display: none;\"><![endif]--><!--[if IE 9]></video><![endif]--><img alt=\"Patrick cảm nhận được những thay đổi tích cực về cả thể chất và tinh thần, không có ý định quay lại với bia rượu. Ảnh: SCMP \" class=\"lazied lazy\" src=\"https://i1-suckhoe.vnecdn.net/2019/10/16/666b48b2-e594-11e9-8a10-b9721f-7135-9740-1571219516.jpg?w=680&amp;h=0&amp;q=100&amp;dpr=1&amp;fit=crop&amp;s=iweU53ImuEQy3c0rXxfxPw\" style=\"left:76px; position:absolute; width:518px\" /></div>\n\n<p>Patrick cảm nhận được những thay đổi t&iacute;ch cực về cả thể chất v&agrave; tinh thần, dự định kh&ocirc;ng quay lại với bia rượu. Ảnh: <em>SCMP&nbsp;</em></p>\n\n<p>Anh th&uacute; nhận kh&ocirc;ng biết c&oacute; thể duy tr&igrave; quyết t&acirc;m ngừng uống rượu trong bao l&acirc;u. Song, với t&igrave;nh trạng mới của bản th&acirc;n, anh đang c&acirc;n nhắc những lợi &iacute;ch cơ thể nhận được nếu ngừng uống rượu m&atilde;i.&nbsp;</p>\n\n<p>&quot;T&ocirc;i sẽ quyết định ngay sau khi kết th&uacute;c giải marathon v&agrave;o th&aacute;ng 2 năm sau. Rất c&oacute; thể cốc rượu m&agrave; t&ocirc;i uống trước th&aacute;ng 5 sẽ l&agrave; cốc rượu cuối c&ugrave;ng trong đời&quot;, Patrick n&oacute;i.&nbsp;</p>\n\n<p>Theo <em>Viện Quốc gia về Lạm dụng Ma t&uacute;y v&agrave; Viện quốc gia về Lạm dụng Rượu v&agrave; Nghiện rượu Mỹ</em>, chỉ uống một lượng &iacute;t rượu, sức khỏe tinh thần con người cũng phải chịu những ảnh hưởng nhất định từ t&aacute;c động của cồn. N&oacute;i một c&aacute;ch đơn giản, n&atilde;o bắt đầu th&iacute;ch nghi với sự hiện diện của cồn v&agrave; tự điều chỉnh c&aacute;c tế b&agrave;o thần kinh, từ đ&oacute; t&aacute;c động ti&ecirc;u cực đến cảm x&uacute;c, động lực, lối tư duy v&agrave; khả năng ra quyết định.</p>\n\n<p style=\"text-align:right\"><strong>L&ecirc; Hằng </strong>(Theo <em>SCMP</em>)&nbsp;</p>\n', 'https://vnexpress.net/trai-nghiem-5-thang-ngung-uong-ruou-cua-mot-chang-trai-3997918.html', '#beo', '1', '31 thg 8 2020 21:34', '12'),
(2, 2, 1, 'Chế độ ăn uống ảnh hưởng đến thời điểm dậy thì của trẻ', 'https://i.imgur.com/0KK8Y5U.png', 'Nắng Mai', 'Nắng Mai', 'Thực tế, trẻ bước vào giai đoạn phát triển nào thì chế độ dinh dưỡng cần phải phù hợp với giai đoạn phát triển đó. Vì vậy để trẻ phát triển đúng với độ tuổi, cần xây dựng một chế độ ăn uống, sinh hoạt hợp lý và kiên trì điều chỉnh để hoãn tình trạng dậy thì sớm ở trẻ xảy ra.', '<div>\r\n<div class=\"VCSortableInPreviewMode alignLeft toc-list-headings\">\r\n<div class=\"toc-title\"><!-- react-text: 129 -->Nội dung<!-- /react-text --><!-- react-text: 130 -->:<!-- /react-text --></div>\r\n\r\n<ul>\r\n	<li><a href=\"#1-che-do-an-uong-co-gay-anh-huong-den-thoi-diem-day-thi-cua-tre-hay-khong\">1. Chế độ ăn uống c&oacute; g&acirc;y ảnh hưởng đến thời điểm dậy th&igrave; của trẻ hay kh&ocirc;ng?</a></li>\r\n	<li><a href=\"#2-khi-tre-day-thi-som-can-dieu-chinh-che-do-an-uong-nhu-the-nao\">2. Khi trẻ dậy th&igrave; sớm, cần điều chỉnh chế độ ăn uống như thế n&agrave;o?</a></li>\r\n	<li><a href=\"#3-giai-dap-sua-cong-thuc-co-gay-day-thi-som-o-tre\">3. Giải đ&aacute;p sữa c&ocirc;ng thức c&oacute; g&acirc;y dậy th&igrave; sớm ở trẻ</a></li>\r\n</ul>\r\n\r\n<p>&nbsp;</p>\r\n</div>\r\n\r\n<h2>1. Chế độ ăn uống c&oacute; g&acirc;y ảnh hưởng đến thời điểm dậy th&igrave; của trẻ hay kh&ocirc;ng?</h2>\r\n\r\n<p>C&oacute; một số nghi&ecirc;n cứu đ&atilde; chỉ ra rằng dậy th&igrave; ở trẻ v&agrave; chế độ dinh dưỡng c&oacute; mối li&ecirc;n quan đến nhau. Mối li&ecirc;n quan đ&oacute; khiến trẻ bị ảnh hưởng do chế độ ăn uống h&agrave;ng ng&agrave;y. Khi trẻ ăn lượng đạm động vật cao nhất khi bước v&agrave;o giai đoạn dậy th&igrave; 7 th&aacute;ng sau đ&oacute;. Trong khi đ&oacute; đối với những trẻ c&oacute; lượng đạm động vật cao nhất lại trải qua 7 th&aacute;ng trước đ&oacute;.</p>\r\n\r\n<p>Đ&acirc;y cũng l&agrave; nguy&ecirc;n nh&acirc;n khiến độ tuổi m&atilde;n kinh ở phụ nữ kh&aacute;c nhau do qu&aacute; tr&igrave;nh sử dụng chất xơ. Đối với phụ nữ từng sử dụng chất xơ cao hơn từ nhỏ l&agrave;m chậm qu&aacute; tr&igrave;nh m&atilde;n kinh hơn đối với những phụ nữ &iacute;t sử dụng chất xơ khi c&ograve;n nhỏ.</p>\r\n\r\n<p>Chế độ dinh dưỡng ở trẻ nhỏ c&ograve;n g&acirc;y ra t&igrave;nh trạng <a class=\"seo-suggest-link\" href=\"/beo-phi-o-tre.html\" target=\"_blank\" title=\"béo phì ở trẻ\">b&eacute;o ph&igrave; ở trẻ</a>. B&eacute;o ph&igrave; ở trẻ hiện nay ng&agrave;y c&agrave;ng c&oacute; xu hướng tăng cao. Điều n&agrave;y li&ecirc;n quan đến sự ph&aacute;t triển cơ xương cao hơn ở trẻ. Nghi&ecirc;n cứu cho kết quả khi trẻ 7 tuổi c&oacute; ảnh hưởng ph&aacute;t triển xương của trẻ 12 tuổi. B&eacute;o ph&igrave; c&ograve;n l&agrave;m trẻ bị thấp hơn so với dự t&iacute;nh chiều cao của trẻ khi trưởng th&agrave;nh. Ngo&agrave;i ra, điều n&agrave;y c&ograve;n l&agrave;m tăng sự ph&aacute;t triển của l&ocirc;ng mu, l&ocirc;ng n&aacute;ch v&agrave; đặc t&iacute;nh sinh dục kh&aacute;c của trẻ ở thời điểm dậy th&igrave;.</p>\r\n\r\n<p>Nếu chế độ ăn ở trẻ l&agrave; yếu tố c&oacute; thể thay đổi để ph&ugrave; hợp hơn đối với trẻ th&igrave; cần kiểm so&aacute;t v&agrave; thay đổi <a class=\"seo-suggest-link\" href=\"/che-do-an-uong.html\" target=\"_blank\" title=\"Chế độ ăn uống\">chế độ ăn uống</a> của trẻ để l&agrave;m thời điểm khởi ph&aacute;t dậy th&igrave; ở trẻ diễn ra muộn hơn, đ&uacute;ng với lứa tuổi.</p>\r\n\r\n<div><img alt=\"Chế độ ăn uống ảnh hưởng đến thời điểm dậy thì của trẻ - Ảnh 2.\" id=\"img_185273451348135936\" src=\"https://suckhoehangngay.mediacdn.vn/154880486097817600/2020/5/14/be-se-bi-thap-lun-sau-nay-khong-the-cao-duoc-neu-co-nhung-dac-diem-nay-cha-me-het-suc-chu-y-175442-15894366236201619873502.jpg\" style=\"max-width:100%\" title=\"Chế độ ăn uống ảnh hưởng đến thời điểm dậy thì của trẻ - Ảnh 2.\" /></div>\r\n\r\n<p>Kiểm tra trẻ để ph&aacute;t hiện t&igrave;nh trạng chế độ dinh dưỡng c&oacute; đang ph&ugrave; hợp với trẻ hay kh&ocirc;ng - Ảnh Internet</p>\r\n\r\n<h2>2. Khi trẻ dậy th&igrave; sớm, cần điều chỉnh chế độ ăn uống như thế n&agrave;o?</h2>\r\n\r\n<p>Việc điều chỉnh chế độ ăn của trẻ bằng c&aacute;ch c&acirc;n bằng lượng cung cấp thực phẩm cho trẻ cần đầy đủ dinh dưỡng nhưng kh&ocirc;ng được thừa qu&aacute; nhiều chất, những thực phẩm trẻ cần bổ sung cho cơ thể cần c&oacute; một lượng calo th&iacute;ch hợp đối với trẻ.</p>\r\n\r\n<p>Phụ huynh cần hướng dẫn trẻ c&aacute;ch nhận thức những loại thực phẩm, thức ăn n&ecirc;n ăn v&agrave; những loại thực phẩm n&ecirc;n hạn chế. C&oacute; thể x&acirc;y dựng cho trẻ suy nghĩ v&agrave; lựa chọn thực phẩm tốt, h&igrave;nh th&agrave;nh th&oacute;i quen ăn uống l&agrave;nh mạnh v&agrave; phong ph&uacute; c&aacute;c m&oacute;n ăn với lượng calo &iacute;t hơn.</p>\r\n\r\n<p>N&ecirc;n cho trẻ ăn nhiều rau củ, tr&aacute;i c&acirc;y gi&agrave;u c&aacute;c loại vitamin v&agrave; kho&aacute;ng chất. C&aacute;c sản phẩm từ ngũ cốc cũng được lựa chọn. Cần chuẩn bị bữa ăn gia đ&igrave;nh chu đ&aacute;o thay v&igrave; lựa chọn những loại thực phẩm mua sẵn từ b&ecirc;n ngo&agrave;i. Lựa chọn thực phẩm an to&agrave;n, c&oacute; nguồn gốc r&otilde; r&agrave;ng, tr&aacute;nh mua c&aacute;c loại thực phẩm kh&ocirc;ng r&otilde; nguồn gốc c&oacute; thể chứa hocmon tăng trưởng g&acirc;y ra những ảnh hưởng trực tiếp đến sinh l&yacute; v&agrave; qu&aacute; tr&igrave;nh dậy th&igrave; của trẻ.</p>\r\n\r\n<p>Hạn chế c&aacute;c loại thực phẩm chứa nhiều chất b&eacute;o, dầu mỡ, chi&ecirc;n r&aacute;n. C&aacute;c loại sữa cần lựa chọn cho trẻ loại sữa &iacute;t b&eacute;o hoặc kh&ocirc;ng b&eacute;o. Hạn chế cả đồ ngọt đối với trẻ, n&ecirc;n ăn ở mức độ hợp l&yacute;.</p>\r\n\r\n<p>Kh&ocirc;ng chỉ chế độ ăn uống m&agrave; c&ograve;n một v&agrave;i th&oacute;i quen c&oacute; thể t&aacute;c động đến qu&aacute; tr&igrave;nh dậy th&igrave; sớm của trẻ. Kh&ocirc;ng n&ecirc;n để tivi trong ph&ograve;ng ngủ của trẻ, kh&ocirc;ng n&ecirc;n để trẻ tiếp x&uacute;c với m&aacute;y t&iacute;nh, điện thoại, c&aacute;c tr&ograve; chơi điện tử đến qu&aacute; khuya.</p>\r\n\r\n<div><img alt=\"Chế độ ăn uống ảnh hưởng đến thời điểm dậy thì của trẻ - Ảnh 3.\" id=\"img_185273554439933952\" src=\"https://suckhoehangngay.mediacdn.vn/thumb_w/650/154880486097817600/2020/5/14/172939kham-nhi-15894366522481882710621.jpg\" style=\"max-width:100%\" title=\"Chế độ ăn uống ảnh hưởng đến thời điểm dậy thì của trẻ - Ảnh 3.\" /></div>\r\n\r\n<p>Cần c&oacute; chế độ ăn uống hợp l&yacute; đối với trẻ để l&agrave;m tr&igrave; ho&atilde;n qu&aacute; tr&igrave;nh <a class=\"seo-suggest-link\" href=\"/day-thi-som-o-tre.html\" target=\"_blank\" title=\"dậy thì sớm ở trẻ\">dậy th&igrave; sớm ở trẻ</a> - Ảnh Internet</p>\r\n\r\n<p>Ngo&agrave;i ra, c&aacute;c bậc phụ huynh c&oacute; thể khuyến kh&iacute;ch trẻ tham gia c&aacute;c hoạt động thể chất ph&ugrave; hợp đối với lứa tuổi v&agrave; h&igrave;nh th&agrave;nh th&oacute;i quen ngủ sớm, ngủ đủ giấc cho trẻ sẽ gi&uacute;p trẻ ph&aacute;t triển to&agrave;n diện về thể chất v&agrave; tinh thần. Khuyến kh&iacute;ch đối với trẻ đang ph&aacute;t triển dậy th&igrave; cần được ngủ đủ từ 9 đến 12 tiếng mỗi ng&agrave;y.</p>\r\n\r\n<h2>3. Giải đ&aacute;p sữa c&ocirc;ng thức c&oacute; g&acirc;y dậy th&igrave; sớm ở trẻ</h2>\r\n\r\n<p>Bản chất sữa c&ocirc;ng thức tr&ecirc;n thị trường hiện nay c&oacute; rất nhiều loại tuy nhi&ecirc;n đa số đều l&agrave; c&aacute;c loại từ sữa b&ograve;. C&aacute;c <a class=\"seo-suggest-link\" href=\"/hormone-tang-truong.html\" target=\"_blank\" title=\"hormone tăng trưởng\">hormone tăng trưởng</a> trong sữa c&oacute; cấu tạo ph&ugrave; hợp đối với sự ph&aacute;t triển của b&ograve;. Do đ&oacute;, khi trẻ uống sữa c&ocirc;ng thức th&igrave; hormone tăng trưởng kh&ocirc;ng c&oacute; t&aacute;c dụng.</p>\r\n\r\n<p>V&igrave; thế, điều n&agrave;y l&yacute; giải rằng sữa c&ocirc;ng thức hay sữa tươi đều kh&ocirc;ng phải nguy&ecirc;n nh&acirc;n khiến trẻ dậy th&igrave; sớm n&ecirc;n c&aacute;c bậc phụ huynh c&oacute; thể y&ecirc;n t&acirc;m cho trẻ sử dụng sữa m&agrave; kh&ocirc;ng c&ograve;n lo ngại.</p>\r\n\r\n<p>Đối với trẻ giai đoạn dậy th&igrave; của trẻ cần c&oacute; chế độ dinh dưỡng hợp l&yacute; gi&uacute;p tăng cường vận động, gi&uacute;p trẻ r&egrave;n luyện sức khỏe v&agrave; c&oacute; lợi &iacute;ch cho việc trau dồi kỹ năng sống của trẻ về sau. Ngo&agrave;i ra việc tu&acirc;n thủ những liệu ph&aacute;p điều trị sẽ gi&uacute;p trẻ cải thiện c&aacute;c triệu chứng v&agrave; ổn định về mặt t&acirc;m l&yacute; để trẻ tiếp nhận qu&aacute; tr&igrave;nh dậy th&igrave; một c&aacute;ch chủ động.</p>\r\n\r\n<p><a href=\"/thap-hon-ban-be-cung-trang-lua-co-the-la-do-anh-huong-cua-day-thi-som-20180812095538681.htm\" title=\"Thấp hơn bạn bè cùng trang lứa có thể là do ảnh hưởng của dậy thì sớm\" type=\"link_a\">Thấp hơn bạn b&egrave; c&ugrave;ng trang lứa c&oacute; thể l&agrave; do ảnh hưởng của dậy th&igrave; sớm</a></p>\r\n</div>\r\n', 'https://suckhoehangngay.vn/che-do-an-uong-anh-huong-den-thoi-diem-day-thi-cua-tre-20200514131450048.htm', '#gay', '1', '29 thg 8 2020 08:36', '22 thg 7'),
(3, 3, NULL, 'Chế độ ăn uống tốt có liên quan đến giáo dục', 'https://i.imgur.com/aiN0lSg.jpg', 'Theo: Cloudy Sky / Medicalxpress', 'Theo: Cloudy Sky / Medicalxpress', 'Theo nghiên cứu mới kiểm tra dữ liệu dinh dưỡng châu Âu, tình trạng giáo dục dường như có ảnh hưởng tích cực đến chế độ ăn uống lành mạnh, đặc biệt là ở các nước thu nhập thấp.', '<div class=\"category_top\">\r\n<p>Theo nghi&ecirc;n cứu mới kiểm tra dữ liệu dinh dưỡng ch&acirc;u &Acirc;u, t&igrave;nh trạng gi&aacute;o dục dường như c&oacute; ảnh hưởng t&iacute;ch cực đến chế độ ăn uống l&agrave;nh mạnh, đặc biệt l&agrave; ở c&aacute;c nước thu nhập thấp.</p>\r\n</div>\r\n\r\n<p style=\"text-align:justify\">Sử dụng dữ liệu quốc gia tr&ecirc;n 27.334 c&aacute; nh&acirc;n từ 12 quốc gia ch&acirc;u &Acirc;u, c&aacute;c nh&agrave; nghi&ecirc;n cứu tại Đại học Leeds, phối hợp với Văn ph&ograve;ng khu vực ch&acirc;u &Acirc;u của Tổ chức Y tế thế giới (WHO Ch&acirc;u &Acirc;u), đ&atilde; kiểm tra sự tương t&aacute;c giữa t&igrave;nh trạng kinh tế x&atilde; hội, gi&aacute;o dục v&agrave; chế độ ăn uống.<br />\r\n<br />\r\nNghi&ecirc;n cứu của họ, được c&ocirc;ng bố tr&ecirc;n PLOS ONE, lần đầu ti&ecirc;n cho thấy t&igrave;nh trạng gi&aacute;o dục cao dường như c&oacute; ảnh hưởng đến chế độ ăn ngh&egrave;o dinh dưỡng hơn ở c&aacute;c nước ch&acirc;u &Acirc;u c&oacute; thu nhập thấp. Khi tr&igrave;nh độ học vấn c&aacute; nh&acirc;n tăng l&ecirc;n, lượng dinh dưỡng được khuyến kh&iacute;ch như l&agrave; một phần của chế độ ăn uống l&agrave;nh mạnh, đặc biệt l&agrave; sắt v&agrave; folate tổng hợp cũng tăng theo.</p>\r\n\r\n<div class=\"text-wrap tlid-copy-target\">\r\n<div class=\"result-shield-container tlid-copy-target\" style=\"text-align:justify\">Những ph&aacute;t hiện n&agrave;y đ&atilde; n&ecirc;u bật sự cần thiết của c&aacute;c ch&iacute;nh s&aacute;ch mạnh mẽ nhằm hỗ trợ dinh dưỡng tốt, ưu ti&ecirc;n c&aacute;c nh&oacute;m gi&aacute;o dục thấp hơn.</div>\r\n\r\n<div class=\"result-shield-container tlid-copy-target\" style=\"text-align:justify\">&nbsp;</div>\r\n\r\n<div class=\"result-shield-container tlid-copy-target\" style=\"text-align:justify\"><img alt=\"iStock_000024654434Small_014_21_13_000000\" src=\"https://media.kenhhot.vn/image/2020/05/08/iStock_000024654434Small_014_21_13_000000.jpg\" style=\"height:480px; width:750px\" title=\"iStock_000024654434Small_014_21_13_000000\" /><br />\r\n<br />\r\nChế độ ăn uống k&eacute;m v&agrave; suy dinh dưỡng li&ecirc;n quan đến c&aacute;c bệnh kh&ocirc;ng l&acirc;y nhiễm, nhưng lại l&agrave; c&aacute;c vấn đề sức khỏe lớn tr&ecirc;n khắp ch&acirc;u &Acirc;u, chẳng hạn như b&eacute;o ph&igrave;, tăng huyết &aacute;p v&agrave; bệnh tim mạch. Năm 2018, 59% người trưởng th&agrave;nh ở khu vực WHO Ch&acirc;u &Acirc;u bị thừa c&acirc;n hoặc b&eacute;o ph&igrave; v&agrave; c&aacute;c bệnh kh&ocirc;ng truyền nhiễm l&agrave; nguy&ecirc;n nh&acirc;n h&agrave;ng đầu g&acirc;y tử vong, bệnh tật v&agrave; t&agrave;n tật trong khu vực.<br />\r\n<br />\r\nTổ chức Y tế Thế giới khuyến kh&iacute;ch c&aacute;c nước tiến h&agrave;nh khảo s&aacute;t chế độ ăn uống quốc gia để thu thập dữ liệu để th&ocirc;ng b&aacute;o c&aacute;c ch&iacute;nh s&aacute;ch y tế c&ocirc;ng cộng gi&uacute;p ngăn ngừa c&aacute;c bệnh đ&oacute;.<br />\r\n<br />\r\nC&ocirc;ng tr&igrave;nh n&agrave;y lần đầu ti&ecirc;n kết hợp dữ liệu khảo s&aacute;t chế độ ăn uống quốc gia từ c&aacute;c quốc gia th&agrave;nh vi&ecirc;n ch&acirc;u &Acirc;u của WHO trải rộng khắp c&aacute;c khu vực của ch&acirc;u &Acirc;u. N&oacute; cung cấp bộ dữ liệu khảo s&aacute;t chế độ ăn uống điển h&igrave;nh lớn nhất Ch&acirc;u &Acirc;u, cung cấp một nguồn bằng chứng quan trọng để l&agrave;m căn cứ cho c&aacute;c ch&iacute;nh s&aacute;ch.</div>\r\n\r\n<div class=\"result-shield-container tlid-copy-target\" style=\"text-align:justify\">&nbsp;</div>\r\n\r\n<div class=\"result-shield-container tlid-copy-target\">\r\n<div class=\"text-wrap tlid-copy-target\">\r\n<div class=\"result-shield-container tlid-copy-target\" style=\"text-align:justify\">T&aacute;c giả ch&iacute;nh Tiến sĩ Holly Rippin đ&atilde; bắt đầu nghi&ecirc;n cứu n&agrave;y c&ugrave;ng l&uacute;c với một nh&agrave; nghi&ecirc;n cứu sau đại học tại Trường Khoa học Thực phẩm v&agrave; Dinh dưỡng tại Leeds, hiện l&agrave; cố vấn của WHO. B&agrave; n&oacute;i: &quot;Nghi&ecirc;n cứu của ch&uacute;ng t&ocirc;i cho thấy thu nhập quốc d&acirc;n v&agrave; chất lượng của chế độ ăn uống dường như c&oacute; mối li&ecirc;n hệ v&agrave; gi&aacute;o dục c&oacute; thể bảo vệ chống lại một số t&aacute;c động ti&ecirc;u cực l&acirc;u d&agrave;i của chế độ dinh dưỡng k&eacute;m đối với sức khỏe to&agrave;n d&acirc;n.<br />\r\n<br />\r\n&quot;C&aacute;c chiến lược hỗ trợ gi&aacute;o dục ở c&aacute;c nh&oacute;m gi&aacute;o dục thấp hơn v&agrave; c&aacute;c nước thu nhập thấp hơn c&oacute; thể c&oacute; hiệu quả trong việc cải thiện dinh dưỡng, đặc biệt l&agrave; ở c&aacute;c nh&oacute;m .&quot;<br />\r\n<br />\r\nĐồng t&aacute;c giả Janet Cade, gi&aacute;o sư dịch tễ học dinh dưỡng v&agrave; sức khỏe cộng đồng tại Leeds, cho biết: &quot;Đ&acirc;y l&agrave; một nỗ lực hợp t&aacute;c tuyệt vời giữa 12 quốc gia ch&acirc;u &Acirc;u. Ch&uacute;ng t&ocirc;i hy vọng rằng c&aacute;c nh&agrave; hoạch định ch&iacute;nh s&aacute;ch tr&ecirc;n khắp ch&acirc;u &Acirc;u sẽ sử dụng th&ocirc;ng tin n&agrave;y trong tương lai v&agrave; ưu ti&ecirc;n những nh&oacute;m dễ bị tổn thương n&agrave;y. &quot;</div>\r\n</div>\r\n</div>\r\n</div>\r\n<!--News Share-->\r\n\r\n<div class=\"align-items-center d-flex news_share\">\r\n<div class=\"news_share_buttons\">&nbsp;</div>\r\n</div>\r\n\r\n<div class=\"related_news section_block\"><!-- Box Tin cung chuyen muc --></div>\r\n', 'https://kenhhot.vn/suc-khoe/che-do-an-uong-tot-co-lien-quan-den-giao-duc-25149.html', '#giamcan', '1', '29 thg 8 2020 09:17', '16 thg 8'),
(4, 7, NULL, 'Kiểm tra thể chất định kỳ gồm những gì?', 'https://i.imgur.com/Jv4Iyez.png', 'Không rõ', 'Không rõ', 'Kiểm tra thể chất định kỳ là phương pháp tốt nhất để mỗi người tự bảo vệ sức khỏe của chính mình.', '<div class=\"block-content cms\">\n<div>\n<div class=\"rich-text\">\n<h2>1. Tổng qu&aacute;t về kiểm tra thể chất định kỳ</h2>\n</div>\n</div>\n\n<div class=\"rich-text\">\n<p><strong>Kiểm tra thể chất định kỳ</strong> l&agrave; phương ph&aacute;p bảo vệ sức khỏe hiệu quả, gi&uacute;p ph&aacute;t hiện c&aacute;c bệnh l&yacute; nghi&ecirc;m trọng như ung thư, tim mạch, tiểu đường,...ở giai đoạn sớm để điều trị, can thiệp kịp thời, trước khi ch&uacute;ng ảnh hưởng nghi&ecirc;m trọng đến cơ thể. <strong>Kiểm tra thể chất</strong> c&ograve;n gi&uacute;p đề ph&ograve;ng c&aacute;c nguy cơ bệnh tật c&oacute; thể xảy ra trong tương lai, b&aacute;c sĩ v&agrave; bạn sẽ c&ugrave;ng nhau thảo luận về <a href=\"https://www.vinmec.com/vi/vac-xin/kien-thuc-tiem-chung/loi-ich-cua-vac-xin-va-tiem-chung/\"><strong>ti&ecirc;m ph&ograve;ng vắc-xin</strong>,</a> tập luyện thể lực, thay đổi chế độ ăn, lối sống, c&aacute;ch l&agrave;m việc để ngăn ngừa bệnh tật c&oacute; thể xảy ra.</p>\n\n<p><strong>Kiểm tra thể chất</strong> sẽ gi&uacute;p b&aacute;c sĩ đ&aacute;nh gi&aacute; cơ thể bạn đang hoạt động như thế n&agrave;o. Kh&ocirc;ng c&oacute; một quy tr&igrave;nh kiểm tra sức khỏe chung cho tất cả mọi người m&agrave; t&ugrave;y thuộc v&agrave;o giới t&iacute;nh, độ tuổi, tiền sử sức khỏe bản th&acirc;n v&agrave; gia đ&igrave;nh, ngo&agrave;i những mục bắt buộc phải c&oacute;, b&aacute;c sĩ sẽ tập trung th&ecirc;m v&agrave;o một số lĩnh vực nhất định. V&iacute; dụ, nếu bạn c&oacute; tiền sử gia đ&igrave;nh mắc bệnh tim mạch, bạn sẽ được kiểm tra huyết &aacute;p, <a href=\"https://www.vinmec.com/vi/tin-tuc/thong-tin-suc-khoe/tim-mach/cac-kieu-sieu-am-tim/\"><strong>si&ecirc;u &acirc;m tim</strong></a>, x&eacute;t nghiệm kiểm tra cholesterol m&aacute;u, đường huyết,...</p>\n</div>\n\n<h2>2. Kiểm tra thể chất định kỳ gồm những g&igrave;?</h2>\n\n<div class=\"rich-text\">\n<p>Một b&agrave;i <strong>kiểm tra thể chất định kỳ</strong> th&ocirc;ng thường sẽ bao gồm những phần sau đ&acirc;y:</p>\n\n<p><strong>2.1. B&aacute;c sĩ cập nhật t&igrave;nh trạng sức khỏe của người kh&aacute;m sức khỏe</strong></p>\n\n<p>Nhằm cập nhật t&igrave;nh trạng sức khỏe của bạn, b&aacute;c sĩ c&oacute; thể hỏi bạn những c&acirc;u hỏi về c&ocirc;ng việc, chế độ ăn uống, <a href=\"https://www.vinmec.com/vi/tin-tuc/thong-tin-suc-khoe/tap-the-duc-chon-sang-hay-toi/\"><strong>tập thể dục</strong></a>, c&aacute;c loại thuốc đ&atilde; sử dụng, bạn c&oacute; h&uacute;t thuốc, uống rượu qu&aacute; mức, c&oacute; bị dị ứng hoặc c&oacute; thực hiện bất kỳ cuộc phẫu thuật n&agrave;o trong thời gian gần đ&acirc;y. B&aacute;c sĩ cũng sẽ kiểm tra t&igrave;nh trạng ti&ecirc;m chủng của bạn v&agrave; cập nhật lịch sử y tế c&aacute; nh&acirc;n v&agrave; gia đ&igrave;nh của bạn.</p>\n\n<p>Nếu bạn cảm thấy cơ thể c&oacute; dấu hiệu bất ổn, bạn n&ecirc;n tr&igrave;nh b&agrave;y r&otilde; với b&aacute;c sĩ, điều n&agrave;y rất quan trọng, b&aacute;c sĩ c&oacute; thể chỉ định th&ecirc;m c&aacute;c kh&aacute;m chuy&ecirc;n khoa, x&eacute;t nghiệm đặc hiệu để kiểm tra t&igrave;nh h&igrave;nh sức khỏe.</p>\n</div>\n<img alt=\"Người đồng tính nữ nên khám sức khỏe định kỳ\" class=\"full uploaded\" src=\"https://vinmec-prod.s3.amazonaws.com/images/20190615_063954_875590_nguoi-dong-tinh-nu-.max-1800x1800.jpg\" />\n<div class=\"rich-text\">B&aacute;c sĩ c&oacute; thể hỏi những c&acirc;u hỏi về c&ocirc;ng việc, chế độ ăn uống...</div>\n\n<div class=\"rich-text\">\n<p>&nbsp;</p>\n\n<p><strong>2.2. Kh&aacute;m c&aacute;c dấu hiệu sinh tồn</strong></p>\n\n<p>Kh&aacute;m c&aacute;c dấu hiệu sinh tồn trong <strong>kh&aacute;m thể chất</strong> bao gồm đo huyết &aacute;p, kiểm tra nhịp tim, nhịp h&ocirc; hấp v&agrave; đo th&acirc;n nhiệt.</p>\n\n<ul>\n	<li>Huyết &aacute;p: một người c&oacute; huyết &aacute;p b&igrave;nh thường nếu số đo huyết &aacute;p dưới 120/80mmHg. Nếu huyết &aacute;p cao hơn mức n&agrave;y, t&ugrave;y v&agrave;o số đo huyết &aacute;p sẽ được ph&acirc;n loại th&agrave;nh tiền <a href=\"https://www.vinmec.com/vi/benh/tang-huyet-ap-3089/\"><strong>tăng huyết &aacute;p</strong></a>, tăng huyết &aacute;p độ 1, tăng huyết &aacute;p độ 2,...</li>\n	<li>Nhịp tim: nhịp tim người b&igrave;nh thường từ 60-100 nhịp/ph&uacute;t. Tuy nhi&ecirc;n, vẫn c&oacute; nhiều người khỏe mạnh c&oacute; nhịp tim chậm hơn 60 nhịp/ph&uacute;t.</li>\n	<li>Nhịp thở: người b&igrave;nh thường khỏe mạnh thường c&oacute; nhịp thở từ 12 đến 16 nhịp trong một ph&uacute;t. Người h&iacute;t thở hơn 20 lần mỗi ph&uacute;t c&oacute; thể mắc c&aacute;c bệnh l&yacute; tim phổi.</li>\n	<li>Th&acirc;n nhiệt: th&acirc;n nhiệt cơ thể b&igrave;nh thường ở khoảng 37 độ C (hoặc (8.6 độ F), nhưng đ&ocirc;i khi th&acirc;n nhiệt của một người b&igrave;nh thường c&oacute; thể cao hoặc thấp hơn một ch&uacute;t.</li>\n</ul>\n\n<p><strong>2.3. Kh&aacute;m tổng qu&aacute;t</strong></p>\n\n<ul>\n	<li>Quan s&aacute;t tổng thể: b&aacute;c sĩ c&oacute; thể thu thập một lượng lớn th&ocirc;ng tin về t&igrave;nh h&igrave;nh sức khỏe th&ocirc;ng qua quan s&aacute;t v&agrave; n&oacute;i chuyện với bạn. Bạn c&oacute; dễ d&agrave;ng đứng l&ecirc;n v&agrave; đi bộ kh&ocirc;ng? L&agrave;n da của bạn tr&ocirc;ng c&oacute; khỏe mạnh kh&ocirc;ng? Phản ứng của bạn khi n&oacute;i chuyện cũng phản &aacute;nh sự nhanh nhạy v&agrave; khả năng ghi nhớ.</li>\n	<li>Kh&aacute;m tim: b&aacute;c sĩ sẽ d&ugrave;ng ống nghe để nghe tiếng tim của bạn. Qua nghe tim, b&aacute;c sĩ c&oacute; thể ph&aacute;t hiện nhịp tim kh&ocirc;ng đều, tiếng thổi của tim hoặc c&aacute;c dấu hiệu kh&aacute;c nghi ngờ bạn đang c&oacute; vấn đề tim mạch.</li>\n	<li>Kh&aacute;m phổi: b&aacute;c sĩ sẽ d&ugrave;ng ống nghe để nghe phổi. Nếu ph&aacute;t hiện những tiếng phổi bất thường như <strong>ran phế quản</strong>, ran nổ, cọ m&agrave;ng phổi, r&iacute;t thanh quản,..c&oacute; thể phổi của bạn đang c&oacute; vấn đề bất thường.</li>\n	<li>Kh&aacute;m tổng qu&aacute;t đầu v&agrave; cổ: b&aacute;c sĩ c&oacute; thể y&ecirc;u cầu bạn mở miệng rộng (n&oacute;i &ldquo;ah&rdquo;) để quan s&aacute;t cổ họng v&agrave; amidan. B&aacute;c sĩ cũng sẽ quan s&aacute;t răng, nướu để đ&aacute;nh gi&aacute; sức khỏe răng miệng. Ngo&agrave;i ra, b&aacute;c sĩ sẽ kiểm tra tổng qu&aacute;t tai, mũi, xoang, mắt, <a href=\"https://www.vinmec.com/vi/tin-tuc/thong-tin-suc-khoe/suc-khoe-tong-quat/hach-bach-huyet-la-gi-vai-tro-cau-tao/\"><strong>hạch bạch huyết</strong></a>, tuyến gi&aacute;p v&agrave; động mạch cảnh.</li>\n	<li>Kh&aacute;m bụng: b&aacute;c sĩ c&oacute; thể sử dụng c&aacute;c kỹ thuật như g&otilde;, sờ v&agrave;o bụng của bạn để ph&aacute;t hiện k&iacute;ch thước gan v&agrave; sự hiện diện của dịch bụng, lắng nghe &acirc;m thanh ruột bằng ống nghe,...</li>\n	<li>Kh&aacute;m thần kinh: nhằm đ&aacute;nh gi&aacute; sức khỏe thần kinh, khả năng điều khiển thần kinh đối với cơ bắp, phản xạ thần kinh, khả năng giữ c&acirc;n bằng,...</li>\n	<li>Kh&aacute;m da liễu: nhằm ph&aacute;t hiện những bất thường ở da, m&oacute;ng, những bất thường n&agrave;y c&oacute; thể do c&aacute;c bệnh l&yacute; về da liễu hoặc c&oacute; thể l&agrave; dấu hiệu của bệnh l&yacute; của một cơ quan kh&aacute;c trong cơ thể.</li>\n</ul>\n</div>\n<img alt=\"dấu hiệu cần đưa trẻ đi khám tim mạch\" class=\"full uploaded\" src=\"https://vinmec-prod.s3.amazonaws.com/images/20190804_123118_175432_kham-tim-mach-cho-t.max-1800x1800.jpg\" />\n<div class=\"rich-text\">Qua nghe tim, b&aacute;c sĩ c&oacute; thể ph&aacute;t hiện nhịp tim kh&ocirc;ng đều, tiếng thổi của tim hoặc c&aacute;c dấu hiệu kh&aacute;c nghi ngờ</div>\n\n<div class=\"rich-text\">\n<p>&nbsp;</p>\n\n<p><strong>2.3.1. Phần kiểm tra thể chất d&agrave;nh ri&ecirc;ng cho nam giới</strong></p>\n\n<p>Đối với nam giới, <strong>kh&aacute;m thể chất</strong> c&ograve;n c&oacute; thể bao gồm:</p>\n\n<ul>\n	<li>Kh&aacute;m tinh ho&agrave;n: b&aacute;c sĩ sẽ kiểm tra tinh ho&agrave;n xem c&oacute; t&igrave;nh trạng sưng, đau hay thay đổi k&iacute;ch thước,... nhằm ph&aacute;t hiện c&aacute;c bệnh l&yacute; về tinh ho&agrave;n như <a href=\"https://www.vinmec.com/vi/benh/viem-tinh-hoan-2958/\"><strong>vi&ecirc;m tinh ho&agrave;n</strong></a>, <a href=\"https://www.vinmec.com/vi/benh/viem-mao-tinh-hoan-3048/\"><strong>vi&ecirc;m m&agrave;o tinh ho&agrave;n</strong></a>, <a href=\"https://www.vinmec.com/vi/tin-tuc/thong-tin-suc-khoe/chan-doan-va-dieu-tri-xoan-tinh-hoan/\"><strong>xoắn tinh ho&agrave;n</strong></a>, <a href=\"https://www.vinmec.com/vi/tin-tuc/thong-tin-suc-khoe/ung-buou-xa-tri/chan-doan-ung-thu-tinh-hoan/\"><strong>ung thư tinh ho&agrave;n</strong></a>,...</li>\n	<li>Kh&aacute;m dương vật:, b&aacute;c sĩ c&oacute; thể ph&aacute;t hiện nam giới mắc c&aacute;c <a href=\"https://www.vinmec.com/vi/tin-tuc/thong-tin-suc-khoe/cac-benh-lay-qua-duong-tinh-duc-la-nhung-benh-nao/\"><strong>bệnh l&yacute; l&acirc;y qua đường t&igrave;nh dục</strong></a> th&ocirc;ng qua mụn c&oacute;c hoặc lo&eacute;t tr&ecirc;n dương vật</li>\n	<li>Kh&aacute;m tuyến tiền liệt: b&aacute;c sĩ sẽ đưa ng&oacute;n tay v&agrave;o trực tr&agrave;ng để kh&aacute;m tuyến tiền liệt nhằm ph&aacute;t hiện dấu hiệu của c&aacute;c bệnh l&yacute; như <a href=\"https://www.vinmec.com/vi/benh/phi-dai-tien-liet-tuyen-2930/\"><strong>ph&igrave; đại tuyến tiền liệt</strong></a>, <a href=\"https://www.vinmec.com/vi/benh/viem-tuyen-tien-liet-2927/\"><strong>vi&ecirc;m tuyến tiền liệt</strong></a>, <a href=\"https://www.vinmec.com/vi/tin-tuc/thong-tin-suc-khoe/tim-hieu-ung-thu-tien-liet-tuyen/\"><strong>ung thư tuyến tiền liệt</strong></a>,...</li>\n	<li>Kh&aacute;m tho&aacute;t vị bẹn: b&aacute;c sĩ sẽ đeo găng tay để thăm kh&aacute;m điểm yếu ở th&agrave;nh bụng giữa ruột v&agrave; b&igrave;u nhằm ph&aacute;t hiện c&oacute; sự xuất hiện của khối tho&aacute;t vị hay kh&ocirc;ng, t&iacute;nh chất mật độ khối tho&aacute;t vị như thế n&agrave;o, c&oacute; căng hay kh&ocirc;ng,...</li>\n</ul>\n\n<p><strong>2.3.2. Phần kh&aacute;m thể chất định kỳ d&agrave;nh ri&ecirc;ng cho nữ</strong></p>\n\n<ul>\n	<li>Kh&aacute;m v&uacute;: b&aacute;c sĩ sẽ kiểm tra v&uacute;, n&uacute;m v&uacute;, c&aacute;c hạch bạch huyết ở v&ugrave;ng dưới c&aacute;nh tay,... để ph&aacute;t hiện sớm c&aacute;c bệnh l&yacute; về v&uacute;, đặc biệt l&agrave; <a href=\"https://www.vinmec.com/vi/tin-tuc/thong-tin-suc-khoe/ung-thu-vu-dau-hieu-nguyen-nhan-cach-phong-tranh-va-dieu-tri/\"><strong>ung thư v&uacute;</strong></a>.</li>\n	<li>Kh&aacute;m phụ khoa v&ugrave;ng chậu: gồm kiểm tra &acirc;m hộ, &acirc;m đạo, cổ tử cung, tử cung v&agrave; buồng trứng nhằm ph&aacute;t hiện c&aacute;c vi&ecirc;m nhiễm phụ khoa, c&aacute;c bệnh l&yacute; ở cơ quan sinh dục nữ. C&aacute;c <a href=\"https://www.vinmec.com/vi/tin-tuc/thong-tin-suc-khoe/sang-loc-ung-thu-co-tu-cung/\"><strong>x&eacute;t nghiệm Pap</strong></a> v&agrave; <a href=\"https://www.vinmec.com/vi/tin-tuc/thong-tin-suc-khoe/tim-hieu-xet-nghiem-xac-dinh-virus-hpv/\"><strong>x&eacute;t nghiệm HPV</strong></a> c&oacute; thể được chỉ định thực hiện nhằm s&agrave;ng lọc <a href=\"https://www.vinmec.com/vi/benh/ung-thu-co-tu-cung-3035/\"><strong>ung thư cổ tử cung</strong></a>.</li>\n</ul>\n</div>\n<img alt=\"Siêu âm đầu dò khám phụ khoa\" class=\"full uploaded\" src=\"https://vinmec-prod.s3.amazonaws.com/images/20190928_094320_318193_sieu-am-dau-do-kham.max-1800x1800.jpg\" />\n<div class=\"rich-text\">Phần kh&aacute;m thể chất định kỳ d&agrave;nh ri&ecirc;ng cho nữ</div>\n\n<div class=\"rich-text\">\n<p>&nbsp;</p>\n\n<p><strong>2.4. C&aacute;c x&eacute;t nghiệm cận l&acirc;m s&agrave;ng</strong></p>\n\n<p>C&aacute;c x&eacute;t nghiệm thường được chỉ định thực hiện trong <strong>kiểm tra thể chất định kỳ</strong> gồm:</p>\n\n<ul>\n	<li><a href=\"https://www.vinmec.com/vi/tin-tuc/thong-tin-suc-khoe/nhung-dieu-can-biet-ve-xet-nghiem-cong-thuc-mau/\"><strong>X&eacute;t nghiệm c&ocirc;ng thức m&aacute;u</strong></a></li>\n	<li><a href=\"https://www.vinmec.com/vi/tin-tuc/thong-tin-suc-khoe/suc-khoe-tong-quat/xet-nghiem-sinh-hoa-mau-la-gi/\"><strong>X&eacute;t nghiệm sinh h&oacute;a m&aacute;u</strong></a></li>\n	<li><strong>X&eacute;t nghiệm nước tiểu</strong></li>\n</ul>\n\n<p>Ngo&agrave;i ra, Hiệp hội tim mạch Hoa Kỳ khuyến c&aacute;o n&ecirc;n thực hiện x&eacute;t nghiệm cholesterol m&aacute;u mỗi 4-6 năm. Tuy nhi&ecirc;n, nếu bạn c&oacute; c&aacute;c yếu tố nguy cơ mắc bệnh tim mạch, b&aacute;c sĩ sẽ chỉ định x&eacute;t nghiệm định lượng cholesterol m&aacute;u thường xuy&ecirc;n hơn.</p>\n\n<p>Nếu bạn thừa c&acirc;n hoặc c&oacute; c&aacute;c yếu tố nguy cơ của <a href=\"https://www.vinmec.com/vi/tin-tuc/thong-tin-suc-khoe/co-ra-sao-khi-mac-benh-tieu-duong/\"><strong>bệnh tiểu đường</strong></a>, b&aacute;c sĩ sẽ chỉ định x&eacute;t nghiệm đường m&aacute;u. Hiệp hội tiểu đường Hoa Kỳ khuyến c&aacute;o tất cả người trưởng th&agrave;nh sau 45 tuổi đều cần kiểm tra định kỳ đường huyết, bất kể c&acirc;n nặng.</p>\n</div>\n\n<div id=\"read-more-div\">ĐỌC TIẾP</div>\n\n<h2>4. Một số lưu &yacute; trong kiểm tra thể chất định kỳ</h2>\n\n<div class=\"abtest-hidden-elm rich-text\">\n<p>&nbsp;</p>\n\n<p>N&ecirc;n bắt đầu kh&aacute;m s&agrave;ng lọc <a href=\"https://www.vinmec.com/vi/benh/ung-thu-dai-trang-3065/\"><strong>ung thư đại trực tr&agrave;ng</strong></a> định kỳ khi bước qua tuổi 50. Nếu gia đ&igrave;nh c&oacute; tiền sử ung thư đại trực tr&agrave;ng, n&ecirc;n được kh&aacute;m s&agrave;ng lọc sớm hơn.</p>\n\n<p>Đối với phụ nữ, sau tuổi 40 n&ecirc;n bắt đầu thực hiện kh&aacute;m s&agrave;ng lọc bệnh ung thư v&uacute;. Hiệp hội Ung thư Hoa Kỳ khuy&ecirc;n phụ nữ từ 40-44 tuổi n&ecirc;n chụp quang tuyến v&uacute; để <a href=\"https://www.vinmec.com/vi/tin-tuc/thong-tin-suc-khoe/tam-soat-ung-thu-vu-phan-i/\"><strong>tầm so&aacute;t ung thư v&uacute;</strong></a>. Với phụ nữ 45-55 tuổi n&ecirc;n <a href=\"https://www.vinmec.com/vi/tin-tuc/thong-tin-suc-khoe/suc-khoe-tong-quat/chup-x-quang-tuyen-vu-phuong-phap-sang-loc-phat-hien-som-ung-thu-vu/\"><strong>chụp x-quang tuyến v&uacute;</strong></a> mỗi năm. Phụ nữ từ 55 tuổi trở l&ecirc;n c&oacute; thể chuyển sang chụp quang tuyến mỗi hai năm một lần hoặc c&oacute; thể tiếp tục s&agrave;ng lọc h&agrave;ng năm.</p>\n\n<p>Phụ nữ n&ecirc;n bắt đầu kh&aacute;m kiểm tra mật độ xương trong <strong>kiểm tra thể chất</strong> định kỳ khi qua tuổi 65. Tuy nhi&ecirc;n, nếu dinh dưỡng kh&ocirc;ng đầy đủ, lối sống &iacute;t vận động n&ecirc;n kiểm tra mật độ xương sớm hơn.</p>\n\n<p>Những người trong độ tuổi 55-80 đ&atilde; <a href=\"https://www.vinmec.com/vi/tin-tuc/thong-tin-suc-khoe/hut-thuoc-la-gay-ung-thu-phoi-nhu-nao/\"><strong>h&uacute;t thuốc l&aacute;</strong></a> nhiều năm n&ecirc;n chụp CT phổi h&agrave;ng năm để s&agrave;ng lọc <a href=\"https://www.vinmec.com/vi/tin-tuc/thong-tin-suc-khoe/ung-buou-xa-tri/5-dau-hieu-som-cua-ung-thu-phoi-ban-can-biet/?link_type=related_posts\"><strong>ung thư phổi</strong></a>.</p>\n\n<p>Vi&ecirc;m gan C l&agrave; bệnh truyền nhiễm c&oacute; thể g&acirc;y tổn thương gan nặng nề. Bệnh vi&ecirc;m gan C hiện chưa c&oacute; vắc-xin ph&ograve;ng ngừa, do đ&oacute; tất cả mọi người đều được khuyến c&aacute;o n&ecirc;n x&eacute;t nghiệm m&aacute;u để s&agrave;ng lọc <a href=\"https://www.vinmec.com/vi/tin-tuc/thong-tin-suc-khoe/lam-nao-khi-da-mac-virus-viem-gan-c/\"><strong>vi&ecirc;m gan C</strong></a>.</p>\n</div>\n<img alt=\"Các phương pháp đo mật độ xương để phát hiện nguy cơ loãng xương\" class=\"full uploaded\" src=\"data:image/gif;base64,R0lGODlhAQABAIAAAAAAAP///yH5BAEAAAAALAAAAAABAAEAAAIBRAA7\" />\n<div class=\"loader loading\">\n<div class=\"spinner\">&nbsp;</div>\n</div>\n\n<div class=\"rich-text\">N&ecirc;n bắt đầu kh&aacute;m s&agrave;ng lọc ung thư đại trực tr&agrave;ng định kỳ khi bước qua tuổi 50. Nếu gia đ&igrave;nh c&oacute; tiền sử ung thư đại trực tr&agrave;ng, n&ecirc;n được kh&aacute;m s&agrave;ng lọc sớm hơn. Đối với phụ nữ, sau tuổi 40 n&ecirc;n bắt đầu thực hiện kh&aacute;m s&agrave;ng lọc bệnh ung thư v&uacute;. Hiệp hội Ung thư Hoa Kỳ khuy&ecirc;n phụ nữ từ 40-44 tuổi n&ecirc;n chụp quang tuyến v&uacute; để tầm so&aacute;t ung thư v&uacute;. Với phụ nữ 45-55 tuổi n&ecirc;n chụp x-quang tuyến v&uacute; mỗi năm. Phụ nữ từ 55 tuổi trở l&ecirc;n c&oacute; thể chuyển sang chụp quang tuyến mỗi hai năm một lần hoặc c&oacute; thể tiếp tục s&agrave;ng lọc h&agrave;ng năm. Phụ nữ n&ecirc;n bắt đầu kh&aacute;m kiểm tra mật độ xương trong kiểm tra thể chất định kỳ khi qua tuổi 65. Tuy nhi&ecirc;n, nếu dinh dưỡng kh&ocirc;ng đầy đủ, lối sống &iacute;t vận động n&ecirc;n kiểm tra mật độ xương sớm hơn. Những người trong độ tuổi 55-80 đ&atilde; h&uacute;t thuốc l&aacute; nhiều năm n&ecirc;n chụp CT phổi h&agrave;ng năm để s&agrave;ng lọc ung thư phổi. Vi&ecirc;m gan C l&agrave; bệnh truyền nhiễm c&oacute; thể g&acirc;y tổn thương gan nặng nề. Bệnh vi&ecirc;m gan C hiện chưa c&oacute; vắc-xin ph&ograve;ng ngừa, do đ&oacute; tất cả mọi người đều được khuyến c&aacute;o n&ecirc;n x&eacute;t nghiệm m&aacute;u để s&agrave;ng lọc vi&ecirc;m gan C.</div>\n\n<h2>5. Cần chuẩn bị g&igrave; cho kiểm tra thể chất định kỳ?</h2>\n\n<div class=\"abtest-hidden-elm rich-text\">\n<p>&nbsp;</p>\n\n<p>Bạn thường kh&ocirc;ng cần chuẩn bị g&igrave; cho <strong>kiểm tra thể chất định kỳ</strong> trừ khi b&aacute;c sĩ y&ecirc;u cầu x&eacute;t nghiệm đường m&aacute;u l&uacute;c đ&oacute;i. Nếu được chỉ định x&eacute;t nghiệm n&agrave;y, bạn cần nhịn ăn trong v&ograve;ng 8 tiếng trước khi x&eacute;t nghiệm.</p>\n\n<p>Để đợt <strong>kh&aacute;m thể chất</strong> diễn ra nhanh ch&oacute;ng, thuận lợi, bạn c&oacute; thể chuẩn bị trước một số vấn đề để trao đổi với b&aacute;c sĩ như:</p>\n\n<ul>\n	<li>C&aacute;c triệu chứng bất thường của cơ thể trong thời gian gần đ&acirc;y</li>\n	<li>C&aacute;c thuốc bạn đang sử dụng, c&aacute;c thức ăn, thuốc bạn bị dị ứng, c&aacute;c thiết bị bạn đang sử dụng tr&ecirc;n cơ thể (m&aacute;y tạo nhịp tim,...)</li>\n	<li>Kết quả c&aacute;c x&eacute;t nghiệm bạn thực hiện trong thời gian gần đ&acirc;y</li>\n</ul>\n\n<p>C&aacute;c c&acirc;u hỏi bạn c&oacute; thể hỏi b&aacute;c sĩ trong <strong>kiểm tra thể chất định kỳ</strong> như:</p>\n\n<ul>\n	<li>Những x&eacute;t nghiệm s&agrave;ng lọc n&agrave;o độ tuổi của bạn n&ecirc;n thực hiện?</li>\n	<li>Bạn cần ti&ecirc;m những loại vắc-xin n&agrave;o?</li>\n	<li>C&oacute; điều g&igrave; trong tiền sử sức khỏe gia đ&igrave;nh l&agrave;m khiến bạn tăng nguy cơ mắc một số bệnh kh&ocirc;ng?</li>\n	<li>Những thay đổi n&agrave;o về lối sống, chế dinh dưỡng,... bạn c&oacute; thể thực hiện để cải thiện t&igrave;nh trạng sức khỏe</li>\n</ul>\n\n<p>Người c&oacute; sức khỏe sẽ c&oacute; hy vọng, người c&oacute; hy vọng sẽ c&oacute; mọi thứ. <strong>Kiểm tra thể chất định kỳ</strong> l&agrave; phương ph&aacute;p tốt nhất để mỗi người tự bảo vệ sức khỏe của ch&iacute;nh m&igrave;nh. Ph&ograve;ng bệnh bao giờ cũng dễ d&agrave;ng v&agrave; hiệu quả hơn chữa bệnh. Qua <strong>kh&aacute;m thể chất</strong> định kỳ, bệnh tật v&agrave; c&aacute;c nguy cơ bệnh được ph&aacute;t hiện từ giai đoạn sớm, điều trị kịp thời gi&uacute;p mang lại hiệu quả cao, &iacute;t nguy cơ xảy ra c&aacute;c biến chứng, tiết kiệm thời gian, tiền bạc.</p>\n\n<p>Hệ thống Y tế Vinmec đ&atilde; từ l&acirc;u nổi tiếng với cơ sở vật chất hiện đại, đạt chuẩn nổi bật với nguồn nh&acirc;n lực chất lượng cao v&agrave; được thực hiện bởi c&aacute;c c&aacute;c chuy&ecirc;n gia, b&aacute;c sĩ đầu ng&agrave;nh được đ&agrave;o tạo b&agrave;i bản ở cả trong v&agrave; ngo&agrave;i nước. B&ecirc;n cạnh đ&oacute;, để đ&aacute;p ứng nhu cầu thăm kh&aacute;m, điều trị, chẩn đo&aacute;n v&agrave; ph&ograve;ng ngừa bệnh, hiện nay Vinmec c&ograve;n triển khai nhiều dịch vụ y tế tiện &iacute;ch đi k&egrave;m được rất nhiều Qu&yacute; kh&aacute;ch h&agrave;ng h&agrave;i l&ograve;ng.</p>\n\n<p>Theo đ&oacute;, Bệnh viện Đa khoa Quốc tế Vinmec đ&atilde; v&agrave; đang tiếp tục đầu tư đổi mới trang thiết bị hiện đại, đồng thời ứng dụng khoa học kỹ thuật, phương ph&aacute;p điều trị y học mới nhất v&agrave;o điều trị. V&igrave; thế, Bệnh viện Đa khoa Quốc tế Vinmec được đ&aacute;nh gi&aacute; l&agrave; địa chỉ chăm s&oacute;c y tế ti&ecirc;u chuẩn quốc tế tại Việt Nam.</p>\n\n<p>Hiện nay, Vinmec đang triển khai rất nhiều <a href=\"https://www.vinmec.com/vi/goi-dich-vu/kham-suc-khoe-tong-quat/\"><strong>g&oacute;i kh&aacute;m sức khỏe định kỳ</strong></a> ph&ugrave; hợp với từng độ tuổi, giới t&iacute;nh v&agrave; nhu cầu ri&ecirc;ng của kh&aacute;ch h&agrave;ng với ch&iacute;nh s&aacute;ch gi&aacute; rất ưu đ&atilde;i, bao gồm:</p>\n\n<ul>\n	<li><a href=\"https://www.vinmec.com/vi/goi-dich-vu/kham-suc-khoe-tong-quat/goi-kham-suc-khoe-tong-quat-work-permit-cap-giay-phep-lao-dong/?link_type=related_posts\"><strong>G&oacute;i kh&aacute;m sức khỏe tổng qu&aacute;t Work permit- cấp giấy ph&eacute;p lao động</strong></a></li>\n	<li><a href=\"https://www.vinmec.com/vi/goi-dich-vu/kham-suc-khoe-tong-quat/goi-kham-suc-khoe-tong-quat-tre-em/\"><strong>G&oacute;i kh&aacute;m sức khỏe tổng qu&aacute;t trẻ em</strong></a></li>\n	<li><a href=\"https://www.vinmec.com/vi/goi-dich-vu/kham-suc-khoe-tong-quat/goi-kham-suc-khoe-tong-quat-tieu-chuan/\"><strong>G&oacute;i kh&aacute;m sức khỏe tổng qu&aacute;t ti&ecirc;u chuẩn</strong></a></li>\n	<li><a href=\"https://www.vinmec.com/vi/goi-dich-vu/kham-suc-khoe-tong-quat/goi-kham-suc-khoe-tong-quat-dac-biet/?link_type=related_posts\"><strong>G&oacute;i kh&aacute;m sức khỏe tổng qu&aacute;t đặc biệt</strong></a></li>\n	<li><a href=\"https://www.vinmec.com/vi/goi-dich-vu/kham-suc-khoe-tong-quat/goi-kham-suc-khoe-tong-quat-vip/?link_type=related_posts\"><strong>G&oacute;i kh&aacute;m sức khỏe tổng qu&aacute;t VIP</strong></a></li>\n	<li><a href=\"https://www.vinmec.com/vi/goi-dich-vu/kham-suc-khoe-tong-quat/goi-kham-suc-khoe-tong-quat-kim-cuong/?link_type=related_posts\"><strong>G&oacute;i kh&aacute;m sức khỏe tổng qu&aacute;t kim cương</strong></a></li>\n</ul>\n\n<p>Ưu điểm khi kh&aacute;m sức khỏe tại Vinmec l&agrave; qu&yacute; kh&aacute;ch h&agrave;ng sẽ được s&agrave;ng lọc, tầm so&aacute;t sức khỏe bởi hệ thống trang thiết bị hiện đại gi&uacute;p hỗ trợ chuẩn đo&aacute;n tốt nhất hiện nay như m&aacute;y PET/CT, MRI, CT 640, hệ thống m&aacute;y si&ecirc;u &acirc;m ti&ecirc;n tiến h&agrave;ng đầu thế giới, hệ thống labo x&eacute;t nghiệm ti&ecirc;u chuẩn quốc tế,... Sau khi kh&aacute;m tổng qu&aacute;t, nếu ph&aacute;t hiện c&aacute;c bệnh l&yacute;, qu&yacute; kh&aacute;ch h&agrave;ng c&oacute; thể sử dụng dịch vụ từ c&aacute;c chuy&ecirc;n khoa kh&aacute;c tại bệnh viện với chất lượng điều trị vượt trội.</p>\n\n<p><strong>Nguồn tham khảo: healthline.com, webmd.com</strong></p>\n</div>\n</div>\n', 'https://www.vinmec.com/vi/tin-tuc/thong-tin-suc-khoe/suc-khoe-tong-quat/kiem-tra-chat-dinh-ky-gom-nhung-gi/', '#beo', '1', '31 thg 8 2020 22:05', '19 thg 8');
INSERT INTO `posts` (`post_Id`, `category_Id`, `user_Id`, `title`, `image_Title`, `poster`, `author`, `short_Description`, `detail_Descripton`, `source`, `hashtag`, `status`, `modified_Date`, `creation_Date`) VALUES
(10, 4, NULL, 'Hướng dẫn tập thở cơ bụng đúng', 'https://i.imgur.com/w2TrkFG.jpg', 'Lê Hằng (Theo SCMP)', 'Lê Hằng (Theo SCMP)', 'Thuật ngữ thở bằng bụng nghe có thể lạ lẫm với không ít người nhưng đây thực sự là một kỹ thuật rèn luyện sức khỏe cổ xưa', '<div class=\"block-content cms\">\n<div class=\"rich-text\">\n<p>&nbsp;</p>\n\n<p><strong>Thuật ngữ thở bằng bụng nghe c&oacute; thể lạ lẫm với kh&ocirc;ng &iacute;t người nhưng đ&acirc;y thực sự l&agrave; một kỹ thuật r&egrave;n luyện sức khỏe cổ xưa, đ&atilde; được thực hiện trong h&agrave;ng ng&agrave;n năm bởi c&aacute;c nền văn h&oacute;a tr&ecirc;n khắp thế giới.</strong></p>\n\n<p>Tr&ecirc;n thực tế, thở bằng bụng đ&atilde; được xem như một bộ m&ocirc;n yoga ho&agrave;n thiện, mang lại rất nhiều lợi &iacute;ch cho cơ thể nếu được thực hiện đ&uacute;ng c&aacute;ch v&agrave; đều đặn mỗi ng&agrave;y.</p>\n</div>\n\n<h2>1. Thở bằng bụng l&agrave; g&igrave;?</h2>\n\n<div class=\"rich-text\">\n<p>&nbsp;</p>\n\n<p>Ngo&agrave;i c&aacute;ch thở mũi, thở miệng th&igrave; c&aacute;ch <strong>thở bằng bụng</strong> l&agrave; một c&aacute;ch h&ocirc; hấp trong đ&oacute; c&oacute; sự kiểm so&aacute;t của &yacute; thức, chủ động sử dụng cơ ho&agrave;nh - một lớp cơ h&igrave;nh v&ograve;m nằm dưới <a href=\"https://www.vinmec.com/vi/co-the-nguoi/phoi-137/\"><strong>phổi</strong></a> - nhằm tăng thể t&iacute;ch trao đổi kh&iacute;, tăng độ b&atilde;o h&ograve;a ho&agrave;n to&agrave;n của <a href=\"https://www.vinmec.com/tin-tuc/thong-tin-suc-khoe/nong-do-oxy-trong-mau-binh-thuong-la-bao-nhieu/\"><strong>oxy trong m&aacute;u</strong></a>. Hệ quả của động t&aacute;c lặp đi lặp lại n&agrave;y l&agrave; l&agrave;m th&agrave;nh bụng bị đẩy ra ngo&agrave;i theo từng nhịp h&iacute;t v&agrave;o v&agrave; xẹp xuống khi thở ra.</p>\n\n<p>Hầu hết mọi người đều c&oacute; th&oacute;i quen chỉ thở qua th&agrave;nh ngực. Luồng kh&iacute; đi v&agrave;o chỉ lưu th&ocirc;ng hạn chế trong lồng ngực v&agrave; nhanh ch&oacute;ng đi ra. Do vậy, mặc d&ugrave; ch&uacute;ng ta đều c&oacute; nhịp thở rất nhiều, thể t&iacute;ch dưỡng kh&iacute; thật sự nhận được lại kh&ocirc;ng tương xứng. Ch&iacute;nh điều n&agrave;y c&agrave;ng khiến cơ thể th&ecirc;m <a href=\"https://www.vinmec.com/tin-tuc/thong-tin-suc-khoe/dau-hieu-co-dang-thieu-oxy/\"><strong>thiếu hụt oxy</strong></a> v&agrave; c&agrave;ng khiến ch&uacute;ng ta cảm thấy <a href=\"https://www.vinmec.com/tin-tuc/thong-tin-suc-khoe/cac-nguyen-nhan-gay-kho-tho/\"><strong>kh&oacute; thở</strong></a> hoặc lo lắng, c&agrave;ng th&ecirc;m thở nhanh hơn. Cuối c&ugrave;ng l&agrave; dẫn đến th&oacute;i quen thở nhanh, thậm ch&iacute; l&agrave; n&ocirc;ng hơn khi ch&uacute;ng ta gi&agrave; đi.</p>\n\n<p>Trong khi đ&oacute;, thở bụng c&oacute; thể gi&uacute;p điều chỉnh hơi thở một c&aacute;ch c&oacute; kiểm so&aacute;t về tần số v&agrave; thể t&iacute;ch h&ocirc; hấp. Mỗi lần h&iacute;t v&agrave;o, cơ ho&agrave;nh được điều khiển hạ thấp xuống tối đa, th&agrave;nh bụng ph&igrave;nh ra cho ph&eacute;p oxy tươi th&acirc;m nhập s&acirc;u v&agrave;o đ&aacute;y phổi. Đồng thời khi thở ra, cơ ho&agrave;nh n&acirc;ng cao tối đa, th&agrave;nh bụng h&oacute;p lại, to&agrave;n bộ kh&iacute; cacbonic cũng sẽ được tống xuất ra ngo&agrave;i.</p>\n</div>\n\n<h2>2. C&aacute;c lợi &iacute;ch của c&aacute;ch thở bằng bụng đem lại l&agrave; g&igrave;?</h2>\n\n<div class=\"rich-text\">\n<p>&nbsp;</p>\n\n<p>B&ecirc;n cạnh việc cho ph&eacute;p ch&uacute;ng ta h&iacute;t thở đầy đủ hơn, s&acirc;u hơn, c&oacute; một số lợi &iacute;ch đ&aacute;ng ch&uacute; &yacute; kh&aacute;c của việc tập thở s&acirc;u bằng bụng đem lại cho sức khỏe, đ&oacute; l&agrave;:</p>\n\n<h3>2.1. Gi&uacute;p bạn thư gi&atilde;n</h3>\n\n<p>Một trong những lợi &iacute;ch tuyệt vời của thở bụng l&agrave; khả năng gi&uacute;p bạn <a href=\"https://www.vinmec.com/tin-tuc/thong-tin-suc-khoe/15-cach-thu-gian-nhanh-tai-van-phong/\"><strong>thư gi&atilde;n</strong></a> - gần như ngay lập tức.</p>\n\n<p>Điều n&agrave;y l&agrave; do c&aacute;c hoạt động khi <strong>thở bằng bụng</strong> c&oacute; mối li&ecirc;n kết với cả hệ thống thần kinh giao cảm v&agrave; đối giao cảm của ch&uacute;ng ta. Cụ thể l&agrave; c&aacute;c động t&aacute;c h&iacute;t s&acirc;u thở ra nhịp nh&agrave;ng l&agrave;m giảm k&iacute;ch th&iacute;ch tr&ecirc;n hệ thần kinh giao cảm; từ đ&oacute;, ch&uacute;ng ta sẽ giảm được những phản ứng căng thẳng m&atilde;n t&iacute;nh.</p>\n</div>\n<img alt=\"Hướng dẫn tập thở cơ bụng đúng\" class=\"full uploaded\" src=\"https://vinmec-prod.s3.amazonaws.com/images/20200303_073113_795880_3162-How-To-Do-Kapa.max-1800x1800.jpg\" />\n<div class=\"rich-text\">Ngồi thẳng lưng h&iacute;t thở nhẹ nh&agrave;ng gi&uacute;p cơ thể thư gi&atilde;n</div>\n\n<div class=\"rich-text\">\n<p>&nbsp;</p>\n\n<p>Th&ocirc;ng qua đ&oacute;, cơ thể cũng tự điều chỉnh <a href=\"https://www.vinmec.com/tin-tuc/thong-tin-suc-khoe/huyet-ap-la-gi/\"><strong>huyết &aacute;p</strong></a>, giảm <a href=\"https://www.vinmec.com/tin-tuc/thong-tin-suc-khoe/tim-mach/ban-can-biet-gi-ve-nhip-tim/\"><strong>nhịp tim</strong></a>, l&agrave;m ổn định qu&aacute; tr&igrave;nh ti&ecirc;u h&oacute;a v&agrave; ch&uacute;ng ta sẽ cảm gi&aacute;c khỏe hơn, như đ&atilde; được giải tho&aacute;t khỏi sự căng thẳng li&ecirc;n tục của cuộc sống h&agrave;ng ng&agrave;y.</p>\n\n<h3>2.2. Cải thiện phục hồi sau tập thể dục</h3>\n\n<p>C&aacute;c nghi&ecirc;n cứu cũng chỉ ra rằng <strong>thở bằng bụng</strong> kh&ocirc;ng chỉ rất tốt cho việc thư gi&atilde;n tổng thể, n&oacute; cũng rất tuyệt vời trong việc giảm mức độ <a href=\"https://www.vinmec.com/tin-tuc/thong-tin-suc-khoe/moi-lien-he-giua-cang-thang-stress-va-ung-thu/\"><strong>căng thẳng</strong></a> với c&aacute;c chất oxy h&oacute;a do việc tập thể dục g&acirc;y ra.</p>\n\n<p>C&aacute;c nh&agrave; nghi&ecirc;n cứu đ&atilde; nhận thấy rằng, đối với những vận động vi&ecirc;n sau luyện tập thể lực c&oacute; d&agrave;nh thời gian để tập <strong>thở bằng bụng</strong>, nồng độ hormone căng thẳng l&agrave; <a href=\"https://www.vinmec.com/vi/co-the-nguoi/cortisol-la-gi-200/\"><strong>cortisol</strong></a> sẽ giảm v&agrave; hormone <a href=\"https://www.vinmec.com/tin-tuc/thong-tin-suc-khoe/melatonin-cong-dung-lieu-dung-tac-dung-phu/\"><strong>melatonin</strong></a> gi&uacute;p thư gi&atilde;n sẽ tăng l&ecirc;n hơn so với người kh&ocirc;ng thực hiện bước n&agrave;y.</p>\n\n<p>Ngo&agrave;i ra, c&aacute;c nh&agrave; nghi&ecirc;n cứu cũng đưa ra giả thuyết rằng việc <strong>thở bằng bụng</strong> với sự chủ động của cơ ho&agrave;nh c&oacute; thể gi&uacute;p bảo vệ c&aacute;c m&ocirc; trong cơ thể khỏi c&aacute;c t&aacute;c động bất lợi l&acirc;u d&agrave;i của c&aacute;c gốc tự do.</p>\n\n<h3>2.3. Ổn định nồng độ glucose trong m&aacute;u</h3>\n\n<p>Th&ocirc;ng thường, khi mọi người nghĩ về việc kiểm so&aacute;t lượng đường trong m&aacute;u, điều đầu ti&ecirc;n xuất hiện trong đầu lu&ocirc;n l&agrave; tiết chế ăn uống.</p>\n\n<p>Tuy nhi&ecirc;n, c&aacute;c nghi&ecirc;n cứu hiện đang đề xuất rằng việc h&ocirc; hấp c&oacute; lẽ cũng c&oacute; gi&uacute;p &iacute;ch trong vai tr&ograve; n&agrave;y. Kết quả n&agrave;y c&oacute; được khi những nh&agrave; nghi&ecirc;n cứu đ&atilde; ph&aacute;t hiện ra rằng c&aacute;c b&agrave;i tập thở cơ ho&agrave;nh c&oacute; thể gi&uacute;p c&acirc;n bằng <a href=\"https://www.vinmec.com/tin-tuc/thong-tin-suc-khoe/suc-khoe-tong-quat/luong-duong-trong-mau-muc-do-glucose-anh-huong-den-co-cua-ban-nhu-nao/\"><strong>lượng đường trong m&aacute;u</strong></a> v&agrave; kiểm so&aacute;t bệnh tốt hơn cho bệnh nh&acirc;n tiểu đường. Cơ chế l&agrave; v&igrave; việc h&iacute;t thở c&oacute; ảnh hưởng t&iacute;ch cực đến hệ thần kinh, xoa dịu sự căng thẳng n&ecirc;n giảm được phản ứng tăng <a href=\"https://www.vinmec.com/tin-tuc/thong-tin-suc-khoe/vai-tro-cua-dinh-luong-glucose-trong-mau/\"><strong>nồng độ glucose trong m&aacute;u</strong></a>.</p>\n\n<h3>2.4. Th&uacute;c đẩy chức năng ti&ecirc;u h&oacute;a</h3>\n\n<p>Như đ&atilde; đề cập, <strong>thở bằng bụng</strong> sẽ gi&uacute;p k&iacute;ch hoạt hệ thống thần kinh đối giao cảm, chi phối phần lớn c&aacute;c chức năng của hệ thống ti&ecirc;u h&oacute;a.</p>\n\n<p>L&uacute;c n&agrave;y, việc sản xuất nước bọt trong v&ograve;m miệng tăng l&ecirc;n, chuyển động dạ d&agrave;y v&agrave; nhu động ruột cũng mạnh mẽ hơn v&agrave; nguồn dịch tiết dồi d&agrave;o, c&agrave;ng gi&uacute;p thức ăn chia cắt th&agrave;nh nhiều mảnh nhỏ, hấp thụ một c&aacute;ch nhanh ch&oacute;ng hơn. Từ đ&oacute;, tốc độ l&agrave;m trống dạ d&agrave;y cũng cải thiện, ch&uacute;ng ta cũng mau c&oacute; cảm gi&aacute;c đ&oacute;i bụng v&agrave; việc ăn uống cũng trở n&ecirc;n ngon l&agrave;nh hơn.</p>\n</div>\n\n<h2>3. Phương ph&aacute;p thở bụng đ&uacute;ng c&aacute;ch để tập h&agrave;ng ng&agrave;y như thế n&agrave;o?</h2>\n\n<div class=\"rich-text\">\n<p>Một b&agrave;i tập thở bụng lu&ocirc;n l&agrave; một b&agrave;i tập dễ d&agrave;ng để bạn c&oacute; thể luyện tập h&agrave;ng ng&agrave;y, hoặc thậm ch&iacute; nhiều lần mỗi ng&agrave;y, để tăng cường vận động cơ ho&agrave;nh v&agrave; bắt đầu nhận được nhiều lợi &iacute;ch từ việc h&iacute;t thở s&acirc;u n&agrave;y.</p>\n\n<p>Sau đ&acirc;y l&agrave; từng bước hướng dẫn để bạn tự x&acirc;y dựng <strong>phương ph&aacute;p thở bụng đ&uacute;ng c&aacute;ch</strong> cho ch&iacute;nh m&igrave;nh:</p>\n</div>\n<img alt=\"Hướng dẫn tập thở cơ bụng đúng\" class=\"full uploaded\" src=\"https://vinmec-prod.s3.amazonaws.com/images/20200303_073107_558885_thumb_867_800x500_0.max-1800x1800.jpg\" />\n<div class=\"rich-text\">Tập phương ph&aacute;p thở bụng h&agrave;ng ng&agrave;y gi&uacute;p bạn giảm căng thẳng, chống lại bệnh tật</div>\n\n<div class=\"rich-text\">\n<p>&nbsp;</p>\n\n<p>&nbsp;</p>\n\n<p>&nbsp;</p>\n\n<ul>\n	<li>Bước 1: Bắt đầu bằng việc nằm ngửa tr&ecirc;n một mặt phẳng, đầu được đỡ bằng gối mềm. Cong đầu gối của bạn l&ecirc;n trong khi bạn cũng c&oacute; thể đặt một chiếc gối kh&aacute;c dưới đầu gối để hỗ trợ. Đặt một b&agrave;n tay l&ecirc;n bụng v&agrave; b&agrave;n tay c&ograve;n lại l&ecirc;n th&agrave;nh ngực để cảm nhận cơ ho&agrave;nh khi bạn thở.</li>\n	<li>Bước 2: Sau đ&oacute;, bạn h&iacute;t v&agrave;o từ từ qua mũi, cảm thấy dạ d&agrave;y của bạn dần n&acirc;ng l&ecirc;n v&agrave; &aacute;p v&agrave;o tay bạn khi kh&ocirc;ng kh&iacute; lấp đầy điểm s&acirc;u nhất trong phổi. Cần lưu &yacute; rằng vị tr&iacute; của lồng ngực cần giữ y&ecirc;n nhất c&oacute; thể.</li>\n	<li>Bước 3: Thở ra qua hai m&ocirc;i trong khi bạn tập trung thắt chặt th&agrave;nh cơ bụng, để to&agrave;n bộ th&aacute;n kh&iacute; trong lồng ngực c&oacute; thể được tống xuất to&agrave;n bộ ra ngo&agrave;i.</li>\n	<li>Bước 4: Lặp lại c&aacute;c bước n&agrave;y trong khoảng 5 đến 10 ph&uacute;t mỗi ng&agrave;y. Đặt mục ti&ecirc;u 3 đến 4 lần trong một ng&agrave;y để c&oacute; được lợi &iacute;ch tối đa.</li>\n</ul>\n\n<p>Lu&ocirc;n ki&ecirc;n nhẫn. H&atilde;y nhớ rằng ban đầu bạn c&oacute; thể cảm thấy kh&oacute; thở khi phải vận c&ocirc;ng lực h&ocirc; hấp bằng bụng, đặc biệt l&agrave; nếu bạn kh&ocirc;ng bao giờ c&oacute; &yacute; thức về cơ ho&agrave;nh trước đ&oacute;. Tuy nhi&ecirc;n, bạn cần tự tin v&agrave; kh&ocirc;ng n&ecirc;n lo lắng, cơ ở v&ograve;m cơ ho&agrave;nh của bạn sẽ mạnh mẽ hơn theo thời gian.</p>\n\n<p>Cho d&ugrave; bạn l&agrave; người mới luyện tập thở cơ bụng hay đ&atilde; c&oacute; nhiều kinh nghiệm, việc thực hiện đều đặn v&agrave; ki&ecirc;n tr&igrave; sau một khoảng thời gian nhất định sẽ lu&ocirc;n đem đến cho bạn những lợi &iacute;ch bất ngờ. Kỹ thuật thở bụng đ&uacute;ng c&aacute;ch theo c&aacute;c bước đơn giản n&ecirc;u tr&ecirc;n kh&ocirc;ng chỉ gi&uacute;p bạn tăng hiệu quả hấp thu dưỡng kh&iacute; m&agrave; c&ograve;n gi&uacute;p bạn giảm căng thẳng v&agrave; c&oacute; được một hệ thống miễn dịch mạnh mẽ hơn đề ph&ograve;ng chống bệnh tật.</p>\n\n<p>&nbsp;</p>\n</div>\n</div>\n', 'health.harvard.edu, verywellhealth.com, my.clevelandclinic.org, healthline.com.', '#beo', '1', '01 thg 9 2020 20:42', '01 thg 9 2020'),
(11, 7, NULL, 'Sức khỏe cho người đi du lịch - Những điều cần biết', 'https://i.imgur.com/So4N8bA.jpg', 'Lê Hằng (Theo SCMP)', 'Lê Hằng (Theo SCMP)', 'Trước tình hình diễn biến phức tạp của dịch Covid-19, nếu quyết định đi du lịch, các du khách cần thăm khám sức khỏe', '<div class=\"block-content cms\">\n<div class=\"rich-text\">\n<p>&nbsp;</p>\n\n<p><strong>B&agrave;i viết bởi B&aacute;c sĩ L&ecirc; Nguyễn Tr&iacute; Dũng - B&aacute;c sĩ Hồi sức cấp cứu - Khoa Hồi sức cấp cứu - Bệnh viện Đa khoa Quốc tế Vinmec Ph&uacute; Quốc</strong></p>\n</div>\n\n<div class=\"profile-widget\">\n<div class=\"body\">\n<div class=\"profile-widget-top\">\n<h4><a href=\"/danh-sach/bac-si/le-nguyen-tri-dung-50996/hoi-suc-cap-cuu\">L&ecirc; Nguyễn Tr&iacute; Dũng</a></h4>\n</div>\n\n<div class=\"speciality-address\">\n<div class=\"speciality\"><strong>Chuy&ecirc;n khoa </strong> <a href=\"/vi/danh-sach/bac-si/?specialities=hoi-suc-cap-cuu\">Hồi sức - Cấp cứu</a></div>\n\n<div class=\"place\"><strong>Nơi c&ocirc;ng t&aacute;c </strong> <a href=\"/khoa-hoi-suc-cap-cuu-benh-vien-da-khoa-quoc-te-vinmec-phu-quoc-67458/hoi-suc-cap-cuu\" target=\"_blank\">Khoa Hồi sức cấp cứu - Bệnh viện Đa khoa Quốc tế Vinmec Ph&uacute; Quốc</a></div>\n</div>\n<a href=\"/danh-sach/bac-si/le-nguyen-tri-dung-50996/hoi-suc-cap-cuu\">Xem đầy đủ </a></div>\n</div>\n\n<div class=\"rich-text\">\n<p>&nbsp;</p>\n\n<p><strong>Trước t&igrave;nh h&igrave;nh diễn biến phức tạp của dịch Covid-19, nếu quyết định đi du lịch, c&aacute;c du kh&aacute;ch cần thăm kh&aacute;m sức khỏe, đồng thời trang bị kiến thức ph&ograve;ng chống bệnh cho bản th&acirc;n để hạn chế tối đa t&igrave;nh trạng l&acirc;y nhiễm.</strong></p>\n</div>\n\n<h2>1. Thăm kh&aacute;m sức khỏe trước khi đi du lịch</h2>\n\n<div class=\"rich-text\">\n<p>&nbsp;</p>\n\n<p>Hiện nay, cả thế giới đang &ldquo;gồng m&igrave;nh&rdquo; để hạn chế tối đa t&igrave;nh trạng l&acirc;y nhiễm v&agrave; tử vong do <a href=\"https://www.vinmec.com/vi/tin-tuc/thong-tin-suc-khoe/dich-2019-ncov/thong-tin-suc-khoe/cong-bo-dich-covid-19-tren-ca-nuoc/\"><strong>dịch Covid-19</strong></a>. Việc n&agrave;y c&oacute; ảnh hưởng kh&ocirc;ng nhỏ đến nền kinh tế cũng như c&aacute;c ng&agrave;nh du lịch. Thực tế đ&atilde; c&oacute; rất nhiều du kh&aacute;ch đ&atilde; phải lỡ dở chuyến đi của m&igrave;nh do dịch bệnh. Tuy nhi&ecirc;n nếu vẫn quyết định thực hiện chuyến đi của m&igrave;nh bạn cần trang bị cho m&igrave;nh kiến thức chăm s&oacute;c v&agrave; bảo vệ sức khỏe.</p>\n\n<p>Theo đ&oacute;, việc chăm s&oacute;c sức khỏe cho người đi du lịch trong v&agrave; ngo&agrave;i nước c&oacute; thể th&ocirc;ng qua h&igrave;nh thức tư vấn gi&aacute;o dục. Cụ thể, du kh&aacute;ch sẽ trang bị kiến thức ph&ograve;ng bệnh trước chuyến đi v&agrave; kết th&uacute;c bằng việc kiểm tra đ&aacute;nh gi&aacute; sau chuyến đi những phơi nhiễm bệnh tật thường &iacute;t gặp tại nơi cư ngụ.</p>\n\n<p>Mục đ&iacute;ch thăm kh&aacute;m trước chuyến đi như sau:</p>\n\n<ul>\n	<li>Tư vấn, hướng dẫn cho người đi du lịch</li>\n	<li>Đ&aacute;nh gi&aacute; nguy cơ phơi nhiễm c&aacute;c bệnh c&oacute; thể ph&ograve;ng ngừa được.</li>\n	<li>Dự kiến c&aacute;c biện ph&aacute;p ph&ograve;ng ngừa</li>\n</ul>\n\n<p>Đ&aacute;nh gi&aacute; nguy cơ của chuyến đi: li&ecirc;n quan trực tiếp đến loại h&igrave;nh du lịch.</p>\n\n<ul>\n	<li>Đi t&agrave;u biển &iacute;t bị l&acirc;y nhiễm từ người bản xứ v&agrave; động vật nhưng dễ bị l&acirc;y nhiễm từ cộng đồng của những người đi chung, chẳng hạn SARS - Cov-2. Du lịch để tạo cảm gi&aacute;c thư th&aacute;i, tuy nhi&ecirc;n nếu kết hợp với loại h&igrave;nh mạo hiểm c&oacute; rất nhiều nguy cơ.</li>\n	<li>Những chuyến c&ocirc;ng t&aacute;c l&acirc;u ng&agrave;y xa gia đ&igrave;nh c&oacute; nhiều h&agrave;nh vi nguy cơ l&acirc;y nhiễm bệnh xảy ra.</li>\n	<li>H&igrave;nh thức du lịch theo những người du canh du cư, đi xe đạp, l&aacute;i b&egrave; mảng c&oacute; rất nhiều nguy cơ l&acirc;y nhiễm bệnh.</li>\n</ul>\n\n<p>Ngo&agrave;i ra, những du kh&aacute;ch c&oacute; tiền sử mắc c&aacute;c bệnh như: <a href=\"https://www.vinmec.com/vi/tin-tuc/thong-tin-suc-khoe/cach-tu-nhan-biet-benh-hen-suyen/\"><strong>bệnh hen</strong></a>, bệnh tim, <a href=\"https://www.vinmec.com/vi/benh/viem-loet-da-day-3122/\"><strong>vi&ecirc;m lo&eacute;t dạ d&agrave;y</strong></a>, bệnh thận, b&agrave;ng quang, <a href=\"https://www.vinmec.com/vi/tin-tuc/hoi-dap-bac-si/chan-doan-cao-huyet-ap/\"><strong>cao huyết &aacute;p</strong></a>, <a href=\"https://www.vinmec.com/vi/tin-tuc/thong-tin-suc-khoe/tieu-duong-can-benh-khong-dang-so/\"><strong>đ&aacute;i th&aacute;o đường</strong></a>, <a href=\"https://www.vinmec.com/vi/benh/viem-phe-quan-2955/\"><strong>vi&ecirc;m phế quản</strong></a>, <a href=\"https://www.vinmec.com/vi/benh/khi-phe-thung-3088/\"><strong>kh&iacute; phế thũng</strong></a>, <a href=\"https://www.vinmec.com/vi/benh/benh-vay-nen-3093/\"><strong>bệnh vảy nến</strong></a>, miễn dịch k&eacute;m cần đặc biệt ch&uacute; &yacute;.</p>\n</div>\n\n<p><strong>XEM TH&Ecirc;M:</strong></p>\n\n<ul>\n	<li><a href=\"https://www.vinmec.com/vi/vac-xin/kien-thuc-tiem-chung/phong-chong-cum-thong-tin-cho-khach-du-lich/\"><strong>Ph&ograve;ng chống c&uacute;m: Th&ocirc;ng tin cho kh&aacute;ch du lịch</strong></a></li>\n	<li><a href=\"https://www.vinmec.com/vi/tin-tuc/thong-tin-suc-khoe/dich-2019-ncov/tu-van-bac-si/vay-ve-tau-du-lich-thi-sao-nhung-ke-hoach-du-lich-bang-tau-co-nen-bi-huy-khong/\"><strong>Vậy về t&agrave;u du lịch th&igrave; sao? Những kế hoạch du lịch bằng t&agrave;u c&oacute; n&ecirc;n bị hủy kh&ocirc;ng?</strong></a></li>\n	<li><a href=\"https://www.vinmec.com/vi/tin-tuc/thong-tin-suc-khoe/dich-2019-ncov/tu-van-bac-si/nhung-nguoi-lam-viec-tren-may-bay-thuy-thu-tau-nen-lam-gi-de-du-phong-covid-19/\"><strong>Những người l&agrave;m việc tr&ecirc;n m&aacute;y bay, thủy thủ t&agrave;u n&ecirc;n l&agrave;m g&igrave; để dự ph&ograve;ng Covid-19?</strong></a></li>\n</ul>\n\n<h2>2. Một số lưu &yacute; ph&ograve;ng ngừa bệnh khi đi du lịch</h2>\n\n<div class=\"rich-text\">\n<p>&nbsp;</p>\n\n<p>C&aacute;c biện ph&aacute;p ph&ograve;ng ngừa bệnh khi đi du lịch như sau:</p>\n\n<ul>\n	<li>Tư vấn, gi&aacute;o dục: Vai tr&ograve; của c&aacute;c biện ph&aacute;p ph&ograve;ng tr&aacute;nh dịch l&agrave; giảm thiểu c&aacute;c nguy cơ, chuẩn bị tinh thần đối ph&oacute; với c&aacute;c vấn đề c&oacute; thể xảy ra hoặc những vấn đề hiện c&oacute; nhưng sẽ trầm trọng hơn.</li>\n	<li>An to&agrave;n thực phẩm, nước uống</li>\n	<li>Tr&aacute;nh c&ocirc;n tr&ugrave;ng cắn đốt, &aacute;nh nắng</li>\n	<li><a href=\"https://www.vinmec.com/vi/benh/tieu-chay-3002/\"><strong>Bệnh ti&ecirc;u chảy</strong></a> của người đi du lịch</li>\n	<li>Dụng cụ sơ cứu, thuốc</li>\n	<li>An to&agrave;n chung &ndash; vấn đề giao th&ocirc;ng</li>\n	<li>Thuốc dự ph&ograve;ng <a href=\"https://www.vinmec.com/vi/benh/sot-ret-4443/\"><strong>bệnh sốt r&eacute;t</strong></a> &ndash; độc t&iacute;nh của thuốc</li>\n	<li>Bệnh do độ cao &ndash; bệnh kh&iacute; &eacute;p</li>\n	<li>Phơi nhiễm nước ngọt &ndash; bệnh s&aacute;n m&aacute;ng</li>\n	<li>C&aacute;c <a href=\"https://www.vinmec.com/vi/tin-tuc/thong-tin-suc-khoe/benh-lay-truyen-qua-duong-tinh-duc/\"><strong>bệnh l&acirc;y truyền qua đường t&igrave;nh dục</strong></a></li>\n	<li><a href=\"https://www.vinmec.com/vi/benh/dai-3150/\"><strong>Bệnh dại</strong></a> &ndash; Động vật cắn</li>\n</ul>\n</div>\n<img alt=\"Hộp sơ cứu\" class=\"full uploaded\" src=\"data:image/gif;base64,R0lGODlhAQABAIAAAAAAAP///yH5BAEAAAAALAAAAAABAAEAAAIBRAA7\" />\n<div class=\"loader loading\">\n<div class=\"spinner\">&nbsp;</div>\n</div>\n\n<div class=\"rich-text\">H&atilde;y mang dụng cụ sơ cứu khi đi du lịch</div>\n\n<div id=\"read-more-div\">ĐỌC TIẾP</div>\n\n<h2>3. Một số lời khuy&ecirc;n chung đảm bảo sức khỏe khi đi du lịch</h2>\n\n<h3>3.1. Một số điều cần ch&uacute; &yacute; để đảm bảo sức khỏe</h3>\n\n<div class=\"abtest-hidden-elm rich-text\">\n<p>&nbsp;</p>\n\n<p>Đi m&aacute;y bay, nơi c&oacute; thể an to&agrave;n nhất l&agrave; gần lối đi ra cửa tho&aacute;t hiểm, đi taxi phải đeo d&acirc;y an to&agrave;n, phải ki&ecirc;n quyết với t&agrave;i xế taxi khi kh&ocirc;ng đảm bảo l&aacute;i an to&agrave;n.</p>\n\n<p>Bạn cũng ch&uacute; &yacute;, tr&aacute;nh để người kh&aacute;c thấy đồ đạc c&oacute; gi&aacute; trị hoặc tiền, kh&ocirc;ng n&ecirc;n mang theo đồ đạc c&oacute; nguy cơ bị mất cắp. Khi ở nơi gần l&ograve; ga phải mở cửa sổ, ph&ograve;ng kh&aacute;ch sạn ở tầng dưới l&agrave; an to&agrave;n nhất. Cần xem r&otilde; c&oacute; lối tho&aacute;t hiểm đề ph&ograve;ng hỏa hoạn, thuốc chống sốt r&eacute;t, c&aacute;c loại thuốc khử khuẩn nước, tr&aacute;nh để gần g&acirc;y nguy hiểm cho trẻ em. Với việc bảo vệ sức khỏe cần ch&uacute; &yacute; c&aacute;c điều sau đ&acirc;y:</p>\n\n<ul>\n	<li>Mang c&aacute;c loại thuốc c&ograve;n trong vỉ hoặc trong hộp thuốc gốc tr&aacute;nh nhầm lẫn.</li>\n	<li>Dụng cụ sơ cấp cứu c&oacute; 1 bản điện tim bất thường, bản chụp x quang, bản t&oacute;m tắt khi xuất viện gần nhất.</li>\n	<li>Cần biết r&otilde; c&aacute;c th&ocirc;ng tin về ch&iacute;nh s&aacute;ch bảo hiểm, c&acirc;n nhắc mua bảo hiểm y tế du lịch.</li>\n	<li><a href=\"https://www.vinmec.com/vi/tin-tuc/hoi-dap-bac-si/viem-xoang-co-phai-la-viem-mui-di-ung-khong/\"><strong>Vi&ecirc;m mũi xoang</strong></a> phải điều trị triệt để trước khi l&ecirc;n đi bay</li>\n	<li>Kh&ocirc;ng bao giờ đồng &yacute; ti&ecirc;m khi kh&ocirc;ng đảm bảo v&ocirc; tr&ugrave;ng, cần phải xem x&eacute;t lọ thuốc trước khi sử dụng.</li>\n	<li>Trước khi đi cần tham khảo vấn đề y tế nơi m&igrave;nh dự kiến đến, v&iacute; dụ như bệnh viện, b&aacute;c sĩ, nh&agrave; thuốc.</li>\n</ul>\n</div>\n\n<h3>3.2 An to&agrave;n nước v&agrave; thực phẩm</h3>\n\n<div class=\"abtest-hidden-elm rich-text\">\n<p>&nbsp;</p>\n\n<p>Phương ch&acirc;m: &ldquo;Ăn ch&iacute;n, uống s&ocirc;i, gọt vỏ hoặc l&agrave; qu&ecirc;n n&oacute; đi&rdquo;, đun s&ocirc;i nước sạch trong &iacute;t nhất 3 ph&uacute;t, nước đ&oacute;ng chai phải đảm bảo c&ograve;n nguy&ecirc;n nắp chưa d&ugrave;ng, c&oacute; thể sử dụng thuốc chlorine v&agrave; iodine để khử khuẩn nước, tr&aacute;nh d&ugrave;ng nước từ v&ograve;i, nước đ&aacute;, sữa tươi chưa tiệt tr&ugrave;ng. Ngo&agrave;i ra, thịt v&agrave; rau phải nấu ch&iacute;n kỹ v&agrave; ăn l&uacute;c c&ograve;n n&oacute;ng, tr&aacute;nh ăn buffet nguội, c&aacute;c m&oacute;n cay v&agrave; salad, tr&aacute;i c&acirc;y n&ecirc;n gọt vỏ trước khi d&ugrave;ng.</p>\n</div>\n<img alt=\"rau xanh\" class=\"full uploaded\" src=\"data:image/gif;base64,R0lGODlhAQABAIAAAAAAAP///yH5BAEAAAAALAAAAAABAAEAAAIBRAA7\" />\n<div class=\"loader loading\">\n<div class=\"spinner\">&nbsp;</div>\n</div>\n\n<div class=\"rich-text\">H&atilde;y ăn thịt, rau khi đ&atilde; được nấu ch&iacute;n</div>\n\n<h3>3.3. Tr&aacute;nh để c&ocirc;n tr&ugrave;ng cắn đốt</h3>\n\n<div class=\"abtest-hidden-elm rich-text\">\n<p>C&oacute; thể tr&aacute;nh muỗi, ve, bọ ch&eacute;t cắn đốt bằng c&aacute;ch b&ocirc;i thuốc đuổi c&ocirc;n tr&ugrave;ng chứa 30% DEET l&ecirc;n v&ugrave;ng da hở, lưu &yacute; d&ugrave;ng l&acirc;u v&agrave; nồng độ cao sẽ g&acirc;y độc hại cho trẻ nhỏ. Mặc quần &aacute;o phủ k&iacute;n ở những nơi c&oacute; nguy cơ <a href=\"https://www.vinmec.com/vi/tin-tuc/thong-tin-suc-khoe/dau-hieu-sot-xuat-huyet-nguoi-lon/\"><strong>sốt xuất huyết</strong></a> v&agrave; sốt r&eacute;t, hoặc ng&acirc;m, xịt quần &aacute;o, m&agrave;n, lều bằng permethrin để ph&ograve;ng c&ocirc;n tr&ugrave;ng đốt.</p>\n</div>\n\n<h3>3.4. Trang bị một số loại thuốc cần thiết</h3>\n\n<div class=\"abtest-hidden-elm rich-text\">\n<p>&nbsp;</p>\n\n<p>N&ecirc;n trang bị thuốc giảm đau hạ sốt, thuốc trị ti&ecirc;u chảy, thuốc đuổi c&ocirc;n tr&ugrave;ng, thuốc chống tia cực t&iacute;m với yếu tố chống nắng (SPF) 15 hoặc cao hơn, <a href=\"https://www.vinmec.com/vi/thong-tin-duoc/su-dung-thuoc-toan/thuoc-khang-histamin-la-gi-va-cach-su-dung-hop-ly/\"><strong>thuốc kh&aacute;ng histamin</strong></a> đường uống, c&oacute; thể chuẩn bị th&ecirc;m siro ho, kem chống nấm đường &acirc;m đạo (nữ), cần đem theo bệnh &aacute;n v&agrave; điện tim nếu c&oacute; bất thường.</p>\n</div>\n\n<h3>3.5. Tr&aacute;nh sử dụng đồ uống c&oacute; cồn</h3>\n\n<div class=\"abtest-hidden-elm rich-text\">\n<p>&nbsp;</p>\n\n<p>Do ch&ecirc;nh lệch m&uacute;i giờ bạn c&oacute; thể l&agrave;m quen với m&uacute;i giờ tại c&aacute;c địa điểm du lịch. Khi đến nơi những ng&agrave;y đầu ti&ecirc;n c&oacute; thể d&ugrave;ng 5mg melatonin trước khi ngủ, &aacute;nh nắng buổi s&aacute;ng cũng như bữa ăn s&aacute;ng c&oacute; nhiều protein sẽ lợi &iacute;ch hơn. Trong thời gian du lịch tr&aacute;nh sử dụng c&aacute;c chất c&oacute; chứa nồng độ cồn, thức ăn c&oacute; nhiều carbohydrate h&oacute;a, c&oacute; thể d&ugrave;ng thuốc ngủ tốt hơn v&agrave;o ban đ&ecirc;m như zolpidem.</p>\n</div>\n<img alt=\"Đồ uống có cồn\" class=\"full uploaded\" src=\"data:image/gif;base64,R0lGODlhAQABAIAAAAAAAP///yH5BAEAAAAALAAAAAABAAEAAAIBRAA7\" />\n<div class=\"loader loading\">\n<div class=\"spinner\">&nbsp;</div>\n</div>\n\n<div class=\"rich-text\">Bạn kh&ocirc;ng n&ecirc;n sử dụng c&aacute;c chất c&oacute; chứa nồng độ cồn</div>\n\n<h3>3.6.Sử dụng thuốc say xe</h3>\n\n<div class=\"abtest-hidden-elm rich-text\">\n<p>&nbsp;</p>\n\n<p>Say t&agrave;u xe ở người lớn c&oacute; thể d&ugrave;ng scopolamine dạng d&aacute;n da trước khi di chuyển khoảng 8 giờ hoặc d&ugrave;ng 50-100mg dimenhydrinat 1 giờ trước khi đi v&agrave; sau đ&oacute; mỗi 4-6 giờ. Nếu kh&ocirc;ng cơ thể c&oacute; thể bị suy yếu v&agrave; g&acirc;y ra t&aacute;c dụng phụ kh&aacute;ng tiết cholin.</p>\n</div>\n\n<h3>3.7. Tr&aacute;nh sử dụng nước nhiễm bẩn</h3>\n\n<div class=\"abtest-hidden-elm rich-text\">\n<p>&nbsp;</p>\n\n<p>Cần nấu ch&iacute;n thức ăn trước khi sử dụng, nếu kh&ocirc;ng khi uống sẽ c&oacute; nguy cơ phơi nhiễm k&yacute; sinh tr&ugrave;ng.</p>\n</div>\n\n<h3>3.8. Tr&aacute;nh c&aacute;c bệnh l&acirc;y truyền qua đường t&igrave;nh dục</h3>\n\n<div class=\"abtest-hidden-elm rich-text\">\n<p>&nbsp;</p>\n\n<p>Nạn mại d&acirc;m n&uacute;p dưới b&oacute;ng dưới h&igrave;nh thức du lịch, đặt nhiều du kh&aacute;ch đứng trước nguy cơ l&acirc;y nhiễm qua đường t&igrave;nh dục (STDs), bao gồm cả HIV. V&igrave; thế, bạn cần c&acirc;n nhắc v&agrave; thận trọng để tr&aacute;nh l&acirc;y nhiễm c&aacute;c bệnh l&acirc;y qua đường t&igrave;nh dục.</p>\n</div>\n\n<h3>3.9. N&ecirc;n ti&ecirc;m ngừa trước khi đi du lịch</h3>\n\n<div class=\"abtest-hidden-elm rich-text\">\n<p>&nbsp;</p>\n\n<p>Một số quốc gia lưu h&agrave;nh bệnh sốt v&agrave;ng da, <a href=\"https://www.vinmec.com/vi/benh/viem-mang-nao-do-nao-mo-cau-3148/\"><strong>vi&ecirc;m n&atilde;o m&ocirc; cầu</strong></a>, <a href=\"https://www.vinmec.com/vi/benh/benh-ta-3149/\"><strong>bệnh tả</strong></a> th&igrave; du kh&aacute;ch n&ecirc;n ti&ecirc;m ph&ograve;ng trước khi du lịch.</p>\n\n<p>Ngo&agrave;i ra, một số bệnh cần khuyến kh&iacute;ch ti&ecirc;m ngừa hoặc ti&ecirc;m nhắc lại, nhất l&agrave; người gi&agrave; hoặc t&igrave;nh trạng ti&ecirc;m chủng kh&ocirc;ng r&otilde; r&agrave;ng như: <a href=\"https://www.vinmec.com/vi/benh/uon-van-3130/\"><strong>Uốn v&aacute;n</strong></a>, <a href=\"https://www.vinmec.com/vi/benh/thuong-han-3289/\"><strong>thương h&agrave;n</strong></a><strong>,</strong> <a href=\"https://www.vinmec.com/vi/benh/bai-liet-3109/\"><strong>bại liệt</strong></a>, <a href=\"https://www.vinmec.com/vi/benh/bach-hau-4743/\"><strong>bạch hầu</strong></a>, c&uacute;m, <a href=\"https://www.vinmec.com/vi/vac-xin/kien-thuc-tiem-chung/phe-cau-khuan-gay-ra-benh-gi/\"><strong>phế cầu</strong></a>, <a href=\"https://www.vinmec.com/vi/benh/viem-mang-nao-mu-3084/\"><strong>vi&ecirc;m m&agrave;ng n&atilde;o</strong></a>, <a href=\"https://www.vinmec.com/vi/benh/viem-gan-a-3128/\"><strong>vi&ecirc;m gan A</strong></a><strong>,</strong> <a href=\"https://www.vinmec.com/vi/benh/viem-gan-b-3116/\"><strong>vi&ecirc;m gan B</strong></a>, <a href=\"https://www.vinmec.com/vi/benh/viem-nao-nhat-ban-3082/\"><strong>vi&ecirc;m n&atilde;o nhật bản</strong></a>, bệnh dại, <a href=\"https://www.vinmec.com/vi/benh/dich-hach-3576/\"><strong>dịch hạch</strong></a>.</p>\n</div>\n<img alt=\"tiêm phòng\" class=\"full uploaded\" src=\"data:image/gif;base64,R0lGODlhAQABAIAAAAAAAP///yH5BAEAAAAALAAAAAABAAEAAAIBRAA7\" />\n<div class=\"loader loading\">\n<div class=\"spinner\">&nbsp;</div>\n</div>\n\n<div class=\"rich-text\">Trước khi đi du lịch bạn n&ecirc;n ti&ecirc;m ngừa</div>\n\n<h3>3.10. Thuốc ph&ograve;ng bệnh sốt r&eacute;t</h3>\n\n<div class=\"abtest-hidden-elm rich-text\">\n<p>&nbsp;</p>\n\n<p>Thuốc ph&ograve;ng bệnh sốt r&eacute;t l&agrave; một loại thuốc kh&ocirc;ng thể thiếu với người chuẩn bị c&oacute; kế hoạch đi du lịch. Theo đ&oacute;, một số loại thuốc ph&ograve;ng bệnh sốt r&eacute;t n&ecirc;n c&oacute; như sau:</p>\n\n<ul>\n	<li>Mefloquin: L&agrave; thuốc ph&ograve;ng sốt r&eacute;t hay được d&ugrave;ng nhất t&aacute;c dụng tr&ecirc;n v&ugrave;ng kh&aacute;ng v&agrave; nhạy cảm với chloroquin, d&ugrave;ng 1 lần mỗi tuần trước khi đến v&ugrave;ng c&oacute; sốt r&eacute;t 1-2 tuần. Thuốc c&oacute; thể xảy ra c&aacute;c t&aacute;c dụng phụ như ch&oacute;ng mặt, <a href=\"https://www.vinmec.com/vi/tin-tuc/thong-tin-suc-khoe/cac-trieu-chung-roi-loan-tieu-hoa-dien-hinh/\"><strong>rối loạn ti&ecirc;u h&oacute;a</strong></a>, kh&ocirc;ng sử dụng cho trẻ em nặng &lt; 5kg, phụ nữ c&oacute; thai 3 th&aacute;ng đầu, bệnh nh&acirc;n c&oacute; tiền sử t&acirc;m thần, động kinh, c&oacute; bất thường dẫn truyền ở tim.</li>\n	<li>Proguanil (Paludrine): uống 2 vi&ecirc;n 100mg h&agrave;ng ng&agrave;y, sử dụng được cho trẻ em &gt; 10 tuổi, phụ nữ mang thai hoặc nghi ngờ c&oacute; thai.</li>\n	<li>Halofantrin v&agrave; dẫn xuất artemisinin: D&ugrave;ng ph&ograve;ng bệnh sốt r&eacute;t kh&aacute;ng nhiều loại thuốc kh&aacute;c.</li>\n</ul>\n\n<p>Một số loại thuốc kh&aacute;c n&ecirc;n trang bị như sau: Doxycycline, cloroquin phosphat, Primaquin phosphat c&oacute; thể lựa chọn khi c&oacute; chống chỉ định c&aacute;c thuốc kh&aacute;c.</p>\n</div>\n\n<h3>3.10. Bệnh ti&ecirc;u chảy của người đi du lịch</h3>\n\n<div class=\"abtest-hidden-elm rich-text\">\n<p>&nbsp;</p>\n\n<p>Bệnh ti&ecirc;u chảy của người đi du lịch l&agrave; một hội chứng đặc trưng bởi số lần đại tiện tăng l&ecirc;n gấp 2 lần, k&egrave;m theo đau quặn bụng, buồn n&ocirc;n, trướng bụng, m&oacute;t rặn, sốt, kh&oacute; chịu. C&aacute;c triệu chứng xảy ra đột ngột c&oacute; thể trong chuyến đi hoặc sau khi về nh&agrave; v&agrave; c&oacute; thể tự khỏi. Ti&ecirc;u ph&acirc;n lỏng c&oacute; thể tr&ecirc;n 5 lần 1 ng&agrave;y, k&eacute;o d&agrave;i c&oacute; thể 3-4 ng&agrave;y, đ&ocirc;i khi cả tuần, c&aacute; biệt c&oacute; khi cả 1- &gt;3 th&aacute;ng. Việc điều trị nhanh ch&oacute;ng c&oacute; thể r&uacute;t ngắn thời gian bị bệnh xuống c&ograve;n v&agrave;i giờ. Yếu tố g&acirc;y bệnh thường gặp nhất l&agrave; c&aacute;c loại vi khuẩn sinh độc tố ruột, <a href=\"https://www.vinmec.com/vi/tin-tuc/thong-tin-suc-khoe/suc-khoe-tong-quat/vi-khuan-e-coli-co-vai-tro-gi-trong-co-va-thuong-gay-benh-gi/\"><strong>Escherichia coli</strong></a>, Shigella, Campylobacter jejuni, Salmonella v&agrave; Vibrio. C&aacute;c virus thường la <a href=\"https://www.vinmec.com/vi/tin-tuc/thong-tin-suc-khoe/tieu-hoa-gan-mat/trieu-chung-tre-bi-tieu-chay-cap-do-rotavirus/\"><strong>rotavirus</strong></a>, Norwalk virus. C&aacute;c k&yacute; sinh tr&ugrave;ng chủ yếu l&agrave; Giardia lamblia v&agrave; Entamoeba histolytica. Ngo&agrave;i ra c&oacute; đến 20-50% trường hợp ti&ecirc;u chảy vẫn chưa l&yacute; giải được.</p>\n\n<p>C&aacute;ch ph&ograve;ng bệnh: An to&agrave;n thực phẩm l&agrave; c&aacute;ch ph&ograve;ng bệnh tốt nhất, trong 1 số trường hợp đặc biệt (Sự kiện thể thao, cuộc họp quan trọng, tuần trăng mật) c&oacute; thể sử dụng thuốc để ph&ograve;ng bệnh: Bismuth subsalicylate 2v X 4 lần / ng&agrave;y, doxycylin 100mg mỗi ng&agrave;y, trimethroprim/sulphamethoxazol 160/800mg mỗi ng&agrave;y, norfloxacine 400mg mỗi ng&agrave;y, ciproloxacine 500mg mỗi ng&agrave;y.</p>\n\n<p>Trong trường hợp mắc bệnh, nếu kh&ocirc;ng bị sốt, kh&ocirc;ng đi ngo&agrave;i ra m&aacute;u n&ecirc;n d&ugrave;ng 2 vi&ecirc;n loperamid sau lần đi ngo&agrave;i lỏng đầu ti&ecirc;n, sau đ&oacute; d&ugrave;ng liều th&ocirc;ng thường, nếu vẫn c&ograve;n ti&ecirc;u chảy đến lần thứ 3 uống 2 vi&ecirc;n ciproloxacin hoặc norfloxacin, uống b&ugrave; nước bằng dung dịch Oresol, kh&ocirc;ng d&ugrave;ng<strong> kh&aacute;ng sinh</strong>, hoặc t&aacute;c nh&acirc;n chống ti&ecirc;u chảy cho trẻ em, tạm dừng c&aacute;c thực phẩm c&oacute; bơ sữa, nếu kh&ocirc;ng thuy&ecirc;n giảm n&ecirc;n đến cơ sở y tế gần nhất để thăm kh&aacute;m.</p>\n</div>\n\n<h3>3.11. Ch&uacute; &yacute; đến bệnh sợ độ cao</h3>\n\n<div class=\"abtest-hidden-elm rich-text\">\n<p>&nbsp;</p>\n\n<p>Khi l&ecirc;n đến cao tr&ecirc;n 3000m so với mực nước biển, hơn 80% du kh&aacute;ch sẽ c&oacute; một số triệu chứng của bệnh say n&uacute;i cấp, c&agrave;ng l&ecirc;n cao nhanh c&agrave;ng xuất hiện triệu chứng của bệnh, bao gồm <a href=\"https://www.vinmec.com/vi/tin-tuc/thong-tin-suc-khoe/suc-khoe-tong-quat/phu-phoi-cap-chan-doan-va-dieu-tri/\"><strong>ph&ugrave; phổi</strong></a> v&agrave; <a href=\"https://www.vinmec.com/vi/tin-tuc/thong-tin-suc-khoe/suc-khoe-tong-quat/phu-nao-la-gi-nguyen-nhan-va-trieu-chung/\"><strong>ph&ugrave; n&atilde;o</strong></a> do độ cao, v&igrave; &aacute;p suất ri&ecirc;ng phần của oxy trong kh&ocirc;ng kh&iacute; giảm, g&acirc;y thiếu oxy m&aacute;u. Say n&uacute;i cấp t&iacute;nh c&oacute; thể tăng từ nhẹ đến nặng, nhẹ bao gồm c&aacute;c triệu chứng như đau đầu, buồn n&ocirc;n mệt mỏi, nặng như n&ocirc;n mửa, kh&oacute; thở khi nghỉ ngơi, mất điều h&ograve;a, t&acirc;m thần yếu, hoặc t&iacute;m t&aacute;i. Ph&ugrave; phổi do độ cao c&oacute; thể xuất hiện sau 1 v&agrave;i ng&agrave;y, thường l&agrave; trong khi ngủ với c&aacute;c triệu chứng như kh&oacute; thở nặng, ho, nhiều ran, sốt nhẹ v&agrave; t&iacute;m t&aacute;i. Ph&ugrave; n&atilde;o do độ cao c&oacute; thể xuất hiện sau v&agrave;i ng&agrave;y của say n&uacute;i cấp t&iacute;nh nhẹ với c&aacute;c biểu hiện li&ecirc;n tục mệt mỏi, mất dần sự tỉnh t&aacute;o, rối loạn t&acirc;m thần, dấu hiệu thần kinh khu tr&uacute; v&agrave; h&ocirc;n m&ecirc;. Kh&ocirc;ng c&oacute; c&aacute;ch dự ph&ograve;ng ho&agrave;n hảo, chỉ ph&ograve;ng ngừa bằng c&aacute;ch mỗi ng&agrave;y l&ecirc;n cao &lt; 300m, đối với trường hợp leo cao hơn 3000m k&eacute;o d&agrave;i trong hơn 12 giờ dự ph&ograve;ng bằng 250mg Acetazolamid (Diamox) mỗi ng&agrave;y bắt đầu 24 giờ trước khi leo v&agrave; tiếp tục trong 1 số ng&agrave;y đầu ở độ cao. C&oacute; thể mang theo thuốc giảm đau đầu th&ocirc;ng thường, acetazolamid c&oacute; thể d&ugrave;ng trong trong trường hợp say n&uacute;i nhẹ hoặc d&ugrave;ng dexamethason 4 mg mỗi 6 giờ để dự ph&ograve;ng, loại thuốc n&agrave;y được d&agrave;nh để điều trị c&aacute;c trường hợp bị c&aacute;c hội chứng độ cao nặng. Một khi d&ugrave;ng dexamethason, phải khẩn trương hạ độ cao xuống để c&oacute; nồng độ oxy cao hơn.</p>\n</div>\n\n<h3>3.12. Lưu &yacute; đến một số bệnh l&yacute; nền c&oacute; sẵn</h3>\n\n<div class=\"abtest-hidden-elm rich-text\">\n<p>&nbsp;</p>\n\n<p>Th&ocirc;ng thường người du lịch phải điều trị c&aacute;c bệnh sẵn sớm v&agrave; t&iacute;ch cực. Chuẩn bị tinh thần v&agrave; xử tr&iacute; c&aacute;c t&igrave;nh huống tiến triển trầm trọng hơn c&aacute;c bệnh c&oacute; sẵn.</p>\n\n<p><strong><em>Vi&ecirc;m phế quản/ kh&iacute; phế thũng</em></strong></p>\n\n<p>Đối với người bệnh phổi tắc nghẽn mạn t&iacute;nh, khuyến c&aacute;o n&ecirc;n l&agrave;m kh&iacute; m&aacute;u động mạch trước khi đi m&aacute;y bay, v&igrave; m&aacute;y bay thường bay độ cao 2500m, ở độ cao n&agrave;y ngưừi khỏe mạnh PaO2 giảm xuống c&ograve;n khoảng 60mmHg, n&ecirc;n trang bị oxy cho người bệnh trước khi l&ecirc;n m&aacute;y bay c&oacute; PaO2 &lt; 70mmHg hoặc độ bảo h&ograve;a Oxy &lt; 93% trong suốt chuyến bay. Những người c&oacute; tăng carbon dioxid m&aacute;u hoặc dung t&iacute;ch sống &lt; 50% kh&ocirc;ng n&ecirc;n đi m&aacute;y bay m&agrave; đổi sang phương tiện di chuyển kh&aacute;c.</p>\n\n<p><strong><em>Bệnh hen</em></strong></p>\n\n<p>C&aacute;c khu vực ph&aacute;t triển thường &ocirc; nhiễm kh&ocirc;ng kh&iacute;, n&ecirc;n dự ph&ograve;ng t&igrave;nh huống khởi ph&aacute;t cơn hen, bạn n&ecirc;n biết c&aacute;ch tự d&ugrave;ng thuốc kh&aacute;ng sinh v&agrave; thuốc corticosteroid theo khả năng của m&igrave;nh.</p>\n\n<p><strong><em>Bệnh tim</em></strong></p>\n\n<p>N&ecirc;n ngăn cấm người bị <a href=\"https://www.vinmec.com/vi/benh/nhoi-mau-co-tim-cap-4866/\"><strong>nhồi m&aacute;u cơ tim</strong></a> đi m&aacute;y bay trong v&ograve;ng 4-8 tuần. Người bị bệnh tim mạch phải c&oacute; khả năng đi bộ được 100m v&agrave; leo dốc được 12 bậc thang mới khuyến c&aacute;o c&oacute; thể di chuyển bằng m&aacute;y bay.</p>\n\n<p><strong><em>Lo&eacute;t dạ d&agrave;y/ phẫu thuật dạ d&agrave;y</em></strong></p>\n\n<p>Người bệnh tuyệt đối kh&ocirc;ng di chuyển bằng m&aacute;y bay trong v&ograve;ng 10-14 ng&agrave;y sau phẫu thuật ổ bụng, phẫu thuật nội soi c&oacute; bơm CO2 n&ecirc;n đi m&aacute;y bay sau 48 giờ để đảm bảo an to&agrave;n. V&igrave; giảm HCl v&agrave; thuốc chẹn thụ thể H2 l&agrave;m giảm sức đề kh&aacute;ng tự nhi&ecirc;n của dạ d&agrave;y đối với bệnh ti&ecirc;u chảy v&agrave; bệnh tả khi du lịch, n&ecirc;n c&acirc;n nhắc d&ugrave;ng c&aacute;c thuốc dự ph&ograve;ng hoặc điều trị t&iacute;ch cực v&agrave; mở rộng việc d&ugrave;ng vắc - xin để ph&ograve;ng bệnh.</p>\n\n<p><strong><em>Người t&agrave;n t&agrave;n tật - Vi&ecirc;m khớp</em></strong></p>\n\n<p>N&ecirc;n dự tr&ugrave; trước c&aacute;c điều kiện thuận lợi cho người cao tuổi v&agrave; t&agrave;n tật khi đi m&aacute;y bay hay phương tiện vận chuyển kh&aacute;c. Kiểm so&aacute;t được c&aacute;c khả năng l&agrave;m trầm trọng th&ecirc;m của bệnh vi&ecirc;m khớp.</p>\n</div>\n<img alt=\"bệnh thấp tim\" class=\"full uploaded\" src=\"data:image/gif;base64,R0lGODlhAQABAIAAAAAAAP///yH5BAEAAAAALAAAAAABAAEAAAIBRAA7\" />\n<div class=\"loader loading\">\n<div class=\"spinner\">&nbsp;</div>\n</div>\n\n<div class=\"rich-text\">Khi mắc một số bệnh l&yacute; nền c&oacute; sẵn như bệnh tim cần phải điều trị c&aacute;c bệnh sớm v&agrave; t&iacute;ch cực</div>\n\n<h2>4. Đ&aacute;nh gi&aacute; sau chuyến đi du lịch</h2>\n\n<div class=\"abtest-hidden-elm rich-text\">\n<p>&nbsp;</p>\n\n<p>Nếu c&oacute; vấn đề về sức khỏe trong chuyến đi, sau khi về cần thăm kh&aacute;m v&agrave; t&igrave;m c&aacute;c yếu tố phơi nhiễm để tiến h&agrave;nh x&eacute;t nghiệm tầm so&aacute;t v&agrave; điều trị, tr&aacute;ch t&igrave;nh trạng bệnh tiềm ẩn v&agrave; ph&aacute;t sinh lan rộng trong cộng đồng. Vấn đề điển h&igrave;nh hiện nay l&agrave; dịch bệnh SARS - CoV2 hiện nay. V&igrave; thế mỗi c&aacute; nh&acirc;n mỗi người cần n&acirc;ng cao &yacute; thức, ph&ograve;ng tr&aacute;nh v&agrave; kiểm so&aacute;t bệnh tật khi trở về từ c&aacute;c v&ugrave;ng dịch hoặc đ&atilde; đi qua c&aacute;c v&ugrave;ng dịch để đảm bảo hạn chế tối đa t&igrave;nh trạng l&acirc;y nhiễm cho bản th&acirc;n, gia đ&igrave;nh v&agrave; cộng đồng.</p>\n\n<p>Bệnh viện Đa khoa Quốc tế Vinmec l&agrave; địa chỉ thăm kh&aacute;m, điều trị v&agrave; ph&ograve;ng ngừa c&aacute;c bệnh l&yacute;. Khi thực hiện quy tr&igrave;nh thăm kh&aacute;m tại Vinmec, Qu&yacute; kh&aacute;ch h&agrave;ng sẽ được đ&oacute;n tiếp v&agrave; sử dụng cơ sở vật chất, hệ thống m&aacute;y m&oacute;c hiện đại đi k&egrave;m với c&aacute;c dịch vụ y tế ho&agrave;n hảo dưới sự chỉ dẫn, tư vấn của c&aacute;c b&aacute;c sĩ giỏi, được đ&agrave;o tạo b&agrave;i bản ở cả trong v&agrave; ngo&agrave;i nước.</p>\n\n<p>Kh&aacute;ch h&agrave;ng c&oacute; thể trực tiếp đến hệ thống Y tế Vinmec tr&ecirc;n to&agrave;n quốc để thăm kh&aacute;m hoặc li&ecirc;n hệ hotline <a href=\"https://www.vinmec.com/vi/danh-sach/ca-nuoc/coso-benh-vien-v-phong-kham/?location=all\"><strong>tại đ&acirc;y</strong></a> để được hỗ trợ.</p>\n</div>\n\n<div class=\"abtest-hidden-elm rich-text\">&nbsp;</div>\n</div>\n', 'https://www.vinmec.com/vi/tin-tuc/thong-tin-suc-khoe/suc-khoe-tong-quat/suc-khoe-cho-nguoi-di-du-lich-nhung-dieu-can-biet/', '#beo', '1', '', '01 thg 9 2020');
INSERT INTO `posts` (`post_Id`, `category_Id`, `user_Id`, `title`, `image_Title`, `poster`, `author`, `short_Description`, `detail_Descripton`, `source`, `hashtag`, `status`, `modified_Date`, `creation_Date`) VALUES
(12, 5, NULL, 'Độ ẩm và sức khỏe', 'https://i.imgur.com/BBjbzDe.jpeg', 'Nắng Mai', 'Nắng Mai', 'Độ ẩm không khí là một đại lượng chỉ hàm lượng hơi nước có trong không khí.', '<div class=\"block-content cms\">\n<div class=\"rich-text\">\n<p><strong>Độ ẩm kh&ocirc;ng kh&iacute; l&agrave; một đại lượng chỉ h&agrave;m lượng hơi nước c&oacute; trong kh&ocirc;ng kh&iacute;. Độ ẩm kh&ocirc;ng kh&iacute; l&yacute; tưởng n&ecirc;n v&agrave;o khoảng từ 30% đến 50%. Sức khỏe của con người bị ảnh hưởng bởi độ ẩm trong kh&ocirc;ng kh&iacute;. Độ ẩm kh&ocirc;ng n&ecirc;n qu&aacute; cao v&igrave; tạo điều kiện thuận lợi cho nhiều vi sinh vật g&acirc;y bệnh ph&aacute;t triển v&agrave; kh&ocirc;ng n&ecirc;n qu&aacute; thấp v&igrave; g&acirc;y kh&ocirc; da, k&iacute;ch ứng ni&ecirc;m mạc đường h&ocirc; hấp.</strong></p>\n</div>\n\n<h2>1. Độ ẩm kh&ocirc;ng kh&iacute; l&agrave; g&igrave;?</h2>\n\n<div class=\"rich-text\">\n<p>&nbsp;</p>\n\n<p><strong>Độ ẩm kh&ocirc;ng kh&iacute;</strong> l&agrave; kh&aacute;i niệm nhằm chỉ mức hơi nước c&oacute; b&ecirc;n trong kh&ocirc;ng kh&iacute;. Một số kh&aacute;i niệm chuy&ecirc;n s&acirc;u kh&aacute;c li&ecirc;n quan đến độ ẩm kh&ocirc;ng kh&iacute; bao gồm:</p>\n\n<ul>\n	<li><strong>Độ ẩm kh&ocirc;ng kh&iacute; tuyệt đối</strong> l&agrave; lượng hơi nước c&oacute; b&ecirc;n trong một đơn vị thể t&iacute;ch kh&ocirc;ng kh&iacute;.</li>\n	<li><strong>Độ ẩm kh&ocirc;ng kh&iacute; tương đối</strong> l&agrave; đại lượng thường được sử dụng trong cuộc sống hằng ng&agrave;y, chỉ phần trăm lượng hơi nước chiếm trong kh&ocirc;ng kh&iacute;. Khi độ ẩm tương đối đạt 100% nghĩa l&agrave; kh&ocirc;ng kh&iacute; đạt trạng th&aacute;i b&atilde;o h&ograve;a về h&agrave;m lượng hơi nước.</li>\n	<li><strong>Độ ẩm tỉ lệ</strong> chỉ mức độ ẩm thay đổi t&ugrave;y theo từng mức nhiệt độ kh&aacute;c nhau.</li>\n</ul>\n\n<p>C&aacute;c chỉ số đo lường li&ecirc;n quan đến độ ẩm kh&ocirc;ng kh&iacute; c&oacute; nhiều vai tr&ograve; quan trọng trong nhiều lĩnh vực kh&aacute;c nhau của cuộc sống như sản xuất n&ocirc;ng l&acirc;m ngư nghiệp, sức khỏe, di chuyển, ...</p>\n\n<p>Bề mặt của tr&aacute;i đất được bao phủ hơn 70% l&agrave; nước đến từ c&aacute;c đại dương, s&ocirc;ng suối, ao hồ. Dưới t&aacute;c động của gi&oacute; v&agrave; &aacute;nh s&aacute;ng mặt trời, lượng nước n&agrave;y c&oacute; thể bốc hơi v&agrave; bay v&agrave;o kh&ocirc;ng kh&iacute;. Nhiệt độ c&agrave;ng cao, c&aacute;c ph&acirc;n tử nước chuyển động c&agrave;ng nhanh v&agrave; hỗn loạn khiến lượng hơi nước ph&aacute;t t&aacute;n v&agrave;o kh&ocirc;ng kh&iacute; c&agrave;ng nhiều hơn. Đ&acirc;y ch&iacute;nh l&agrave; cơ chế ch&iacute;nh của việc h&igrave;nh th&agrave;nh độ ẩm trong kh&ocirc;ng kh&iacute;. <strong>Độ ẩm kh&ocirc;ng kh&iacute;</strong> chịu sự ảnh hưởng của nhiệt độ m&ocirc;i trường, &aacute;p suất v&agrave; gi&oacute;. Khi nhiệt độ kh&ocirc;ng kh&iacute; tăng l&ecirc;n cao v&agrave;o c&aacute;c th&aacute;ng m&ugrave;a h&egrave;, độ ẩm kh&ocirc;ng kh&iacute; sẽ giảm xuống thấp.</p>\n\n<p>Ngược lại v&agrave;o c&aacute;c th&aacute;ng m&ugrave;a đ&ocirc;ng, độ ẩm kh&ocirc;ng kh&iacute; tăng cao v&agrave; c&oacute; thể đạt được mức b&atilde;o h&ograve;a. Như vậy, nhiệt độ v&agrave; độ ẩm l&agrave; hai đại lượng c&oacute; mối quan hệ mật thiết với nhau. Con người ứng dụng điều n&agrave;y bằng c&aacute;ch điều chỉnh nhiệt độ nếu muốn thay đổi v&agrave; kiểm so&aacute;t độ ẩm ở mức ph&ugrave; hợp.</p>\n</div>\n<img alt=\"cảm lạnh\" class=\"full uploaded\" src=\"https://vinmec-prod.s3.amazonaws.com/images/20200227_111104_561340_man_with_cold_or_fl.max-1800x1800.jpg\" />\n<div class=\"rich-text\">Độ ẩm kh&ocirc;ng kh&iacute; c&oacute; thể ảnh hưởng đến sức khỏe</div>\n\n<p><strong>XEM TH&Ecirc;M:</strong></p>\n\n<ul>\n	<li><a href=\"https://www.vinmec.com/vi/tin-tuc/thong-tin-suc-khoe/thoi-tiet-anh-huong-den-di-ung-nhu-nao/?location=all\"><strong>Thời tiết ảnh hưởng đến dị ứng như thế n&agrave;o?</strong></a></li>\n	<li><a href=\"https://www.vinmec.com/vi/tin-tuc/thong-tin-suc-khoe/suc-khoe-tong-quat/o-nhiem-khong-khi-va-cac-benh-duong-ho-hap/?location=all\"><strong>&Ocirc; nhiễm kh&ocirc;ng kh&iacute; v&agrave; c&aacute;c bệnh đường h&ocirc; hấp</strong></a></li>\n	<li><a href=\"https://www.vinmec.com/vi/tin-tuc/thong-tin-suc-khoe/cac-chi-so-trong-ket-qua-do-chuc-nang-ho-hap/?link_type=related_posts&amp;location=all\"><strong>C&aacute;c chỉ số trong kết quả đo chức năng h&ocirc; hấp</strong></a></li>\n</ul>\n\n<h2>2. Độ ẩm kh&ocirc;ng kh&iacute; l&yacute; tưởng l&agrave; bao nhi&ecirc;u?</h2>\n\n<div class=\"rich-text\">\n<p>&nbsp;</p>\n\n<p>Với con người, độ ẩm kh&ocirc;ng kh&iacute; l&yacute; tưởng n&ecirc;n dao động trong khoảng từ 40% đến 70%, ri&ecirc;ng với trẻ sơ sinh n&ecirc;n từ 40% đến 60%. Ở mức độ ẩm kh&ocirc;ng kh&iacute; n&agrave;y, vi sinh vật g&acirc;y hại thường được kiểm so&aacute;t, kh&ocirc;ng ph&aacute;t triển qu&aacute; mức.</p>\n\n<p>Trong c&aacute;c t&ograve;a nh&agrave; lớn hay trong c&aacute;c bệnh viện, độ ẩm kh&ocirc;ng kh&iacute; được thiết lập v&agrave; duy tr&igrave; ở mức trung b&igrave;nh khoảng 55%. Khi độ ẩm kh&ocirc;ng kh&iacute; qu&aacute; thấp hoặc qu&aacute; cao đều c&oacute; thể g&acirc;y hại cho sức khỏe của con người.</p>\n</div>\n\n<h2>3. Ảnh hưởng của độ ẩm kh&ocirc;ng kh&iacute; qu&aacute; cao l&ecirc;n sức khỏe con người</h2>\n\n<div class=\"rich-text\">\n<p>&nbsp;</p>\n\n<ul>\n	<li><strong>Độ ẩm kh&ocirc;ng kh&iacute;</strong> được gọi l&agrave; cao khi vượt ngưỡng gi&aacute; trị 70%. Độ ẩm kh&ocirc;ng kh&iacute; tăng l&ecirc;n qu&aacute; cao đến mức b&atilde;o h&ograve;a l&agrave; nguy&ecirc;n nh&acirc;n của nhiều vấn đề bệnh tật, ảnh hưởng kh&ocirc;ng tốt l&ecirc;n sức khỏe của con người, nhất l&agrave; trẻ em v&agrave; những người c&oacute; hệ miễn dịch suy yếu. Những bất lợi g&acirc;y ra do độ ẩm kh&ocirc;ng kh&iacute; qu&aacute; cao:</li>\n	<li>G&acirc;y ẩm mốc, ph&aacute; hủy &aacute;o quần v&agrave; c&aacute;c đồ d&ugrave;ng trong gia đ&igrave;nh</li>\n	<li>G&acirc;y kh&oacute; khăn cho việc bảo quản c&aacute;c trang thiết bị y tế</li>\n	<li>Tụ dịch cho tường v&agrave; s&agrave;n nh&agrave;, c&aacute;c bề mặt trở n&ecirc;n trơn trượt dễ ng&atilde;</li>\n	<li>Vi khuẩn, nấm mốc v&agrave; c&aacute;c vi sinh vật kh&aacute;c c&oacute; điều kiện sinh s&ocirc;i ph&aacute;t triển. Ch&uacute;ng ch&iacute;nh l&agrave; những dị nguy&ecirc;n của c&aacute;c bệnh l&yacute; đường h&ocirc; hấp như <strong>vi&ecirc;m phổi</strong>, <a href=\"https://www.vinmec.com/vi/benh/viem-phe-quan-2955/?location=all\"><strong>vi&ecirc;m phế quản</strong></a>, <a href=\"https://www.vinmec.com/vi/benh/hen-phe-quan-2949/?location=all\"><strong>hen phế quản</strong></a>, bệnh phổi <a href=\"https://www.vinmec.com/vi/tin-tuc/thong-tin-suc-khoe/benh-phoi-tac-nghen-man-tinh-co-lay-khong/?location=all\"><strong>tắc nghẽn mạn t&iacute;nh</strong></a> v&agrave; một số c&aacute;c bệnh l&yacute; ngo&agrave;i da kh&aacute;c.</li>\n</ul>\n</div>\n\n<h2>4. Biện ph&aacute;p khắc phục khi độ ẩm kh&ocirc;ng kh&iacute; tăng cao</h2>\n\n<div class=\"rich-text\">\n<p>&nbsp;</p>\n\n<p>V&agrave;o những th&aacute;ng m&ugrave;a đ&ocirc;ng, khi <strong>thời tiết ẩm ướt</strong> nghĩa l&agrave; độ ẩm kh&ocirc;ng kh&iacute; tăng cao, người d&acirc;n cần lưu &yacute; những điều sau để duy tr&igrave; độ ẩm ổn định trong kh&ocirc;ng kh&iacute;:</p>\n\n<ul>\n	<li>Kh&ocirc;ng n&ecirc;n mở c&aacute;c cửa sổ v&agrave; cửa ch&iacute;nh</li>\n	<li>Lau kh&ocirc; ch&acirc;n trước khi v&agrave;o nh&agrave; hoặc v&agrave;o ph&ograve;ng</li>\n	<li>Sử dụng <strong>điều h&ograve;a kh&ocirc;ng kh&iacute;</strong> hoặc <strong>m&aacute;y h&uacute;t ẩm</strong>. N&ecirc;n lựa chọn m&aacute;y h&uacute;t ẩm cho những kh&ocirc;ng gian c&oacute; diện t&iacute;ch lớn, c&oacute; nhiều thiết bị như trong c&aacute;c bệnh viện, c&aacute;c ph&ograve;ng thiết bị</li>\n	<li>Sử dụng m&aacute;y sấy l&agrave;m kh&ocirc; quần &aacute;o</li>\n	<li>Thường xuy&ecirc;n tắm rửa, giữ vệ sinh da, th&acirc;n thể</li>\n	<li>Ti&ecirc;m ph&ograve;ng c&uacute;m hằng năm v&agrave;o m&ugrave;a đ&ocirc;ng, đặc biệt ở trẻ em v&agrave; người lớn tuổi, người mắc nhiều bệnh l&yacute; m&atilde;n t&iacute;nh.</li>\n</ul>\n</div>\n<img alt=\"Máy hút ẩm\" class=\"full uploaded\" src=\"https://vinmec-prod.s3.amazonaws.com/images/20191120_141721_244044_may-hut-am.max-1800x1800.jpg\" />\n<div class=\"rich-text\">Sử dụng m&aacute;y h&uacute;t ẩm sẽ gi&uacute;p khắc phục độ ẩm kh&ocirc;ng kh&iacute; tăng cao</div>\n\n<div class=\"rich-text\">\n<p>&nbsp;</p>\n\n<p><strong>Bệnh viện Đa khoa Quốc tế Vinmec</strong> hiện cung cấp dịch vụ ti&ecirc;m vắc-xin c&uacute;m<strong>.</strong> Dịch vụ ti&ecirc;m vắc-xin tại Bệnh viện Vinmec đem lại cho kh&aacute;ch h&agrave;ng những lợi &iacute;ch sau:</p>\n\n<ul>\n	<li>Kh&aacute;ch h&agrave;ng đến sử dụng dịch vụ ti&ecirc;m vắc-xin sẽ được c&aacute;c b&aacute;c sĩ chuy&ecirc;n khoa thăm kh&aacute;m, s&agrave;ng lọc đầy đủ c&aacute;c vấn đề về thể trạng v&agrave; sức khỏe, tư vấn về vắc-xin ph&ograve;ng bệnh v&agrave; ph&aacute;c đồ ti&ecirc;m, c&aacute;ch theo d&otilde;i v&agrave; chăm s&oacute;c kh&aacute;ch h&agrave;ng sau ti&ecirc;m chủng trước khi ra chỉ định ti&ecirc;m vắc-xin theo khuyến c&aacute;o mới nhất của Bộ Y tế &amp; Tổ chức Y tế Thế giới nhằm đảm bảo hiệu quả tốt nhất v&agrave; an to&agrave;n nhất cho người ti&ecirc;m vắc-xin.</li>\n	<li>Đội ngũ b&aacute;c sĩ gi&agrave;u kinh nghiệm, chuy&ecirc;n nghiệp, &aacute;p dụng c&aacute;ch giảm đau hiệu quả cho kh&aacute;ch h&agrave;ng trong qu&aacute; tr&igrave;nh ti&ecirc;m chủng.</li>\n	<li>100% kh&aacute;ch h&agrave;ng ti&ecirc;m chủng được theo d&otilde;i 30 ph&uacute;t sau ti&ecirc;m v&agrave; đ&aacute;nh gi&aacute; lại sức khỏe trước khi ra về.</li>\n	<li>Được theo d&otilde;i đa khoa trước, trong v&agrave; sau ti&ecirc;m chủng tại Hệ thống y tế Vinmec v&agrave; lu&ocirc;n c&oacute; ekip cấp cứu sẵn s&agrave;ng phối hợp với ph&ograve;ng ti&ecirc;m chủng xử tr&iacute; c&aacute;c trường hợp sốc phản vệ, suy h&ocirc; hấp - ngừng tuần ho&agrave;n, đảm bảo xử l&yacute; kịp thời, đ&uacute;ng ph&aacute;c đồ khi c&oacute; sự cố xảy ra.</li>\n	<li>Đặc biệt, ph&ograve;ng ti&ecirc;m chủng tho&aacute;ng m&aacute;t, c&oacute; khu vui chơi d&agrave;nh cho trẻ em, gi&uacute;p trẻ c&oacute; cảm gi&aacute;c thoải m&aacute;i v&agrave; t&acirc;m l&yacute; tốt trước v&agrave; sau khi ti&ecirc;m chủng.</li>\n	<li>Vắc-xin được nhập khẩu v&agrave; bảo quản tại hệ thống kho lạnh hiện đại, với d&acirc;y chuyền bảo quản lạnh (Cold chain) đạt ti&ecirc;u chuẩn GSP, giữ vắc-xin trong điều kiện tốt nhất để đảm bảo chất lượng.</li>\n	<li>Trường hợp bố mẹ đưa con đi ti&ecirc;m sẽ nhận tin nhắn nhắc lịch trước ng&agrave;y ti&ecirc;m v&agrave; th&ocirc;ng tin ti&ecirc;m chủng của b&eacute; sẽ được đồng bộ với hệ thống th&ocirc;ng tin ti&ecirc;m chủng quốc gia.</li>\n</ul>\n\n<p>Bệnh viện Đa khoa Quốc tế Vinmec hiện đang cung cấp Chương tr&igrave;nh ti&ecirc;m chủng trọn g&oacute;i với nhiều loại vắc-xin đa dạng cho c&aacute;c đối tượng kh&aacute;c nhau, từ trẻ sơ sinh, trẻ nhỏ, người lớn, phụ nữ trước v&agrave; trong khi mang thai.</p>\n\n<p>Để đăng k&yacute; ti&ecirc;m ph&ograve;ng cho trẻ, Qu&yacute; kh&aacute;ch vui l&ograve;ng li&ecirc;n hệ trực tiếp đến <a href=\"https://www.vinmec.com/vi/danh-sach/ca-nuoc/coso-benh-vien-v-phong-kham/\"><strong>Hệ thống Y tế Vinmec</strong></a> tr&ecirc;n to&agrave;n quốc hoặc đặt hẹn <a href=\"https://www.vinmec.com/vi/dat-kham/\"><strong>TẠI Đ&Acirc;Y</strong></a><strong>.</strong></p>\n\n<p><strong><em>B&agrave;i viết tham khảo nguồn: Healthline.com</em></strong></p>\n</div>\n</div>\n\n<div class=\"ddict_btn\" style=\"left:278.578px; top:2859px\"><img src=\"chrome-extension://bpggmmljdiliancllaapiggllnkbjocb/icon/16.png\" /></div>\n', 'Healthline.com', '#beo', '1', '', '01 thg 9 2020'),
(13, 6, NULL, 'Phòng bệnh nhiễm khuẩn đường hô hấp trên ở trẻ khi giao mùa', 'https://i.imgur.com/3cCzdqn.jpg', 'Nắng Mai', 'Nắng Mai', 'Bệnh nhiễm khuẩn đường hô hấp trên thường xảy ra vào thời điểm giao mùa, lúc trời trở lạnh,', '<div class=\"block-content cms\">\n<div class=\"rich-text\">\n<p><strong>B&agrave;i viết được viết bởi Gi&aacute;o sư, Tiến sĩ, B&aacute;c sĩ Phạm Nhật An - Gi&aacute;m đốc Trung t&acirc;m Nhi ki&ecirc;m trưởng khoa nội tr&uacute; Nhi - Bệnh viện Đa khoa Quốc tế Vinmec Times City.</strong></p>\n</div>\n\n<div class=\"profile-widget\">\n<div class=\"body\">\n<div class=\"profile-widget-top\">\n<h4><a href=\"/danh-sach/bac-si/pham-nhat-an-50932/nhi\">Phạm Nhật An</a></h4>\n</div>\n\n<div class=\"btn-group\"><a class=\"btn btn-sm btn-primary btn-curvy\" href=\"/danh-sach/bac-si/pham-nhat-an-50932/nhi#!dat-kham\">Đăng k&yacute; kh&aacute;m</a></div>\n\n<div class=\"speciality-address\">\n<div class=\"speciality\"><strong>Chuy&ecirc;n khoa </strong> <a href=\"/vi/danh-sach/bac-si/?specialities=nhi\">Nhi</a></div>\n\n<div class=\"place\"><strong>Nơi c&ocirc;ng t&aacute;c </strong> <a href=\"/trung-tam-nhi-benh-vien-da-khoa-quoc-te-vinmec-times-city-29437/nhi\" target=\"_blank\">Trung t&acirc;m Nhi - Bệnh viện Đa khoa Quốc tế Vinmec Times City</a></div>\n</div>\n<a href=\"/danh-sach/bac-si/pham-nhat-an-50932/nhi\">Xem đầy đủ </a></div>\n</div>\n\n<div class=\"rich-text\">\n<p><strong>Bệnh nhiễm khuẩn đường h&ocirc; hấp tr&ecirc;n thường xảy ra v&agrave;o thời điểm giao m&ugrave;a, l&uacute;c trời trở lạnh, độ ẩm trong kh&ocirc;ng kh&iacute; giảm thấp, trẻ em c&oacute; thể mắc căn bệnh n&agrave;y khoảng 6 đến 8 lần trong năm. Để gi&uacute;p cho c&aacute;c phụ huynh biết c&aacute;ch chăm s&oacute;c trẻ, ph&aacute;t hiện v&agrave; xử tr&iacute; kịp thời khi trẻ bị vi&ecirc;m đường h&ocirc; tr&ecirc;n tại nh&agrave;, dưới đ&acirc;y l&agrave; hướng dẫn của Gs. Ts Phạm Nhật An - GĐ Trung t&acirc;m Nhi tại bệnh viện Vinmec Times City.</strong></p>\n</div>\n<img alt=\"Phòng bệnh nhiễm khuẩn đường hô hấp trên ở trẻ khi giao mùa\" class=\"full uploaded\" src=\"https://vinmec-prod.s3.amazonaws.com/images/20190107_042013_532977_nhiem-khuan-duong-h.max-1800x1800.jpg\" />\n<div class=\"rich-text\">Nhiễm khuẩn đường h&ocirc; hấp tr&ecirc;n ở trẻ l&agrave; t&igrave;nh trạng nhiễm tr&ugrave;ng cấp t&iacute;nh ở đường h&ocirc; hấp tr&ecirc;n do ảnh hưởng của c&aacute;c vi sinh vật g&acirc;y bệnh. Bệnh thường xảy ra v&agrave;o thời điểm giao m&ugrave;a (khoảng th&aacute;ng 9 đến th&aacute;ng 3)</div>\n\n<div class=\"rich-text\">\n<p>&nbsp;</p>\n\n<h2>1. Nguy&ecirc;n nh&acirc;n g&acirc;y bệnh nhiễm khuẩn đường h&ocirc; hấp tr&ecirc;n</h2>\n\n<ul>\n	<li>Do virus.</li>\n	<li>Do vi khuẩn.</li>\n	<li>Do cảm lạnh.</li>\n</ul>\n\n<p>Ngo&agrave;i ra, do trẻ em hệ thống miễn dịch cơ thể c&ograve;n yếu n&ecirc;n dễ mắc c&aacute;c bệnh nhiễm khuẩn đường h&ocirc; hấp như <a href=\"/tin-tuc/thong-tin-suc-khoe/huong-dan-cham-soc-tre-bi-viem-mui-hong-cap-dung-cach/\"><strong>vi&ecirc;m mũi họng</strong></a><strong>,</strong> <a href=\"/tin-tuc/thong-tin-suc-khoe/viem-amidan-man-tinh-thuong-gap-o-tuoi-nao-nguyen-nhan-dau-hieu-nhan-biet-cach-dieu-tri/\"><strong>vi&ecirc;m Amydan</strong></a><strong>,</strong> <a href=\"/tin-tuc/thong-tin-suc-khoe/huong-dan-cham-soc-tre-bi-viem-va/\"><strong>vi&ecirc;m V/A</strong></a><strong>,</strong> <a href=\"/tin-tuc/thong-tin-suc-khoe/viem-mui-xoang-cap-do-vi-khuan-o-tre-em/\"><strong>vi&ecirc;m xoang</strong></a><strong>,</strong> <a href=\"/tin-tuc/thong-tin-suc-khoe/huong-dan-cham-soc-tre-bi-viem-tai-giua-chay-mu/\"><strong>vi&ecirc;m tai giữa</strong></a><strong>.</strong></p>\n\n<p><strong>XEM TH&Ecirc;M:</strong></p>\n\n<ul>\n	<li><a href=\"/tin-tuc/thong-tin-suc-khoe/duong-ho-hap-tren-gom-nhung-bo-phan-nao/\"><strong>Đường h&ocirc; hấp tr&ecirc;n gồm những bộ phận n&agrave;o?</strong></a></li>\n	<li><a href=\"/tin-tuc/thong-tin-suc-khoe/co-giat-do-sot-cao-o-tre-nho-so-cuu-tai-nha-nhu-the-nao-cho-an-toan/\"><strong>Co giật do sốt cao ở trẻ nhỏ: Sơ cứu tại nh&agrave; như thế n&agrave;o cho an to&agrave;n?</strong></a></li>\n	<li><a href=\"/tin-tuc/thong-tin-suc-khoe/huong-dan-cham-soc-tre-bi-viem-mui-hong-cap-dung-cach/\"><strong>Hướng dẫn chăm s&oacute;c trẻ bị vi&ecirc;m mũi họng cấp đ&uacute;ng c&aacute;ch</strong></a></li>\n</ul>\n\n<h2>2. Điều kiện thuận lợi g&acirc;y bệnh nhiễm khuẩn đường h&ocirc; hấp tr&ecirc;n</h2>\n\n<ul>\n	<li>Do thời tiết thay đổi đặc biệt l&agrave; khi giao m&ugrave;a. Bệnh thường xảy ra v&agrave;o thời điểm giao m&ugrave;a (khoảng th&aacute;ng 9 đến th&aacute;ng 3), l&uacute;c trời trở lạnh, độ ẩm trong kh&ocirc;ng kh&iacute; giảm thấp.</li>\n	<li>Bệnh hay gặp hơn ở <a href=\"https://www.vinmec.com/vi/benh/sinh-non-3220/\"><strong>trẻ sinh non</strong></a>, nhẹ c&acirc;n, suy dinh dưỡng, suy giảm miễn dịch hoặc c&oacute; bệnh m&atilde;n t&iacute;nh k&egrave;m theo v&agrave; kh&ocirc;ng được nu&ocirc;i dưỡng bằng sữa mẹ.</li>\n	<li>Trẻ sống trong m&ocirc;i trường chật hẹp, &ocirc; nhiễm, vệ sinh k&eacute;m, nhiều kh&oacute;i bụi, thuốc l&aacute;.</li>\n	<li>M&ocirc;i trường c&oacute; nguồn l&acirc;y trẻ h&iacute;t phải dịch tiết c&oacute; chứa vi khuẩn hay virus do người bệnh bắn ra khi họ, hắt hơi, sổ mũi, trẻ cầm nắm c&aacute;c vật dụng, đồ chơi nhiễm bẩn bị b&aacute;m dịch tiết hay c&oacute; sự hiện diện của c&aacute;c vi sinh vật g&acirc;y bệnh.</li>\n</ul>\n\n<p>&nbsp;</p>\n\n<p>&nbsp;</p>\n</div>\n<img alt=\"Phòng bệnh nhiễm khuẩn đường hô hấp trên ở trẻ khi giao mùa\" class=\"full uploaded\" src=\"https://vinmec-prod.s3.amazonaws.com/images/20190107_042214_515442_Nhiem.khuan.duong.h.max-1800x1800.jpg\" />\n<div class=\"rich-text\">Thời tiết thay đổi đặc biệt l&agrave; khi giao m&ugrave;a, m&ugrave;a lạnh l&agrave; điều kiện thuận lợi g&acirc;y bệnh</div>\n\n<div class=\"rich-text\">\n<div id=\"read-more-div\">ĐỌC TIẾP</div>\n\n<h2>3. Một số biểu hiện khi trẻ bị nhiễm khuẩn h&ocirc; hấp tr&ecirc;n</h2>\n\n<ul>\n	<li>Sốt, ho, chảy mũi.</li>\n	<li><a href=\"/tin-tuc/thong-tin-suc-khoe/me-nen-lam-gi-khi-tre-bieng/\"><strong>Trẻ biếng ăn</strong></a>, n&ocirc;n, <a href=\"/tin-tuc/thong-tin-suc-khoe/nhi/tre-em-bi-roi-loan-tieu-hoa-nen-gi/\"><strong>rối loạn ti&ecirc;u h&oacute;a</strong></a>.</li>\n	<li>Trẻ c&oacute; thể quấy kh&oacute;c về đ&ecirc;m nếu bị <a href=\"/tin-tuc/thong-tin-suc-khoe/8-dau-hieu-canh-bao-benh-viem-tai-giua-o-tre-em/\"><strong>vi&ecirc;m tai giữa</strong></a>, <a href=\"/tin-tuc/thong-tin-suc-khoe/viem-mui-xoang-cap-do-vi-khuan-o-tre-em/\"><strong>vi&ecirc;m xoang</strong></a>...</li>\n</ul>\n\n<h2>4. C&aacute;ch ph&ograve;ng bệnh nhiễm khuẩn h&ocirc; hấp tr&ecirc;n</h2>\n\n<ul>\n	<li>Giữ ấm cho trẻ khi thời tiết trở lạnh, nhất l&agrave; khi đưa trẻ đi chơi ngo&agrave;i trời v&agrave;o buổi tối hoặc s&aacute;ng sớm, ở c&aacute;c vị tr&iacute; quan trọng như b&agrave;n ch&acirc;n, b&agrave;n tay, ngực, cổ, đầu.</li>\n	<li>Cho trẻ b&uacute; mẹ từ những giờ đầu sau sinh v&agrave; duy tr&igrave; đến 2 tuổi.</li>\n	<li>Ăn dặm đ&uacute;ng thời điểm với chế độ dinh dưỡng hợp l&yacute;.</li>\n	<li>Cho trẻ uống nhiều nước hơn, ăn đủ chất dinh dưỡng, tăng cường rau xanh v&agrave; hoa quả để tăng sức đề kh&aacute;ng.</li>\n	<li>Cho trẻ đi ti&ecirc;m chủng đầy đủ .</li>\n	<li>Giữ vệ sinh sạch sẽ cho trẻ, vệ sinh mũi họng h&agrave;ng ng&agrave;y bằng dung dịch nước muối sinh l&yacute;.</li>\n	<li>Tr&aacute;nh nhiễm lạnh cho trẻ bằng c&aacute;ch kh&ocirc;ng cho trẻ ăn uống đồ qu&aacute; lạnh.</li>\n	<li>Kh&ocirc;ng n&ecirc;n tiếp x&uacute;c với m&ocirc;i trường c&oacute; kh&oacute;i thuốc l&aacute; v&agrave; bụi, giữ nh&agrave; cửa lu&ocirc;n th&ocirc;ng tho&aacute;ng, sạch sẽ.</li>\n	<li>Hạn chế đưa trẻ đến nơi đ&ocirc;ng người trong m&ugrave;a dịch bệnh. Mang khẩu trang khi tiếp x&uacute;c với người bệnh.</li>\n	<li>Ph&aacute;t hiện sớm c&aacute;c biểu hiện của nhiễm khuẩn h&ocirc; hấp tr&ecirc;n ở trẻ để được <strong>tư vấn b&aacute;c sĩ kịp thời.</strong></li>\n</ul>\n\n<p>&nbsp;</p>\n</div>\n<img alt=\"Phòng bệnh nhiễm khuẩn đường hô hấp trên ở trẻ khi giao mùa\" class=\"full uploaded\" src=\"data:image/gif;base64,R0lGODlhAQABAIAAAAAAAP///yH5BAEAAAAALAAAAAABAAEAAAIBRAA7\" />\n<div class=\"loader loading\">\n<div class=\"spinner\">&nbsp;</div>\n</div>\n\n<div class=\"rich-text\">Hạn chế đưa trẻ đến nơi đ&ocirc;ng người trong m&ugrave;a dịch bệnh, mang khẩu trang khi tiếp x&uacute;c với người bệnh</div>\n\n<div class=\"abtest-hidden-elm rich-text\">\n<p>Khoa nhi tại hệ thống Bệnh viện Đa khoa Quốc tế Vinmec l&agrave; địa chỉ tiếp nhận v&agrave; thăm kh&aacute;m c&aacute;c bệnh l&yacute; m&agrave; trẻ sơ sinh cũng như trẻ nhỏ dễ mắc phải: Sốt virus, sốt vi khuẩn, vi&ecirc;m tai giữa, vi&ecirc;m phổi ở trẻ,....Với trang thiết bị hiện đại, kh&ocirc;ng gian v&ocirc; tr&ugrave;ng, giảm thiểu tối đa t&aacute;c động cũng như nguy cơ l&acirc;y lan bệnh. C&ugrave;ng với đ&oacute; l&agrave; sự tận t&acirc;m từ c&aacute;c b&aacute;c sĩ gi&agrave;u kinh nghiệm chuy&ecirc;n m&ocirc;n với c&aacute;c bệnh nhi, gi&uacute;p việc thăm kh&aacute;m kh&ocirc;ng c&ograve;n l&agrave; nỗi trăn trở của c&aacute;c bậc cha mẹ.</p>\n\n<p>Để đặt lịch kh&aacute;m Nhi, qu&yacute; kh&aacute;ch vui l&ograve;ng đến trực tiếp <strong>hệ thống y tế Vinmec</strong> hoặc đăng k&yacute; kh&aacute;m trực tuyến tr&ecirc;n website để được phục vụ.</p>\n</div>\n\n<p>Để được tư vấn trực tiếp, Qu&yacute; Kh&aacute;ch vui l&ograve;ng bấm số <a class=\"contact-button\" href=\"#\"><strong>HOTLINE</strong></a> hoặc đăng k&yacute; trực tuyến <a class=\"appointment-button\" href=\"#\"><strong>TẠI Đ&Acirc;Y</strong></a>.</p>\n\n<div class=\"abtest-hidden-elm rich-text\">\n<p>&nbsp;</p>\n</div>\n</div>\n', 'https://www.vinmec.com/vi/tin-tuc/thong-tin-suc-khoe/phong-benh-nhiem-khuan-duong-ho-hap-tren-o-tre-khi-giao-mua/', '#beo', '1', '', '01 thg 9 2020');

-- --------------------------------------------------------

--
-- Cấu trúc bảng cho bảng `posts_category`
--

CREATE TABLE `posts_category` (
  `category_Id` int(11) NOT NULL,
  `category_Name` varchar(255) CHARACTER SET utf8 NOT NULL,
  `enable` varchar(50) DEFAULT NULL
) ENGINE=InnoDB DEFAULT CHARSET=utf8mb4;

--
-- Đang đổ dữ liệu cho bảng `posts_category`
--

INSERT INTO `posts_category` (`category_Id`, `category_Name`, `enable`) VALUES
(1, 'S?c kh?', NULL),
(2, 'Sinh lí', '1'),
(3, 'Giáo dục', '1'),
(4, 'Thể dục', '1'),
(5, 'Game', '1'),
(6, 'Hack', '1'),
(7, 'Sức khoẻ', '1');

-- --------------------------------------------------------

--
-- Cấu trúc bảng cho bảng `product`
--

CREATE TABLE `product` (
  `product_Id` int(11) NOT NULL,
  `product_Name` varchar(255) CHARACTER SET utf8 NOT NULL,
  `product_Description` mediumtext CHARACTER SET utf8 NOT NULL,
  `image` varchar(50) NOT NULL,
  `enable` varchar(50) DEFAULT NULL,
  `user_id` int(11) DEFAULT NULL
) ENGINE=InnoDB DEFAULT CHARSET=utf8mb4;

--
-- Đang đổ dữ liệu cho bảng `product`
--

INSERT INTO `product` (`product_Id`, `product_Name`, `product_Description`, `image`, `enable`, `user_id`) VALUES
(1, 'Phở cuốn', '<div id=\"main\">\n<div class=\"cake-bread-pizza cake-butter-cake category-bep-nha-minh format-standard hentry post post-8612 status-publish type-post\">\n<h1><span style=\"color:#000000\">&ldquo;H&ocirc;m nay l&agrave; ng&agrave;y đầu ti&ecirc;n trong k&igrave; nghỉ của m&igrave;nh, trước khi bắt đầu năm học mới&rdquo;.&nbsp;</span></h1>\n\n<div class=\"boxinc entry\">\n<p><span style=\"color:#000000\">Đ&aacute;ng lẽ ra n&oacute; c&oacute; thể l&agrave; như thế. Từ đầu th&aacute;ng m&igrave;nh thật ra đ&atilde; nghĩ vậy, chờ đến khi tuyển sinh xong xu&ocirc;i lớp trung thu online th&igrave; sẽ c&oacute; một v&agrave;i ng&agrave;y nghỉ trước khi bắt đầu năm học mới ở trường ĐH. Nhưng đến ph&uacute;t ch&oacute;t th&igrave; kế hoạch đ&atilde; bể tan t&agrave;nh v&igrave; c&oacute; th&ecirc;m một mớ việc mới rơi tr&uacute;ng đầu <img alt=\":-(\" class=\"wp-smiley\" src=\"http://www.savourydays.com/wp-includes/images/smilies/2.gif\" /> <img alt=\":-(\" class=\"wp-smiley\" src=\"http://www.savourydays.com/wp-includes/images/smilies/2.gif\" /> <img alt=\":-(\" class=\"wp-smiley\" src=\"http://www.savourydays.com/wp-includes/images/smilies/2.gif\" /> &nbsp;Cũng hơi ch&aacute;n một t&iacute; nhưng th&ocirc;i tự an ủi l&agrave; d&ugrave; sao m&igrave;nh vẫn c&oacute; thể ở nh&agrave; để l&agrave;m việc v&agrave; vẫn c&ograve;n ch&uacute;t &iacute;t thời gian để l&agrave;m. D&ugrave; chắc l&agrave; sẽ đầu tắt mặt tối đấy, nhưng sự đ&atilde; thế rồi th&igrave; l&agrave;m thế n&agrave;o kh&aacute;c được&hellip;&nbsp;</span></p>\n\n<p><span style=\"color:#000000\">Vậy n&ecirc;n, c&acirc;u tr&ecirc;n được thay bằng: &ldquo;h&ocirc;m nay l&agrave; ng&agrave;y đầu ti&ecirc;n trong k&igrave; l&agrave;m việc (c&oacute; thể sẽ l&agrave; một k&igrave; sấp mặt) mới của m&igrave;nh&rdquo;. V&agrave; s&aacute;ng nay, khi c&ograve;n đang chưa bắt đầu từ đ&acirc;u th&igrave; m&igrave;nh quyết định đi nướng b&aacute;nh trước. </span></p>\n\n<p><span style=\"color:#000000\">&ldquo;Đ&atilde; bận th&igrave; chớ c&ograve;n b&aacute;nh với tr&aacute;i!&rdquo; <img alt=\":d\" class=\"wp-smiley\" src=\"http://www.savourydays.com/wp-includes/images/smilies/4.gif\" /> <img alt=\":d\" class=\"wp-smiley\" src=\"http://www.savourydays.com/wp-includes/images/smilies/4.gif\" /> Nhưng thực ra trong l&uacute;c t&acirc;m trạng kh&aacute; l&agrave; bấn loạn v&agrave; lộn xộn như thế n&agrave;y th&igrave; b&aacute;nh ch&iacute;nh l&agrave; phương thuốc thần diệu để cứu nguy. V&igrave; l&agrave;m b&aacute;nh, nhất l&agrave; khi l&agrave;m cho người kh&aacute;c th&igrave; thường l&agrave; m&igrave;nh sẽ tập trung hết v&agrave;o b&aacute;nh th&ocirc;i, n&ecirc;n đầu &oacute;c sẽ tự nhi&ecirc;n kh&ocirc;ng suy nghĩ g&igrave; nữa, v&agrave; lắng xuống. Giống như một cốc nước đang vẩn đục từ từ lắng lại, b&ugrave;n đất sẽ đọng xuống đ&aacute;y, chỉ c&ograve;n nước trong b&ecirc;n tr&ecirc;n. T&acirc;m tr&iacute; cũng vậy, l&agrave;m b&aacute;nh một ch&uacute;t l&agrave; thấy đầu &oacute;c dần dần &ldquo;y&ecirc;n tĩnh&rdquo; trở lại, l&ograve;ng b&igrave;nh an hơn.&nbsp;</span></p>\n\n<p><span style=\"color:#000000\">B&aacute;nh h&ocirc;m nay m&igrave;nh l&agrave;m cho gia đ&igrave;nh, từ U3 đến U80 n&ecirc;n c&oacute; nhiều loại kh&aacute;c nhau: b&aacute;nh b&ocirc;ng lan bơ chanh, chiffon, b&aacute;nh m&igrave; hoa c&uacute;c v&agrave; b&aacute;nh Donut &ldquo;su&yacute;t hỏng&rdquo;. Sự t&iacute;ch m&oacute;n Donut &ldquo;su&yacute;t hỏng&rdquo; l&agrave; vốn ban đầu m&igrave;nh định l&agrave;m b&aacute;nh m&igrave; hoa c&uacute;c. Nhưng m&igrave;nh c&oacute; đổi c&ocirc;ng thức, v&agrave; d&ugrave;ng một loại bột mới m&agrave; m&igrave;nh chưa bao giờ d&ugrave;ng. L&uacute;c trộn xong thấy bột kh&aacute; l&agrave; kh&ocirc;ng ổn, nhồi cũng kh&ocirc;ng mịn, gluten rất yếu. Kh&ocirc;ng r&otilde; l&agrave; do bột hay do c&ocirc;ng thức thay đổi n&ecirc;n m&igrave;nh quyết định đi l&agrave;m mẻ hoa c&uacute;c kh&aacute;c, c&ograve;n khối bột kia th&igrave; cho th&ecirc;m bột gluten cao v&agrave;o rồi để y&ecirc;n đ&oacute;. Qua khoảng một giờ quay lại thấy bột c&oacute; vẻ cứu được n&ecirc;n m&igrave;nh l&agrave;m tiếp. Kết quả l&agrave; lại th&agrave;nh ra một c&aacute;i b&aacute;nh rất ổn, b&aacute;nh m&igrave; nhưng lại nhẹ v&agrave; xốp hơi giống b&aacute;nh b&ocirc;ng lan (mặc d&ugrave; m&igrave;nh kh&ocirc;ng d&ugrave;ng bất k&igrave; kĩ thuật g&igrave; để b&aacute;nh nhẹ cả, chỉ l&agrave;m kiểu th&ocirc;ng thường th&ocirc;i). M&agrave; l&uacute;c sửa m&igrave;nh kh&ocirc;ng ghi lại c&ocirc;ng thức n&ecirc;n cũng kh&ocirc;ng biết n&ecirc;n gọi l&agrave; g&igrave;, cứ đặt tạm l&agrave; Donut &ldquo;su&yacute;t hỏng&rdquo; vậy <img alt=\":d\" class=\"wp-smiley\" src=\"http://www.savourydays.com/wp-includes/images/smilies/4.gif\" /> &nbsp;</span></p>\n\n<div id=\"google-ads-body-post-mid\">&nbsp;</div>\n\n<p><span style=\"color:#000000\">V&agrave; đ&acirc;y l&agrave; th&agrave;nh phẩm của ng&agrave;y h&ocirc;m nay&nbsp;</span></p>\n\n<p><span style=\"color:#000000\">Đ&acirc;y l&agrave; b&aacute;nh b&ocirc;ng lan bơ chanh l&agrave;m cho U3 trong nh&agrave;, b&aacute;nh nho nhỏ xinh xinh dễ ăn v&agrave; dễ để d&agrave;nh. Khu&ocirc;n Chiyoda chưa bao giờ l&agrave;m m&igrave;nh thất vọng. N&oacute;i chung nếu muốn l&agrave;m c&aacute;i g&igrave; nhanh, ngon, dễ, chất lại đẹp th&igrave; B&ocirc;ng lan bơ chanh v&agrave; Chiyoda ch&iacute;nh l&agrave; cặp đ&ocirc;i ho&agrave;n hảo <img alt=\";-)\" class=\"wp-smiley\" src=\"http://www.savourydays.com/wp-includes/images/smilies/3.gif\" /> &nbsp;</span></p>\n\n<p>C&ocirc;ng thức b&aacute;nh trong s&aacute;ch Nhật k&yacute; học l&agrave;m b&aacute;nh tập 1, hoặc c&aacute;c bạn thử c&ocirc;ng thức n&agrave;y cũng được:&nbsp;<a href=\"http://www.savourydays.com/passion-fruit-pound-cake-banh-bong-lan-bo-chanh-leo/\">http://www.savourydays.com/passion-fruit-pound-cake-banh-bong-lan-bo-chanh-leo/</a></p>\n\n<p><img alt=\"\" class=\"aligncenter size-large wp-image-8613\" src=\"http://www.savourydays.com/wp-content/uploads/2020/08/IMG_0726-1-1024x683.jpg\" style=\"height:683px; width:1024px\" /></p>\n\n<p><span style=\"color:#000000\">Donut &ldquo;su&yacute;t hỏng&rdquo;. Khu&ocirc;n của Wilton mua từ l&uacute;c n&agrave;o chẳng nhớ m&agrave; chưa bao giờ d&ugrave;ng, h&ocirc;m nay d&ugrave;ng thấy kh&aacute; hay, b&aacute;nh nướng đều, đẹp, chắc sắp tới m&igrave;nh sẽ tận dụng nhiều hơn.&nbsp;</span></p>\n\n<div><a href=\"http://www.savourydays.com/lop-hoc-lam-banh/\" target=\"_blank\"><img src=\"http://www.savourydays.com/wp-content/uploads/2020/03/SDbakingClass_s.jpg\" /></a></div>\n&nbsp;\n\n<p><img alt=\"\" class=\"aligncenter size-large wp-image-8614\" src=\"http://www.savourydays.com/wp-content/uploads/2020/08/IMG_0733-1-1024x683.jpg\" style=\"height:683px; width:1024px\" /></p>\n\n<p>Một c&aacute;i chiffon mini dư ra từ bột l&agrave;m trong khu&ocirc;n to đ&ugrave;ng..</p>\n\n<p><img alt=\"\" class=\"aligncenter size-large wp-image-8615\" src=\"http://www.savourydays.com/wp-content/uploads/2020/08/IMG_0742-1-685x1024.jpg\" style=\"height:1024px; width:685px\" /></p>\n\n<p>V&agrave; b&aacute;nh m&igrave; vỏ gi&ograve;n, bữa tối nay, s&aacute;ng mai, c&oacute; thể cả ng&agrave;y mai lu&ocirc;n v&igrave; ăn b&aacute;nh m&igrave; kiểu n&agrave;y chẳng bao giờ ch&aacute;n cả&hellip; <img alt=\":-)\" class=\"wp-smiley\" src=\"http://www.savourydays.com/wp-includes/images/smilies/1.gif\" /></p>\n\n<p><img alt=\"\" class=\"aligncenter size-large wp-image-8616\" src=\"http://www.savourydays.com/wp-content/uploads/2020/08/IMG_0757-1-683x1024.jpg\" style=\"height:1024px; width:683px\" /></p>\n\n<div id=\"google-ads-body-post-end\">&nbsp;</div>\n\n<p><span style=\"color:#000000\">L&agrave;m xong b&aacute;nh mới l&agrave; đầu giờ chiều, vẫn c&ograve;n kha kh&aacute; thời gian để suy nghĩ về chuyện c&ocirc;ng việc. Cứ từ từ l&agrave;m dần dần, hi vọng l&agrave; sẽ ổn th&ocirc;i <img alt=\":-)\" class=\"wp-smiley\" src=\"http://www.savourydays.com/wp-includes/images/smilies/1.gif\" /> &nbsp;</span></p>\n\n<div class=\"ac advertise-end\">\n<h3>S&aacute;ch học l&agrave;m b&aacute;nh của Linh Trang</h3>\n<a href=\"http://www.savourydays.com/gioi-thieu-sach/\" onclick=\"trackOutboundLink(\'http://www.savourydays.com/gioi-thieu-sach/\'); return false;\"><img src=\"http://www.savourydays.com/wp-content/uploads/2015/07/nhat-ky-hoc-lam-banh-2.jpg\" /></a><br />\n<br />\n<!-- quang cao google --> <!--matched content--></div>\n</div>\n</div>\n\n<div class=\"comment-respond\" id=\"respond\">\n<form action=\"http://www.savourydays.com/wp-comments-post.php\" id=\"commentform\" method=\"post\">&nbsp;</form>\n</div>\n<!-- #respond --></div>\n', 'https://i.imgur.com/kMPED8U.jpeg', '1', 1),
(2, 'Bò hầm kiểu pháp', '<div class=\"boxinc content-full entry instructions print-only\"><!-- <font color=\"red\"><b>THÔNG BÁO: Từ ngày 31.08.2016 đến 15.09.2016 mình sẽ không trả lời được câu hỏi trên tất cả các kênh của Savoury Days (blog, facebook, youtube, ...). Mong các bạn thông cảm.<br>-------------------------------</b><br></font> -->\n<p>H&ocirc;m nay m&igrave;nh bắt đầu &ldquo;nấu ăn tử tế&rdquo; trở lại.</p>\n\n<p>Thật ra d&ugrave;ng từ &ldquo;tử tế&rdquo; cũng kh&ocirc;ng ch&iacute;nh x&aacute;c lắm, nhưng tạm thời chẳng nghĩ ra từ g&igrave; hay hơn n&ecirc;n cứ để đ&oacute; vậy.</p>\n\n<p>M&igrave;nh, thời gian vừa rồi ăn uống vẫn rất tử tế, nhưng nấu nướng chắc chắn l&agrave; kh&ocirc;ng được tử tế cho lắm. Lần cuối c&ugrave;ng c&oacute; thể &ldquo;nấu v&agrave; nướng một c&aacute;ch tử tế&rdquo; chắc l&agrave; l&acirc;u lắm rồi, từ hồi c&ograve;n ở b&ecirc;n Đức, mấy th&aacute;ng trước khi về Việt Nam.</p>\n\n<p>Từ sau khi về Việt Nam m&igrave;nh thấy m&igrave;nh nấu nướng lười hơn hẳn. Nửa năm đầu ti&ecirc;n l&agrave; v&igrave; chưa c&oacute; nh&agrave; n&ecirc;n chưa c&oacute; bếp. Một năm tiếp theo l&agrave; v&igrave; qu&aacute; bận việc ở trường, ki&ecirc;m nhiệm th&ecirc;m cả l&agrave;m Savoury Days studio. Đi dạy học, soạn b&agrave;i, l&agrave;m nghi&ecirc;n cứu quanh năm ng&agrave;y th&aacute;ng. Việc nhiều hơn gấp ba, bốn lần thời c&ograve;n ở b&ecirc;n Đức, hay kể cả thời bận nhất l&agrave; l&uacute;c ho&agrave;n th&agrave;nh luận &aacute;n ở b&ecirc;n Bỉ nữa.</p>\n\n<p>Một phần l&yacute; do kh&aacute;c của sự lười l&agrave; ở Việt Nam đồ ăn sẵn nhiều v&ocirc; kể. Ra đường ba bước l&agrave; c&oacute; h&agrave;ng ăn. Kh&ocirc;ng muốn ra khỏi nh&agrave; th&igrave; cầm điện thoại v&agrave;o Facebook, v&agrave;o app ship h&agrave;ng, bấm bấm bấm l&agrave; mười lăm, hai mươi ph&uacute;t sau c&oacute; cơm dẻo canh ngọt đưa tới cửa. Ở nh&agrave; đ&atilde; thế, qua studio c&agrave;ng &nbsp;ỷ lại c&oacute; đội SD, to&agrave;n c&aacute;c chị em chăm chỉ kh&eacute;o l&eacute;o, l&agrave;m hết hộ m&igrave;nh rồi th&agrave;nh ra bản th&acirc;n sinh lười biếng. M&oacute;n mới vẫn l&agrave;m, c&ocirc;ng thức mới vẫn thử nhưng bản chất của việc nấu nướng kh&ocirc;ng c&ograve;n như trước nữa.</p>\n\n<div id=\"google-ads-body-post-mid\">&nbsp;</div>\n\n<p>Hồi năm ngo&aacute;i bận qu&aacute; nhiều việc n&ecirc;n m&igrave;nh cũng kh&ocirc;ng để &yacute;, nhưng dạo gần đ&acirc;y c&oacute; thời gian rảnh hơn, bỗng nhi&ecirc;n nhận ra tuy mọi thứ vấn su&ocirc;n sẻ, tr&ocirc;i chảy, ổn thoả nhưng h&igrave;nh như m&igrave;nh kh&ocirc;ng c&ograve;n thấy vui như trước. Ngồi rảnh rỗi nghĩ lại những ng&agrave;y c&ograve;n ở ch&acirc;u &Acirc;u, tự nhi&ecirc;n thấy nhớ v&ocirc; c&ugrave;ng mỗi cuối tuần đều l&ecirc;n kế hoạch nấu một v&agrave;i m&oacute;n mới. S&aacute;ng thứ bảy thu xếp chạy ra chợ n&ocirc;ng d&acirc;n sớm, mua c&aacute; mới đ&aacute;nh bắt l&ecirc;n từ biển, rau quả mới thu hoạch từ n&ocirc;ng trại. Rồi l&ecirc;n t&agrave;u điện chạy ra si&ecirc;u thị mua th&ecirc;m &iacute;t đồ l&agrave;m b&aacute;nh. Hai ng&agrave;y cuối tuần chẳng mấy khi nghỉ ngơi m&agrave; thường chỉ d&agrave;nh để nấu nấu nướng nướng v&agrave; chụp ảnh. Bận v&agrave; mệt nhưng l&uacute;c n&agrave;o cũng rất vui. Về Việt Nam, h&igrave;nh như l&acirc;u rồi m&igrave;nh kh&ocirc;ng c&ograve;n niềm vui ấy.</p>\n\n<p>M&igrave;nh vẫn lu&ocirc;n biết nấu nướng l&agrave; nguồn vui lớn lao của m&igrave;nh. Nhưng sau hai năm vừa rồi, về Việt Nam v&agrave; c&oacute; rất nhiều sự thay đổi, đến b&acirc;y giờ m&igrave;nh mới c&agrave;ng nhận ra r&otilde; hơn thật ra điều l&agrave;m m&igrave;nh hạnh ph&uacute;c nhất ch&iacute;nh l&agrave; được tự m&igrave;nh thử nghiệm mọi thứ, tự m&igrave;nh l&agrave;m ra c&aacute;i mới, kh&ocirc;ng chỉ l&agrave; m&oacute;n ăn m&agrave; c&ograve;n l&agrave; cả những tấm ảnh chụp nữa.</p>\n\n<p>Vậy n&ecirc;n, m&igrave;nh đ&atilde; quyết định rồi. M&igrave;nh sẽ lại (cố gắng) quay về với những c&ocirc;ng việc như trước đ&acirc;y. Sẽ lại lao v&agrave;o bếp thử nghiệm m&oacute;n mới, nấu nướng, rồi chụp ảnh.&nbsp;Mấy năm gần đ&acirc;y thật ra m&igrave;nh c&oacute; rất nhiều dự định v&agrave; kế hoạch, mỗi lần đều tự hứa sẽ cố gắng duy tr&igrave;, nhưng đa phần l&agrave; thất bại. N&ecirc;n lần n&agrave;y &nbsp;m&igrave;nh kh&ocirc;ng hứa hẹn g&igrave; cả nữa. M&igrave;nh cứ l&agrave;m th&ocirc;i. Cũng kh&ocirc;ng đặt ra lịch hay kế hoạch g&igrave; cụ thể. Tuần n&agrave;o rảnh sẽ l&agrave;m nhiều, tuần n&agrave;o bận th&igrave; tạm nghỉ. &ldquo;Niềm vui&rdquo; m&agrave; lại phải quy th&agrave;nh lịch, th&agrave;nh kế hoạch phải l&agrave;m th&igrave; nhanh mất vui lắm.</p>\n\n<p>Sẽ bắt đầu từ đ&acirc;u? Hơi kh&oacute; v&igrave; về VN rồi thấy c&oacute; nhiều thứ muốn thử qu&aacute;. Nhưng chắc m&igrave;nh sẽ bắt đầu từ mớ s&aacute;ch học l&agrave;m b&aacute;nh v&agrave; nấu ăn của m&igrave;nh. M&igrave;nh c&oacute; nhiều s&aacute;ch nấu nướng lắm, cực k&igrave; nhiều ấy. T&iacute;nh cả số s&aacute;ch giấy v&agrave; ebook chắc cũng v&agrave;i trăm quyển. Tất nhi&ecirc;n l&agrave; chưa đọc v&agrave; chưa thử hết. M&agrave; to&agrave;n s&aacute;ch hay th&ocirc;i n&ecirc;n từ giờ, m&igrave;nh sẽ cố gắng tận dụng kho t&agrave;ng n&agrave;y triệt để.</p>\n\n<p>Một l&yacute; do nữa l&agrave; m&igrave;nh rất th&iacute;ch bộ phim <em>Julie and Julia,</em> kể về c&acirc;u chuyện của một c&ocirc; g&aacute;i mỗi ng&agrave;y đều thử một m&oacute;n ăn từ cuốn s&aacute;ch dạy nấu ăn của Julia Child &ndash; đầu bếp huyền thoại, người đ&atilde; mang ẩm thực Ph&aacute;p về nước Mỹ. M&igrave;nh rất ngưỡng mộ sự ki&ecirc;n tr&igrave; ấy. Tuy m&igrave;nh chắc l&agrave; kh&ocirc;ng mỗi ng&agrave;y thử một m&oacute;n được nhưng m&igrave;nh rất muốn tập nấu c&aacute;c m&oacute;n mới một c&aacute;ch tử tế, n&ecirc;n m&igrave;nh sẽ bắt đầu với mấy cuốn dạy nấu nướng kinh điển của Julia Child, Gordon Ramsay&hellip; m&agrave; m&igrave;nh c&oacute; xem sao.</p>\n\n<div><a href=\"http://www.savourydays.com/lop-hoc-lam-banh/\" target=\"_blank\"><img src=\"http://www.savourydays.com/wp-content/uploads/2020/03/SDbakingClass_s.jpg\" /></a></div>\n&nbsp;\n\n<p>V&agrave; h&ocirc;m nay m&igrave;nh đ&atilde; bắt tay v&agrave;o thử m&oacute;n đầu ti&ecirc;n &ndash; <strong>SƯỜN B&Ograve; HẦM KIỂU PH&Aacute;P (m&oacute;n Boeuf Bourguignon ấy <img alt=\":d\" class=\"wp-smiley\" src=\"http://www.savourydays.com/wp-includes/images/smilies/4.gif\" /> )</strong></p>\n\n<p>Ăn b&ograve; hầm trong m&ugrave;a n&agrave;y thật ra l&agrave; kh&ocirc;ng hợp lắm. Nhưng phần sườn b&ograve; trong ngăn đ&ocirc;ng từ l&acirc;u lắm rồi, phải xử l&iacute; th&ocirc;i. Trong ngăn rau cũng c&ograve;n kh&aacute; nhiều rau củ th&iacute;ch hợp với m&oacute;n hầm nữa. M&agrave; sườn b&ograve; hầm l&agrave; m&oacute;n m&igrave;nh ấn tượng nhất trong phim Julie and Julia, nhưng chưa bao giờ c&oacute; dịp thử. N&ecirc;n cứ nấu vậy, nếu ăn m&agrave; n&oacute;ng qu&aacute; th&igrave; bật điều ho&agrave; l&ecirc;n l&agrave; xong <img alt=\":d\" class=\"wp-smiley\" src=\"http://www.savourydays.com/wp-includes/images/smilies/4.gif\" /></p>\n\n<p>M&oacute;n n&agrave;y nấu rất dễ, quan trọng nhất l&agrave; phải c&oacute; phần <em>stock</em> &ndash; nước hầm từ rau củ v&agrave; thịt. M&igrave;nh chưa bao giờ nấu một loại <em>stock</em> n&agrave;o nghi&ecirc;m chỉnh tử tế cả. V&igrave; trước giờ m&igrave;nh vẫn lu&ocirc;n th&iacute;ch những thứ nhanh gọn đơn giản n&ecirc;n việc nấu một nồi nước d&ugrave;ng trong 12 giờ ++ quả thực l&agrave; qu&aacute; sức với m&igrave;nh. Nhưng m&agrave; muốn c&oacute; m&oacute;n ăn ngon v&agrave; muốn nấu nướng &ldquo;tử tế&rdquo; th&igrave; phải chịu kh&oacute; th&ocirc;i.</p>\n\n<p>C&oacute; một vấn đề nho nhỏ l&agrave; sau khi nghi&ecirc;n cứu c&aacute;ch l&agrave;m <em>beef stock </em>(nước d&ugrave;ng từ xương v&agrave; thịt b&ograve;)&nbsp;từ 3 cuốn s&aacute;ch kh&aacute;c nhau, m&igrave;nh ph&aacute;t hiện ra m&igrave;nh kh&ocirc;ng đủ nguy&ecirc;n liệu. Muốn đủ chắc phải đợi tới tối mai, nhưng thịt b&ograve; đ&atilde; r&atilde; đ&ocirc;ng th&igrave; kh&ocirc;ng thể chờ được. Th&ocirc;i th&igrave; c&oacute; g&igrave; d&ugrave;ng nấy, nấu nướng &ldquo;tử tế&rdquo; lại để tới lần sau vậy <img alt=\":-p\" class=\"wp-smiley\" src=\"http://www.savourydays.com/wp-includes/images/smilies/10.gif\" /></p>\n\n<p>V&agrave; với tinh thần c&oacute; g&igrave; d&ugrave;ng nấy, m&igrave;nh đ&atilde; s&aacute;ng chế ra một m&oacute;n nước d&ugrave;ng mới cho m&oacute;n b&ograve; hầm của m&igrave;nh theo trường ph&aacute;i cực k&igrave; nhố nhăng như sau</p>\n\n<div id=\"google-ads-body-post-end\">&nbsp;</div>\n\n<p><strong>1 kg xương lợn </strong></p>\n\n<ul>\n	<li>Cho xương v&agrave;o nồi, đổ ngập nước th&ecirc;m ch&uacute;t muối. Đun s&ocirc;i rồi hạ lửa vừa, nấu liu riu độ 3 ph&uacute;t th&igrave; đổ nước đi, rửa lại thật sạch.</li>\n	<li>L&agrave;m n&oacute;ng l&ograve; nướng 220 độ C cả hai lửa tr&ecirc;n v&agrave; dưới</li>\n	<li>Cho xương v&agrave;o khay nướng c&oacute; l&oacute;t giấy bạc (để l&agrave;m xong đỡ phải rửa khay mệt). Rưới 2 tbsp/ 2 th&igrave;a canh/ 30 ml dầu Olive l&ecirc;n, nướng 40 &ndash; 45 ph&uacute;t ở 200 độ C tới khi xương x&eacute;m n&acirc;u.</li>\n</ul>\n\n<p><img alt=\"\" class=\"aligncenter size-large wp-image-8363\" src=\"http://www.savourydays.com/wp-content/uploads/2019/08/IMG_8516-1024x683.jpg\" style=\"height:683px; width:1024px\" /></p>\n\n<p><strong>2 củ h&agrave;nh t&acirc;y, 2 củ c&agrave; rốt, 1 củ cải&nbsp;</strong></p>\n\n<ul>\n	<li>Trong l&uacute;c chờ nướng xương, gọt vỏ, cắt c&aacute;c loại rau n&agrave;y th&agrave;nh kh&uacute;c lớn, d&agrave;i 4 &ndash; 5 cm.</li>\n	<li>Khi xương đ&atilde; chuyển n&acirc;u, gắp xương cho v&agrave;o nồi hầm. Chắt bớt mỡ trong khay nướng, để lại khoảng 30 ml (2 tbsp). Cho c&aacute;c loại rau v&agrave;o, đảo đều rồi nướng khoảng 20 ph&uacute;t.</li>\n</ul>\n\n<p><img alt=\"\" class=\"aligncenter size-large wp-image-8364\" src=\"http://www.savourydays.com/wp-content/uploads/2019/08/IMG_8519-1024x683.jpg\" style=\"height:683px; width:1024px\" /></p>\n\n<p><strong>2 quả c&agrave; chua (độ 70 g/ quả)&nbsp;</strong></p>\n\n<ul>\n	<li>Rửa sạch, xay nhuyễn c&agrave; chua. C&oacute; thể d&ugrave;ng c&agrave; chua đ&oacute;ng hộp cũng được.</li>\n	<li>Rau củ nướng xong xếp v&agrave;o nồi, th&ecirc;m c&agrave; chua xay nhuyễn. Đổ nước lạnh cao hơn xương v&agrave; rau khoảng 5 cm.</li>\n	<li>Khi nước s&ocirc;i hớt bớt bọt. Nếu c&oacute; l&aacute; thơm kiẻu &Yacute; (Italian mixed herbs, hỗn hợp gồm 5 &ndash; 6 loại l&aacute; thơm kh&aacute;c nhau, c&oacute; b&aacute;n trong c&aacute;c cửa h&agrave;ng b&aacute;n đồ nhập khẩu như An Nam Gourmet) th&igrave; n&ecirc;n cho v&agrave;o nồi độ 1/2 tsp (1/2 th&igrave;a cafe). Hoặc c&oacute; thể d&ugrave;ng l&aacute; Oregano, basil, thyme cho v&agrave;o, sẽ rất thơm. Miễn đừng d&ugrave;ng qu&aacute; nhiều tr&aacute;nh bị hắc qu&aacute; l&agrave; được. Hầm trong nồi &aacute;p suất khoảng 3 giờ.</li>\n</ul>\n\n<p><img alt=\"\" class=\"aligncenter size-large wp-image-8365\" src=\"http://www.savourydays.com/wp-content/uploads/2019/08/IMG_8522-1024x683.jpg\" style=\"height:683px; width:1024px\" /></p>\n\n<p>Mở nồi ra, trời ơi, trong nồi l&agrave; một thứ tuyệt phẩm thơm nức nở, nước d&ugrave;ng đặc s&aacute;nh chất lừ. Chỉ nh&igrave;n th&ocirc;i cũng đ&atilde; biết l&agrave; ngon rồi ấy. Tuy kh&ocirc;ng đ&uacute;ng chuẩn nhưng nước d&ugrave;ng kiểu n&agrave;y, c&oacute; d&ugrave;ng để nấu m&oacute;n g&igrave; cũng chắc chắn l&agrave; ngon. M&igrave;nh thực sự đ&atilde; đ&aacute;nh gi&aacute; qu&aacute; thấp tầm quan trọng của c&aacute;c loại nước d&ugrave;ng rồi.</p>\n\n<p><img alt=\"\" class=\"aligncenter size-large wp-image-8366\" src=\"http://www.savourydays.com/wp-content/uploads/2019/08/IMG_8526-1024x683.jpg\" style=\"height:683px; width:1024px\" /></p>\n\n<p>Nhưng lần n&agrave;y l&agrave;m vẫn c&ograve;n thiếu mấy thứ nguy&ecirc;n liệu theo đ&uacute;ng c&ocirc;ng thức, n&ecirc;n lần sau khi l&agrave;m lại, m&igrave;nh sẽ r&uacute;t kinh nghiệm mấy điểm sau:</p>\n\n<ol>\n	<li><span style=\"color:#800000\">D&ugrave;ng xương lợn th&igrave; nước d&ugrave;ng vẫn hơi c&oacute; m&ugrave;i xương lợn, lần sau n&ecirc;n mua xương sườn b&ograve; hoặc đu&ocirc;i b&ograve;</span></li>\n	<li><span style=\"color:#800000\">Lần sau n&ecirc;n chuẩn bị đủ cả cần t&acirc;y, l&aacute; thơm c&aacute;c loại theo c&ocirc;ng thức.</span></li>\n	<li><span style=\"color:#800000\">Thay v&igrave; nướng rau trong 20 ph&uacute;t, n&ecirc;n &aacute;p chảo với mỡ th&igrave; rau sẽ x&eacute;m n&acirc;u nhanh v&agrave; thơm hơn.</span></li>\n</ol>\n\n<p>Nước d&ugrave;ng n&agrave;y để ngăn m&aacute;t tủ lạnh d&ugrave;ng trong 2 ng&agrave;y, nếu kh&ocirc;ng chia th&agrave;nh c&aacute;c hộp nhỏ, để ngăn đ&aacute; d&ugrave;ng dần trong 2 th&aacute;ng nh&eacute;.</p>\n\n<p>C&oacute; nước d&ugrave;ng rồi th&igrave; nấu b&ograve; hầm rất đơn giản th&ocirc;i:</p>\n\n<p><strong>* Bước 1</strong>. Để lửa vừa, d&ugrave;ng chảo s&acirc;u l&ograve;ng hoặc nồi gang đun chảy 1 tbsp/ 1 th&igrave;a/ 15 gram bơ (d&ugrave;ng bơ động vật, bơ ngon, ko n&ecirc;n d&ugrave;ng bơ thực vật). Cho 1 củ h&agrave;nh t&acirc;y th&aacute;i hạt lựu v&agrave;o x&agrave;o 5- 7 ph&uacute;t đến khi h&agrave;nh t&acirc;y v&agrave;ng n&acirc;u. Tr&uacute;t h&agrave;nh ra đĩa. Việc đảo tới khi h&agrave;nh v&agrave;ng n&acirc;u v&agrave; c&oacute; &iacute;t ch&aacute;y n&acirc;u ở đ&aacute;y nồi thế kia sẽ gi&uacute;p cho m&oacute;n ăn thơm ngon hơn nha, n&ecirc;n đừng d&ugrave;ng chảo chống d&iacute;nh để nấu ở bước n&agrave;y.</p>\n\n<p><img alt=\"\" class=\"aligncenter size-large wp-image-8367\" src=\"http://www.savourydays.com/wp-content/uploads/2019/08/IMG_8529-1024x683.jpg\" style=\"height:683px; width:1024px\" /></p>\n\n<p>*<strong> Bước 2.</strong> Cho v&agrave;o chảo 2 &ndash; 3 tbsp (2-3 th&igrave;a hoặc 30 &ndash; 45 gram) bơ v&agrave;o đun chảy. Cho 600 g thịt sườn b&ograve; th&aacute;i khối to, cỡ 2 &ndash; 3 cm v&agrave; 1/2 củ tỏi đập dập v&agrave;o đảo tới khi thịt b&ograve; hết m&agrave;u hồng, tr&uacute;t ra đĩa.</p>\n\n<p><img alt=\"\" class=\"aligncenter size-large wp-image-8368\" src=\"http://www.savourydays.com/wp-content/uploads/2019/08/IMG_8533-1024x683.jpg\" style=\"height:683px; width:1024px\" /></p>\n\n<p><strong>* Bước 3.</strong> Cho 1 cup/ 240 ml vang đỏ v&agrave;o nồi, đun s&ocirc;i. D&ugrave;ng th&igrave;a gỗ cạo hết c&aacute;c phần b&aacute;m đen trong nồi, mấy c&aacute;i muội đen n&agrave;y c&aacute;c chef bảo ch&iacute;nh l&agrave; &ldquo;v&agrave;ng&rdquo; của nồi nước d&ugrave;ng đ&oacute;, n&ecirc;n để cho n&oacute; v&agrave;o nước rượu vang lu&ocirc;n.</p>\n\n<p><img alt=\"\" class=\"aligncenter size-large wp-image-8369\" src=\"http://www.savourydays.com/wp-content/uploads/2019/08/IMG_8534-1024x683.jpg\" style=\"height:683px; width:1024px\" /></p>\n\n<p>* <strong>Bước 4.</strong> Cho thịt b&ograve;, h&agrave;nh t&acirc;y, tỏi v&agrave;o nồi. Th&ecirc;m 2 cups/ 480 ml nước d&ugrave;ng (ch&iacute;nh l&agrave; nước ninh xương rau củ ở tr&ecirc;n) với 1 l&aacute; nguyệt quế (bay leaf). Đun s&ocirc;i, hớt bọt nếu c&oacute;. N&ecirc;m muối. Đậy vung ninh lửa vừa 30 ph&uacute;t.</p>\n\n<p><img alt=\"\" class=\"aligncenter size-large wp-image-8370\" src=\"http://www.savourydays.com/wp-content/uploads/2019/08/IMG_8539-1024x683.jpg\" style=\"height:683px; width:1024px\" /></p>\n\n<p><img alt=\"\" class=\"aligncenter size-large wp-image-8371\" src=\"http://www.savourydays.com/wp-content/uploads/2019/08/IMG_8543-1024x683.jpg\" style=\"height:683px; width:1024px\" /></p>\n\n<p><strong>* Bước 5.</strong> Trong l&uacute;c ninh gọt vỏ 1 củ c&agrave; rốt (khoảng 120 g), th&aacute;i khối. Gọt vỏ 300 g khoai t&acirc;y. Cho c&agrave; rốt, khoai v&agrave;o nồi &aacute;p suất. Đổ thịt b&ograve; v&agrave;o, n&ecirc;m lại gia vị cho vừa ăn, ninh th&ecirc;m 15 &ndash; 20 ph&uacute;t đến khi thịt b&ograve; ch&iacute;n mềm nhừ.&nbsp;Việc ninh trong nồi &aacute;p suất sẽ gi&uacute;p cho thịt b&ograve;, khoai t&acirc;y, c&agrave; rốt mềm tan nhưng vẫn giữ được nguy&ecirc;n vẹn h&igrave;nh d&aacute;ng, kh&ocirc;ng bị vỡ vụn ra. Thịt v&agrave; khoai, c&agrave; rốt ngấm nước d&ugrave;ng, mềm nhừ m&agrave; kh&ocirc;ng bở hay b&atilde;, ngon lắm v&agrave; đ&aacute;ng c&ocirc;ng l&agrave;m lắm lắm &yacute;!</p>\n\n<p>Thịt b&ograve; hầm n&agrave;y kh&aacute; nhiều nước. Sau khi thịt, khoai v&agrave; c&agrave; rốt đ&atilde; mềm nhừ, c&aacute;c bạn c&oacute; thể d&ugrave;ng mu&ocirc;i vớt thịt với rau ra ngo&agrave;i. Đun phần nước trong nồi tr&ecirc;n lửa vừa. Pha bột ng&ocirc; (corn starch) hoặc bột năng (tapioca starch), hay bột khoai (potato starch) theo tỉ lệ 2 tsp (2 th&igrave;a cafe) với nửa b&aacute;t con nước (b&aacute;t d&ugrave;ng ăn cơm). Vừa đổ hỗn hợp nước pha bột n&agrave;y v&agrave;o nồi vừa quấy đều, khi nước s&aacute;nh đặc như &yacute; muốn th&igrave; dừng lại, Đổ lại thịt v&agrave; khoai, c&agrave; rốt v&agrave;o nồi. B&ograve; hầm kiểu n&agrave;y d&ugrave;ng với b&aacute;nh m&igrave;, cơm trắng hay trộn với spaghetti đều rất ngon.</p>\n\n<p>Đợi c&oacute; sườn b&ograve; ngon, m&igrave;nh sẽ lại thử lại, hihi <img alt=\":d\" class=\"wp-smiley\" src=\"http://www.savourydays.com/wp-includes/images/smilies/4.gif\" /></p>\n\n<p><img alt=\"\" class=\"aligncenter size-large wp-image-8372\" src=\"http://www.savourydays.com/wp-content/uploads/2019/08/IMG_8545-1024x683.jpg\" style=\"height:683px; width:1024px\" /></p>\n<!-- <font color=\"red\"><b><br>-------------------------------<br>THÔNG BÁO: Từ ngày 31.08.2016 đến 15.09.2016 mình sẽ không trả lời được câu hỏi trên tất cả các kênh của Savoury Days (blog, facebook, youtube, ...). Mong các bạn thông cảm.</b><br></font> --></div>\n', 'https://i.imgur.com/avCYnWH.jpg', '1', 1),
(3, 'Phở xào giòn', '<div class=\"content-full boxinc print-only instructions entry\" itemprop=\"recipeInstructions\">\n<!-- <font color=\"red\"><b>THÔNG BÁO: Từ ngày 31.08.2016 đến 15.09.2016 mình sẽ không trả lời được câu hỏi trên tất cả các kênh của Savoury Days (blog, facebook, youtube, ...). Mong các bạn thông cảm.<br>-------------------------------</b><br></font> -->\n		<p><span style=\"color: #000000;\">Nếu cảm thấy món phở xào thông thường đã hơi nhàm chán thì bạn thử đổi vị với món phở xào giòn này xem sao nhé. Bí quyết của tụi mình khi làm món phở này là trộn bánh phở với lòng đỏ trứng và bột ngô. Hai thứ nguyên liệu này sẽ giúp cho bánh phở giòm rụm mà lại có vị đậm đà và màu vàng ươm từ trứng nữa. Phần “topping” ăn kèm là tuỳ gia đình thôi, tụi mình làm thịt bò xào rau theo kiểu truyền thống và phổ biến, nhưng các bạn có thể biến tấu với các loại nguyên liệu khác như là tôm, mực, thịt lợn… cũng như dùng rau củ theo mùa nhé.</span></p>\n<p><img class=\"aligncenter size-large wp-image-8236\" src=\"http://www.savourydays.com/wp-content/uploads/2019/03/cách-làm-phở-xào-giòn-banner-1024x588.jpg\" alt=\"\" width=\"1024\" height=\"588\" srcset=\"http://www.savourydays.com/wp-content/uploads/2019/03/cách-làm-phở-xào-giòn-banner-1024x588.jpg 1024w, http://www.savourydays.com/wp-content/uploads/2019/03/cách-làm-phở-xào-giòn-banner-300x172.jpg 300w, http://www.savourydays.com/wp-content/uploads/2019/03/cách-làm-phở-xào-giòn-banner-768x441.jpg 768w, http://www.savourydays.com/wp-content/uploads/2019/03/cách-làm-phở-xào-giòn-banner-600x345.jpg 600w\" sizes=\"(max-width: 1024px) 100vw, 1024px\"></p>\n<h2>CÁCH LÀM PHỞ XÀO GIÒN</h2>\n<p><span style=\"color: #800000;\"><strong>Nguyên liệu</strong>:</span></p>\n<ul>\n<li><em><span style=\"color: #000000;\">500 gram bánh phở tươi</span></em></li>\n<li><em><span style=\"color: #000000;\">300 gram thịt diềm thăn bò</span></em></li>\n<li><em><span style=\"color: #000000;\">2 quả trứng gà</span></em></li>\n<li><em><span style=\"color: #000000;\">200 gram rau cải chíp</span></em></li>\n<li><em><span style=\"color: #000000;\">150 gram hành tây</span></em></li>\n<li><em><span style=\"color: #000000;\">150 gram cà rốt</span></em></li>\n<li><em><span style=\"color: #000000;\">100 gram cà chua</span></em></li>\n<li><em><span style=\"color: #000000;\">30 gram hành lá</span></em></li>\n<li><em><span style=\"color: #000000;\">30 gram rau mùi</span></em></li>\n<li><em><span style=\"color: #000000;\">10 gram nấm hương</span></em></li>\n<li><em><span style=\"color: #000000;\">20 gram tỏi</span></em></li>\n<li><em><span style=\"color: #000000;\">20 gram hành khô</span></em></li>\n<li><em><span style=\"color: #000000;\">50 gram bột ngô</span></em></li>\n<li><em><span style=\"color: #000000;\">30 gram bột năng</span></em></li>\n<li><em><span style=\"color: #000000;\">7 ml dầu hào</span></em></li>\n<li><em><span style=\"color: #000000;\">3 thìa cafe gia vị/ bột nêm&nbsp;</span></em></li>\n<li><em><span style=\"color: #000000;\">5 gram hạt tiêu xay</span></em></li>\n<li><em><span style=\"color: #000000;\">50 ml dầu ăn</span></em></li>\n</ul>\n<p><span style=\"color: #800000;\"><strong>Cách làm</strong></span></p>\n<p><span style=\"color: #000000;\">1. Thịt bò để ngăn đá tủ lạnh cho hơi cứng lại, thái thật mỏng. Hành, tỏi bóc vỏ, băm nhỏ. Ướp thịt bò với dầu hào, 1 thìa cafe gia vị, hạt tiêu, ½ chỗ hành tỏi băm. Để 30’ cho ngấm.</span></p><div id=\"google-ads-body-post-mid\" align=\"center\">\n<script type=\"text/javascript\"> \n        adUnit_body   = document.getElementById(\"google-ads-body-post-mid\");\n        adWidth_body  = adUnit_body.offsetWidth;\n \n        // Replace this with your AdSense Publisher ID \n        google_ad_client = \"ca-pub-8469627468031103\";\n \n        if ( adWidth_body >= 336 ) {            \n            google_ad_slot      = \"6222745780\";\n            google_ad_width     = 336;\n            google_ad_height    = 280;\n        } else {\n            google_ad_slot        = \"3269279389\";\n            google_ad_width       = 300;          \n            google_ad_height      = 250;\n        }\n </script>\n<script type=\"text/javascript\" src=\"http://pagead2.googlesyndication.com/pagead/show_ads.js\">\n </script>\n</div>\n<p><img class=\"aligncenter size-large wp-image-8239\" src=\"http://www.savourydays.com/wp-content/uploads/2019/03/phoxaogion1-1024x682.jpg\" alt=\"\" width=\"1024\" height=\"682\" srcset=\"http://www.savourydays.com/wp-content/uploads/2019/03/phoxaogion1-1024x682.jpg 1024w, http://www.savourydays.com/wp-content/uploads/2019/03/phoxaogion1-300x200.jpg 300w, http://www.savourydays.com/wp-content/uploads/2019/03/phoxaogion1-768x512.jpg 768w, http://www.savourydays.com/wp-content/uploads/2019/03/phoxaogion1-600x400.jpg 600w\" sizes=\"(max-width: 1024px) 100vw, 1024px\"></p>\n<p><span style=\"color: #000000;\">2. Sơ chế các nguyên liệu khác</span></p>\n<p><span style=\"color: #000000;\">– Rau cải bỏ gốc, rửa sạch, chẻ đôi. Cà chua rửa sạch, bổ múi cau</span></p>\n<p><span style=\"color: #000000;\">– Cà rốt nạo vỏ, thái chỉ</span></p>\n<p><span style=\"color: #000000;\">– Hành tây bóc bỏ, rửa sạch, thái lát mỏng</span></p><div align=\"center\">\n<a href=\"http://www.savourydays.com/lop-hoc-lam-banh/\" target=\"_blank\"><img border=\"0\" src=\"http://www.savourydays.com/wp-content/uploads/2020/03/SDbakingClass_s.jpg\"></a></div><br>\n<p><span style=\"color: #000000;\">– Hành, mùi bỏ rễ, rửa sạch, thái khúc 2cm</span></p>\n<p><span style=\"color: #000000;\">– Nấm hương ngâm nở, rửa sạch, thái chỉ</span></p>\n<p><img class=\"aligncenter size-large wp-image-8240\" src=\"http://www.savourydays.com/wp-content/uploads/2019/03/phoxaogion2-1024x683.jpg\" alt=\"\" width=\"1024\" height=\"683\" srcset=\"http://www.savourydays.com/wp-content/uploads/2019/03/phoxaogion2-1024x683.jpg 1024w, http://www.savourydays.com/wp-content/uploads/2019/03/phoxaogion2-300x200.jpg 300w, http://www.savourydays.com/wp-content/uploads/2019/03/phoxaogion2-768x512.jpg 768w, http://www.savourydays.com/wp-content/uploads/2019/03/phoxaogion2-600x400.jpg 600w\" sizes=\"(max-width: 1024px) 100vw, 1024px\"></p>\n<p><span style=\"color: #000000;\">3. Chuẩn bị bánh phở</span></p>\n<p><span style=\"color: #000000;\">– Trứng gà tách lấy phần lòng đỏ, đánh tan nhẹ</span></p><div id=\"google-ads-body-post-end\" align=\"center\">\n<script type=\"text/javascript\"> \n        adUnit_body   = document.getElementById(\"google-ads-body-post-end\");\n        adWidth_body  = adUnit_body.offsetWidth;\n \n        // Replace this with your AdSense Publisher ID \n        google_ad_client = \"ca-pub-8469627468031103\";\n \n        if ( adWidth_body >= 336 ) {\n            // SD-page-336x280 (336 x 280) \n            google_ad_slot      = \"9735876580\";\n            google_ad_width     = 336;\n            google_ad_height    = 280;\n        } else {\n          // SD-page-300  (300 x 250) \n          google_ad_slot        = \"6452836186\";\n          google_ad_width       = 300;\n          google_ad_height      = 250;\n        }\n </script>\n<script type=\"text/javascript\" src=\"http://pagead2.googlesyndication.com/pagead/show_ads.js\">\n </script>\n</div>\n<p><span style=\"color: #000000;\">– Nhẹ nhàng tách bánh phở thành từng sợi</span></p>\n<p><span style=\"color: #000000;\">– Rắc 1 thìa cafe gia vị lên bánh phở, dùng tay trộn nhẹ cho gia vị thấm vào sợi phở.</span></p>\n<p><span style=\"color: #000000;\">– Trộn đều lòng đỏ trứng gà vào bánh phở</span></p>\n<p><span style=\"color: #000000;\">– Rắc bột ngô lên bánh phở, nhẹ nhàng dùng tay trộn đều cho bột ngô bao đều sợi phở, rũ nhẹ cho phần bột thừa rơi ra.</span></p>\n<p><img class=\"aligncenter size-large wp-image-8241\" src=\"http://www.savourydays.com/wp-content/uploads/2019/03/phoxaogion3-1024x683.jpg\" alt=\"\" width=\"1024\" height=\"683\" srcset=\"http://www.savourydays.com/wp-content/uploads/2019/03/phoxaogion3-1024x683.jpg 1024w, http://www.savourydays.com/wp-content/uploads/2019/03/phoxaogion3-300x200.jpg 300w, http://www.savourydays.com/wp-content/uploads/2019/03/phoxaogion3-768x512.jpg 768w, http://www.savourydays.com/wp-content/uploads/2019/03/phoxaogion3-600x400.jpg 600w\" sizes=\"(max-width: 1024px) 100vw, 1024px\"></p>\n<p><span style=\"color: #000000;\">4. Áp chảo bánh phở</span></p>\n<p><span style=\"color: #000000;\">– Cho 2 thìa (30 ml) dầu ăn vào chảo to. Dùng chảo đế phẳng, chống dính. Làm nóng dầu trên lửa vừa-to.</span></p>\n<p><span style=\"color: #000000;\">– Khi dầu rất nóng thì cho bánh phở vào, vừa đảo vừa dùng đũa rũ nhẹ bánh phở cho tơi.</span></p>\n<p><img class=\"aligncenter size-large wp-image-8242\" src=\"http://www.savourydays.com/wp-content/uploads/2019/03/phoxaogion4-1024x683.jpg\" alt=\"\" width=\"1024\" height=\"683\" srcset=\"http://www.savourydays.com/wp-content/uploads/2019/03/phoxaogion4-1024x683.jpg 1024w, http://www.savourydays.com/wp-content/uploads/2019/03/phoxaogion4-300x200.jpg 300w, http://www.savourydays.com/wp-content/uploads/2019/03/phoxaogion4-768x512.jpg 768w, http://www.savourydays.com/wp-content/uploads/2019/03/phoxaogion4-600x400.jpg 600w\" sizes=\"(max-width: 1024px) 100vw, 1024px\"></p>\n<p><span style=\"color: #000000;\">5. Xào phở khoảng 1’ sau đó dàn đều bánh phở ra khắp chảo, hạ lửa xuống mức trung bình, để nguyên không đảo trong khoảng 3’. Kiểm tra thấy bánh phở đã chuyển màu vàng, lắc nhẹ chảo thấy cả khối bánh phở di chuyển được thì lặt mặt, áp chảo tiếp 3’. Trút bánh phở đã áp chảo giòn 2 mặt ra đĩa.</span></p>\n<p><img class=\"aligncenter size-large wp-image-8243\" src=\"http://www.savourydays.com/wp-content/uploads/2019/03/phoxaogion5-1024x683.jpg\" alt=\"\" width=\"1024\" height=\"683\" srcset=\"http://www.savourydays.com/wp-content/uploads/2019/03/phoxaogion5-1024x683.jpg 1024w, http://www.savourydays.com/wp-content/uploads/2019/03/phoxaogion5-300x200.jpg 300w, http://www.savourydays.com/wp-content/uploads/2019/03/phoxaogion5-768x512.jpg 768w, http://www.savourydays.com/wp-content/uploads/2019/03/phoxaogion5-600x400.jpg 600w\" sizes=\"(max-width: 1024px) 100vw, 1024px\"></p>\n<p><span style=\"color: #000000;\">6. Dùng chảo sâu lòng. Đun nóng khoảng 1 thìa (15 ml) dầu ăn. Phi thơm phần hành, tỏi còn lại. Để lửa rất lớn. Cho thịt bò vào xào nhanh tay đến khi thịt chín tái, trút ra bát, để riêng.</span></p>\n<p><img class=\"aligncenter size-large wp-image-8244\" src=\"http://www.savourydays.com/wp-content/uploads/2019/03/phoxaogion6-1024x682.jpg\" alt=\"\" width=\"1024\" height=\"682\" srcset=\"http://www.savourydays.com/wp-content/uploads/2019/03/phoxaogion6-1024x682.jpg 1024w, http://www.savourydays.com/wp-content/uploads/2019/03/phoxaogion6-300x200.jpg 300w, http://www.savourydays.com/wp-content/uploads/2019/03/phoxaogion6-768x511.jpg 768w, http://www.savourydays.com/wp-content/uploads/2019/03/phoxaogion6-600x399.jpg 600w\" sizes=\"(max-width: 1024px) 100vw, 1024px\"></p>\n<p><span style=\"color: #000000;\">7. Cho thêm 1/2 thìa dầu ăn, để lửa lớn. Cho hành tây vào xào chín. Sau đó cho cà rốt và rau cải vào xào đến chín. Tiếp tục cho nấm hương vào chảo, đảo đều, sau đó cho cà chua bổ múi cau vào, đảo thêm khoảng 1 – 2 phút để cà chua hơi mềm. Nêm lại gia vị cho vừa miệng.</span></p>\n<p><img class=\"aligncenter size-large wp-image-8245\" src=\"http://www.savourydays.com/wp-content/uploads/2019/03/phoxaogion7-1024x681.jpg\" alt=\"\" width=\"1024\" height=\"681\" srcset=\"http://www.savourydays.com/wp-content/uploads/2019/03/phoxaogion7-1024x681.jpg 1024w, http://www.savourydays.com/wp-content/uploads/2019/03/phoxaogion7-300x200.jpg 300w, http://www.savourydays.com/wp-content/uploads/2019/03/phoxaogion7-768x511.jpg 768w, http://www.savourydays.com/wp-content/uploads/2019/03/phoxaogion7-600x399.jpg 600w\" sizes=\"(max-width: 1024px) 100vw, 1024px\"></p><script async=\"\" src=\"//pagead2.googlesyndication.com/pagead/js/adsbygoogle.js\"></script>\n<ins class=\"adsbygoogle\" style=\"display:block; text-align:center;\" data-ad-layout=\"in-article\" data-ad-format=\"fluid\" data-ad-client=\"ca-pub-8469627468031103\" data-ad-slot=\"4823074707\"></ins>\n<script>\n     (adsbygoogle = window.adsbygoogle || []).push({});\n</script>\n<p><span style=\"color: #000000;\">8. Hòa bột năng với khoảng nửa bát con nước lạnh. Trút lại bát thịt bò xào sơ vào lại chảo, đảo đều. Cho bột năng vào chảo, nhanh tay đảo cho bột hòa quyện với hỗn hợp rau thịt. Cho hành lá, rau thơm thái khúc vào chảo, đảo đều và tắt bếp.</span></p>\n<p><span style=\"color: #000000;\"><img class=\"aligncenter size-large wp-image-8246\" src=\"http://www.savourydays.com/wp-content/uploads/2019/03/phoxaogion8-1024x682.jpg\" alt=\"\" width=\"1024\" height=\"682\" srcset=\"http://www.savourydays.com/wp-content/uploads/2019/03/phoxaogion8-1024x682.jpg 1024w, http://www.savourydays.com/wp-content/uploads/2019/03/phoxaogion8-300x200.jpg 300w, http://www.savourydays.com/wp-content/uploads/2019/03/phoxaogion8-768x512.jpg 768w, http://www.savourydays.com/wp-content/uploads/2019/03/phoxaogion8-600x400.jpg 600w\" sizes=\"(max-width: 1024px) 100vw, 1024px\"></span></p>\n<p><span style=\"color: #000000;\">9. Cho bánh phở áp chảo giòn 2 mặt lên đĩa, có thể dùng kéo cắt bánh phở thành từng miếng cho dễ ăn. Đổ hỗn hợp thịt bò xào rau lên trên, rắc chút hạt tiêu. Ăn kèm tương ớt và chanh.</span></p>\n<p><span style=\"color: #000000;\">Yêu cầu thành phẩm: Bánh phở được áp chảo có màu vàng ruộm, bên ngoài giòn rụm, bên trong chín mềm. Thịt bò chín mềm ngọt, các loại rau chín vừa độ, không bị nát, màu sắc tươi tắn.</span></p>\n<!-- <font color=\"red\"><b><br>-------------------------------<br>THÔNG BÁO: Từ ngày 31.08.2016 đến 15.09.2016 mình sẽ không trả lời được câu hỏi trên tất cả các kênh của Savoury Days (blog, facebook, youtube, ...). Mong các bạn thông cảm.</b><br></font> -->\n	</div>', 'https://i.imgur.com/b9AgK1C.jpg', '1', 1);
INSERT INTO `product` (`product_Id`, `product_Name`, `product_Description`, `image`, `enable`, `user_id`) VALUES
(6, 'Phở chiên phồng', '<div class=\"content-full boxinc print-only instructions entry\" itemprop=\"recipeInstructions\">\n<!-- <font color=\"red\"><b>THÔNG BÁO: Từ ngày 31.08.2016 đến 15.09.2016 mình sẽ không trả lời được câu hỏi trên tất cả các kênh của Savoury Days (blog, facebook, youtube, ...). Mong các bạn thông cảm.<br>-------------------------------</b><br></font> -->\n		<p><span style=\"color: #000000;\">Phở chiên phồng, nếu mình nhớ không nhầm thì xuất hiện cùng thời gian với <a href=\"http://www.savourydays.com/cach-lam-pho-cuon/\"><strong>phở cuốn</strong></a>. Không phải là món truyền thống nhưng nhờ hương vị thơm ngon mà cho tới giờ, đã hơn chục năm rồi, vẫn là món ăn phổ biến được nhiều người Hà Nội yêu thích. Và cùng với món phở cuốn, đây cũng là món ăn cả nhà mình rất thích, thi thoảng vẫn hay làm vì tự làm ở nhà thì phần “nhân rau thịt xào”&nbsp;vừa miệng hơn, cũng đầy đặn hơn khi đi ăn hàng nữa. Còn chuyện làm sao để bánh phở giòn rụm như ở ngoài hàng thì không hề khó đâu. Như sau nhé:</span></p>\n<p><img class=\"aligncenter size-large wp-image-8205\" src=\"http://www.savourydays.com/wp-content/uploads/2019/02/phochienphong_final-1024x683.jpg\" alt=\"\" width=\"1024\" height=\"683\" srcset=\"http://www.savourydays.com/wp-content/uploads/2019/02/phochienphong_final-1024x683.jpg 1024w, http://www.savourydays.com/wp-content/uploads/2019/02/phochienphong_final-300x200.jpg 300w, http://www.savourydays.com/wp-content/uploads/2019/02/phochienphong_final-768x512.jpg 768w, http://www.savourydays.com/wp-content/uploads/2019/02/phochienphong_final-600x400.jpg 600w\" sizes=\"(max-width: 1024px) 100vw, 1024px\"></p>\n<h2><span style=\"color: #000000;\">CÁCH LÀM PHỞ CHIÊN PHỒNG&nbsp;</span></h2>\n<p><span style=\"color: #800000;\"><strong>Nguyên liệu</strong></span></p>\n<ul>\n<li><em><span style=\"color: #000000;\">500 gr bánh phở cuốn</span></em></li>\n<li><em><span style=\"color: #000000;\">300 gr thịt thăn bò</span></em></li>\n<li><em><span style=\"color: #000000;\">50 gr cà rốt (1 củ nhỏ)</span></em></li>\n<li><em><span style=\"color: #000000;\">50 gr rau cải chip</span></em></li>\n<li><em><span style=\"color: #000000;\">50 gr hành tây</span></em></li>\n<li><em><span style=\"color: #000000;\">50 gr tỏi tây</span></em></li>\n<li><em><span style=\"color: #000000;\">50 gr cần tây</span></em></li>\n<li><em><span style=\"color: #000000;\">30 gr cà chua</span></em></li>\n<li><em><span style=\"color: #000000;\">15 gr hành lá</span></em></li>\n<li><em><span style=\"color: #000000;\">10 gr tỏi</span></em></li>\n<li><em><span style=\"color: #000000;\">10 gr hành khô</span></em></li>\n<li><em><span style=\"color: #000000;\">5 gr đường</span></em></li>\n<li><em><span style=\"color: #000000;\">15 gr dầu hào</span></em></li>\n<li><em><span style=\"color: #000000;\">10 gr bột gia vị</span></em></li>\n<li><em><span style=\"color: #000000;\">10 gr hạt tiêu</span></em></li>\n<li><em><span style=\"color: #000000;\">200 ml dầu ăn</span></em></li>\n</ul>\n<p><span style=\"color: #800000;\"><strong>Cách làm:</strong></span></p>\n<p><span style=\"color: #000000;\">1. Chuẩn bị bánh phở:</span></p><div id=\"google-ads-body-post-mid\" align=\"center\">\n<script type=\"text/javascript\"> \n        adUnit_body   = document.getElementById(\"google-ads-body-post-mid\");\n        adWidth_body  = adUnit_body.offsetWidth;\n \n        // Replace this with your AdSense Publisher ID \n        google_ad_client = \"ca-pub-8469627468031103\";\n \n        if ( adWidth_body >= 336 ) {            \n            google_ad_slot      = \"6222745780\";\n            google_ad_width     = 336;\n            google_ad_height    = 280;\n        } else {\n            google_ad_slot        = \"3269279389\";\n            google_ad_width       = 300;          \n            google_ad_height      = 250;\n        }\n </script>\n<script type=\"text/javascript\" src=\"http://pagead2.googlesyndication.com/pagead/show_ads.js\">\n </script>\n</div>\n<p><span style=\"color: #000000;\">– Để làm món ăn này, bạn cần chọn loại bánh phở cuốn, loại còn nguyên miếng/ nguyên tệp, chưa thái thành sợi. Để nguyên cả tệp bánh phở, cắt thành các khối vuông cỡ 4 x 4cm, tách thành từng miếng có độ dày 3-4 lá phở.</span></p>\n<p><img class=\"aligncenter size-large wp-image-8207\" src=\"http://www.savourydays.com/wp-content/uploads/2019/02/phochienphong1-1024x683.jpg\" alt=\"\" width=\"1024\" height=\"683\" srcset=\"http://www.savourydays.com/wp-content/uploads/2019/02/phochienphong1-1024x683.jpg 1024w, http://www.savourydays.com/wp-content/uploads/2019/02/phochienphong1-300x200.jpg 300w, http://www.savourydays.com/wp-content/uploads/2019/02/phochienphong1-768x512.jpg 768w, http://www.savourydays.com/wp-content/uploads/2019/02/phochienphong1-600x400.jpg 600w, http://www.savourydays.com/wp-content/uploads/2019/02/phochienphong1.jpg 1200w\" sizes=\"(max-width: 1024px) 100vw, 1024px\"></p>\n<p><span style=\"color: #000000;\">2. Chuẩn bị các nguyên liệu khác:</span></p>\n<p><span style=\"color: #000000;\">– Thịt bò rửa sạch, thấm khô, thái thật mỏng. Cho vào âu thịt 1 thìa cafe đường, đảo đều, để 10’ cho thấm (Ướp đường trước sẽ giúp thịt được mềm và đậm đà hơn). Sau đó ướp thịt với 1 thìa cafe bột nêm, 1 thìa cafe dầu hào, 1 thìa cafe hạt tiêu. Để 15’ cho thấm.</span></p>\n<p><span style=\"color: #000000;\">– Cà rốt nạo vỏ, tỉa hoa, thái mỏng</span></p><div align=\"center\">\n<a href=\"http://www.savourydays.com/lop-hoc-lam-banh/\" target=\"_blank\"><img border=\"0\" src=\"http://www.savourydays.com/wp-content/uploads/2020/03/SDbakingClass_s.jpg\"></a></div><br>\n<p><span style=\"color: #000000;\">– Rau cải nhặt rửa sạch, chẻ làm đôi những bẹ cải to, bẹ nhỏ để nguyên</span></p>\n<p><span style=\"color: #000000;\">– Hành tây bóc vỏ, rửa sạch, thái mỏng</span></p>\n<p><span style=\"color: #000000;\">– Tỏi tây, cần tây, hành lá bỏ rễ, rửa sạch, cắt khúc dài 4cm</span></p>\n<p><span style=\"color: #000000;\">– Cà chua rửa sạch, bổ múi cau</span></p>\n<p><span style=\"color: #000000;\">– Hành, tỏi bóc bỏ, đập dập, băm nhỏ.</span></p><div id=\"google-ads-body-post-end\" align=\"center\">\n<script type=\"text/javascript\"> \n        adUnit_body   = document.getElementById(\"google-ads-body-post-end\");\n        adWidth_body  = adUnit_body.offsetWidth;\n \n        // Replace this with your AdSense Publisher ID \n        google_ad_client = \"ca-pub-8469627468031103\";\n \n        if ( adWidth_body >= 336 ) {\n            // SD-page-336x280 (336 x 280) \n            google_ad_slot      = \"9735876580\";\n            google_ad_width     = 336;\n            google_ad_height    = 280;\n        } else {\n          // SD-page-300  (300 x 250) \n          google_ad_slot        = \"6452836186\";\n          google_ad_width       = 300;\n          google_ad_height      = 250;\n        }\n </script>\n<script type=\"text/javascript\" src=\"http://pagead2.googlesyndication.com/pagead/show_ads.js\">\n </script>\n</div>\n<p><img class=\"aligncenter size-large wp-image-8208\" src=\"http://www.savourydays.com/wp-content/uploads/2019/02/phochienphong2-1024x683.jpg\" alt=\"\" width=\"1024\" height=\"683\" srcset=\"http://www.savourydays.com/wp-content/uploads/2019/02/phochienphong2-1024x683.jpg 1024w, http://www.savourydays.com/wp-content/uploads/2019/02/phochienphong2-300x200.jpg 300w, http://www.savourydays.com/wp-content/uploads/2019/02/phochienphong2-768x512.jpg 768w, http://www.savourydays.com/wp-content/uploads/2019/02/phochienphong2-600x400.jpg 600w\" sizes=\"(max-width: 1024px) 100vw, 1024px\"></p>\n<p><span style=\"color: #000000;\">3. Chiên bánh phở</span></p>\n<p><span style=\"color: #000000;\">– Đun sôi 200 ml dầu ăn trong chảo sâu lòng, nhúng 1 chiếc đũa khô vào giữa chảo dầu, thấy dầu sủi tăm xung quanh đũa nghĩa là dầu đã đủ nóng.</span></p>\n<p><span style=\"color: #000000;\">– Thả từng miếng bánh phở vào chảo dầu, chiên đến khi bánh phở nở phồng to, vàng đều 2 mặt, vớt bánh phở ra để vào đĩa có lót giấy thấm dầu. Lưu ý không nên cho nhiều bánh phở vào chảo chiên cùng lúc vì bánh sẽ bị dính vào nhau.</span></p>\n<p><span style=\"color: #000000;\">– Chiên cho đến khi hết bánh phở.</span></p>\n<p><img class=\"aligncenter size-large wp-image-8209\" src=\"http://www.savourydays.com/wp-content/uploads/2019/02/phochienphong3-1024x683.jpg\" alt=\"\" width=\"1024\" height=\"683\" srcset=\"http://www.savourydays.com/wp-content/uploads/2019/02/phochienphong3-1024x683.jpg 1024w, http://www.savourydays.com/wp-content/uploads/2019/02/phochienphong3-300x200.jpg 300w, http://www.savourydays.com/wp-content/uploads/2019/02/phochienphong3-768x512.jpg 768w, http://www.savourydays.com/wp-content/uploads/2019/02/phochienphong3-600x400.jpg 600w\" sizes=\"(max-width: 1024px) 100vw, 1024px\"></p>\n<p><span style=\"color: #000000;\">4. Xào nhân</span></p>\n<p><span style=\"color: #000000;\">– Chắt bớt dầu ra khỏi chảo dùng để chiên bánh phở, giữ lại khoảng 2 thìa canh (30 ml) dầu ăn, bật bếp chế độ lửa to nhất</span></p>\n<p><span style=\"color: #000000;\">– Cho ½ chỗ hành, tỏi vào chảo, phi thơm, rồi cho thịt bò vào xào nhanh tay đến khi thịt chín tái, trút ra đĩa, để riêng.</span></p>\n<p><img class=\"aligncenter size-large wp-image-8210\" src=\"http://www.savourydays.com/wp-content/uploads/2019/02/phochienphong4-1024x683.jpg\" alt=\"\" width=\"1024\" height=\"683\" srcset=\"http://www.savourydays.com/wp-content/uploads/2019/02/phochienphong4-1024x683.jpg 1024w, http://www.savourydays.com/wp-content/uploads/2019/02/phochienphong4-300x200.jpg 300w, http://www.savourydays.com/wp-content/uploads/2019/02/phochienphong4-768x512.jpg 768w, http://www.savourydays.com/wp-content/uploads/2019/02/phochienphong4-600x400.jpg 600w, http://www.savourydays.com/wp-content/uploads/2019/02/phochienphong4.jpg 1200w\" sizes=\"(max-width: 1024px) 100vw, 1024px\"></p>\n<p><span style=\"color: #000000;\">5. Cho thêm 2 thìa canh dầu ăn vào chảo, cho nốt ½ chỗ hành, tỏi băm cùng với hành tây vào đảo đều, đến khi hành tây mềm, tỏi dậy mùi thơm. Cho rau cải và cà rốt vào đảo đều khoảng 2’ đến khi rau chín tới. Cho cần tỏi cắt khúc vào đảo cùng thêm 1’.</span></p>\n<p><span style=\"color: #000000;\">Nêm vào chảo 1 thìa cafe bột nêm, 1 thìa cafe dầu hào, 1 thìa cafe hạt tiêu, đảo đều, rồi cho cà chua và hành lá vào xào cùng thêm khoảng 30 giây – 1 phút. Cho thịt bò vào chảo, đảo đều đến khi thịt và rau củ chín hoàn toàn, tắt bếp. Nêm nếm lại theo khẩu vị.</span></p>\n<p><img class=\"aligncenter size-large wp-image-8211\" src=\"http://www.savourydays.com/wp-content/uploads/2019/02/phochienphong5-1024x683.jpg\" alt=\"\" width=\"1024\" height=\"683\" srcset=\"http://www.savourydays.com/wp-content/uploads/2019/02/phochienphong5-1024x683.jpg 1024w, http://www.savourydays.com/wp-content/uploads/2019/02/phochienphong5-300x200.jpg 300w, http://www.savourydays.com/wp-content/uploads/2019/02/phochienphong5-768x512.jpg 768w, http://www.savourydays.com/wp-content/uploads/2019/02/phochienphong5-600x400.jpg 600w, http://www.savourydays.com/wp-content/uploads/2019/02/phochienphong5.jpg 1200w\" sizes=\"(max-width: 1024px) 100vw, 1024px\"></p>\n<p><span style=\"color: #000000;\">6. Bày thành phẩm</span></p>\n<p><span style=\"color: #000000;\">Dùng đĩa to, xếp phở chiên phồng vào đĩa, đổ thịt và rau xào lên trên, ăn nóng kèm nước chấm chua ngọt và tương ớt.</span></p><script async=\"\" src=\"//pagead2.googlesyndication.com/pagead/js/adsbygoogle.js\"></script>\n<ins class=\"adsbygoogle\" style=\"display:block; text-align:center;\" data-ad-layout=\"in-article\" data-ad-format=\"fluid\" data-ad-client=\"ca-pub-8469627468031103\" data-ad-slot=\"4823074707\"></ins>\n<script>\n     (adsbygoogle = window.adsbygoogle || []).push({});\n</script>\n<p><span style=\"color: #000000;\">* Bạn có thể tham khảo cách pha nước chấm trong món <a href=\"http://www.savourydays.com/cach-lam-pho-cuon/\"><strong>phở cuốn</strong></a> nhé.</span></p>\n<!-- <font color=\"red\"><b><br>-------------------------------<br>THÔNG BÁO: Từ ngày 31.08.2016 đến 15.09.2016 mình sẽ không trả lời được câu hỏi trên tất cả các kênh của Savoury Days (blog, facebook, youtube, ...). Mong các bạn thông cảm.</b><br></font> -->\n	</div>', 'https://i.imgur.com/N1uFLla.jpg', '1', 1),
(38, 'sdsdsdd', '<p>dsdsd</p>\n', 'https://i.imgur.com/ROsgVW2.jpeg', NULL, NULL),
(39, 'mmi', '<p>cjcjc</p>\n', 'https://i.imgur.com/0QW1Opu.jpg', NULL, NULL),
(40, 'sddddddddddddd?', '<p>kkkkkkkkkkkkkkkkk</p>\n', 'https://i.imgur.com/5sZX2qr.jpg', NULL, NULL),
(44, 'Phở cuốn', '<p>haha</p>\n', 'https://i.imgur.com/2Z2Ha7r.jpg', '0', 3),
(45, 'bánh tráng', '<p>hlo blo</p>\n', 'https://i.imgur.com/dDFleSX.jpeg', '0', 3),
(46, '2112', '<p>1212</p>\n', 'https://i.imgur.com/fZ1ZkFk.jpg', '0', 3),
(47, 'Phở bò sốt vang', '<div class=\"boxinc content-full entry instructions print-only\"><!-- <font color=\"red\"><b>THÔNG BÁO: Từ ngày 31.08.2016 đến 15.09.2016 mình sẽ không trả lời được câu hỏi trên tất cả các kênh của Savoury Days (blog, facebook, youtube, ...). Mong các bạn thông cảm.<br>-------------------------------</b><br></font> -->\n<p><span style=\"color:#000000\"><span style=\"color:#000000\">Sốt vang l&agrave; một trong những m&oacute;n &ldquo;tủ&rdquo; của m&igrave;nh khi c&ograve;n học ở ch&acirc;u &Acirc;u mỗi khi nh&agrave; c&oacute; kh&aacute;ch hoặc cần nấu m&oacute;n g&igrave; đ&oacute; để đ&oacute;ng g&oacute;p cho c&aacute;c bữa ăn chung với bạn b&egrave; v&agrave; đồng nghiệp. M&igrave;nh nghĩ mọi người th&iacute;ch n&oacute; v&igrave; hương vị tuy rất ch&acirc;u &Acirc;u nhưng vẫn c&oacute; điểm xuyết n&eacute;t đặc trưng của ch&acirc;u &Aacute;, trong những thứ gia vị hồi, quế v&agrave; ngũ vị hương. Nấu m&oacute;n n&agrave;y cho c&aacute;c bạn nước ngo&agrave;i chỉ c&oacute; một vấn đề nho nhỏ l&agrave; m&igrave;nh thường hay d&ugrave;ng b&ograve; g&acirc;n, v&igrave; b&ograve; g&acirc;n ninh l&agrave; ngon nhất, thịt mềm m&agrave; kh&ocirc;ng b&atilde;. Nhưng người nước ngo&agrave;i kh&ocirc;ng phải ai cũng ăn được phần g&acirc;n n&agrave;y do khẩu vị thường chỉ quen với c&aacute;c kiểu thăn b&ograve; to&agrave;n nạc. N&ecirc;n thi thoảng nấu vẫn phải chọn thịt kh&aacute; kĩ. C&ograve;n về Việt Nam th&igrave; thoải m&aacute;i, phần n&agrave;o c&agrave;ng g&acirc;n, c&agrave;ng bạc nhạc th&igrave; c&agrave;ng ngon. </span></span></p>\n\n<p><span style=\"color:#000000\"><span style=\"color:#000000\">C&ocirc;ng thức sốt vang m&igrave;nh đ&atilde; giới thiệu tại SD rồi, nhưng l&agrave; phi&ecirc;n bản để ăn với b&aacute;nh &nbsp;m&igrave;. Phi&ecirc;n bản với phở dưới đ&acirc;y c&oacute; chỉnh sửa đi t&iacute; x&iacute;u th&ocirc;i, hương vị cơ bản vẫn thế, với nước d&ugrave;ng s&aacute;nh nhẹ, thịt b&ograve; dẻo dẻo mềm mượt, v&agrave; m&ugrave;i thơm hấp dẫn từ hồi, quế, ngũ vị hương, h&agrave;nh tỏi với l&aacute; nguyệt quế c&ugrave;ng hương rượu vang nh&egrave; nhẹ. Trời H&agrave; Nội vẫn hơi se lạnh, l&agrave;m m&oacute;n n&agrave;y m&igrave;nh tin l&agrave; sẽ rất tuyệt đấy! &nbsp;&nbsp;</span></span></p>\n\n<p><img alt=\"\" class=\"aligncenter size-large wp-image-8192\" src=\"http://www.savourydays.com/wp-content/uploads/2019/02/phosotvang_final-1024x683.jpg\" style=\"height:683px; width:1024px\" /></p>\n\n<h2><span style=\"color:#000000\">C&Aacute;CH L&Agrave;M PHỞ B&Ograve; SỐT VANG&nbsp;</span></h2>\n\n<p><span style=\"color:#800000\"><strong>Nguy&ecirc;n liệu:</strong></span></p>\n\n<ul>\n	<li><em><span style=\"color:#000000\">500 gr thịt b&ograve;</span></em></li>\n	<li><em><span style=\"color:#000000\">600 gr phở tươi</span></em></li>\n	<li><em><span style=\"color:#000000\">250 gr c&agrave; chua</span></em></li>\n	<li><em><span style=\"color:#000000\">150 gr h&agrave;nh t&acirc;y</span></em></li>\n	<li><em><span style=\"color:#000000\">15 gr tỏi</span></em></li>\n	<li><em><span style=\"color:#000000\">30 gr h&agrave;nh l&aacute;</span></em></li>\n	<li><em><span style=\"color:#000000\">30 gr rau m&ugrave;i</span></em></li>\n	<li><em><span style=\"color:#000000\">1 l&aacute; nguyệt quế</span></em></li>\n	<li><em><span style=\"color:#000000\">2 hoa hồi</span></em></li>\n	<li><em><span style=\"color:#000000\">2 gr quế</span></em></li>\n	<li><em><span style=\"color:#000000\">15 ml dầu h&agrave;o</span></em></li>\n	<li><em><span style=\"color:#000000\">5 gr hạt n&ecirc;m</span></em></li>\n	<li><em><span style=\"color:#000000\">5 gr ngũ vị hương</span></em></li>\n	<li><em><span style=\"color:#000000\">5 gr ti&ecirc;u xay</span></em></li>\n	<li><em><span style=\"color:#000000\">5 gr đường</span></em></li>\n	<li><em><span style=\"color:#000000\">5 gr hạt điều m&agrave;u</span></em></li>\n	<li><em><span style=\"color:#000000\">60 ml rượu vang đỏ</span></em></li>\n</ul>\n\n<p><strong><span style=\"color:#000000\"><span style=\"color:#800000\">C&aacute;ch l&agrave;m</span>:</span></strong></p>\n\n<div id=\"google-ads-body-post-mid\">&nbsp;</div>\n\n<p><span style=\"color:#000000\">1. Ướp thịt:</span></p>\n\n<p><span style=\"color:#000000\">&ndash; Thịt b&ograve; n&ecirc;n chọn phần nhiều g&acirc;n v&agrave; xen lẫn mỡ. Rửa sạch, th&aacute;i miếng vừa ăn, n&ecirc;n th&aacute;i to một ch&uacute;t để khi nấu thịt &ldquo;teo&rdquo; bớt l&agrave; vừa.</span></p>\n\n<p><span style=\"color:#000000\">&ndash; Ướp thịt với 1 th&igrave;a caf&eacute; (5 gr) hạt n&ecirc;m/ bột gia vị, &frac12; th&igrave;a caf&eacute; (2 gr) ti&ecirc;u xay, 1 th&igrave;a canh (15 ml) dầu h&agrave;o, &frac12; th&igrave;a caf&eacute; (3 g) đường, &frac12; th&igrave;a caf&eacute; (2 gr) ngũ vị hương, 2 th&igrave;a canh (30 ml) rượu vang trong 20 &ndash; 30 ph&uacute;t cho ngấm. Nếu c&oacute; thời gian, n&ecirc;n để thịt trong hộp k&iacute;n, để ngăn m&aacute;t tủ lạnh khoảng 2 &ndash; 4 giờ.</span></p>\n\n<p><img alt=\"\" class=\"aligncenter size-large wp-image-8186\" src=\"http://www.savourydays.com/wp-content/uploads/2019/02/bosotvang1-1024x683.jpg\" style=\"height:683px; width:1024px\" /></p>\n\n<p><span style=\"color:#000000\">2. Chuẩn bị c&aacute;c nguy&ecirc;n liệu kh&aacute;c:</span></p>\n\n<div><a href=\"http://www.savourydays.com/lop-hoc-lam-banh/\" target=\"_blank\"><img src=\"http://www.savourydays.com/wp-content/uploads/2020/03/SDbakingClass_s.jpg\" /></a></div>\n&nbsp;\n\n<p><span style=\"color:#000000\">&ndash; C&agrave; chua rửa sạch, bổ m&uacute;i cau.</span></p>\n\n<p><span style=\"color:#000000\">&ndash; H&agrave;nh t&acirc;y, tỏi b&oacute;c vỏ, băm nhỏ.</span></p>\n\n<p><span style=\"color:#000000\">&ndash; H&agrave;nh l&aacute;, rau m&ugrave;i nhặt v&agrave; rửa sạch, th&aacute;i nhỏ.</span></p>\n\n<p><span style=\"color:#000000\">3. L&agrave;m n&oacute;ng khoảng 1 th&igrave;a canh dầu ăn trong nồi, cho hạt điều m&agrave;u v&agrave;o rang cho ph&ocirc;i hết m&agrave;u đỏ rồi vớt ra. M&agrave;u điều kh&ocirc;ng bắt buộc, nếu kh&ocirc;ng d&ugrave;ng, bạn c&oacute; thể thay dầu ăn bằng bơ nh&eacute;. M&oacute;n sốt vang n&agrave;y c&oacute; th&ecirc;m một ch&uacute;t bơ sẽ ngon hơn kha kh&aacute; (kể cả ăn với phở vẫn hợp).</span></p>\n\n<p><img alt=\"\" class=\"aligncenter size-large wp-image-8187\" src=\"http://www.savourydays.com/wp-content/uploads/2019/02/bosotvang3-1024x683.jpg\" style=\"height:683px; width:1024px\" /></p>\n\n<div id=\"google-ads-body-post-end\">&nbsp;</div>\n\n<p><span style=\"color:#000000\">4. Phi thơm tỏi trong nồi vừa rang hạt điều, cho h&agrave;nh t&acirc;y v&agrave;o x&agrave;o tới khi hơi x&eacute;m v&agrave;ng.</span></p>\n\n<p><img alt=\"\" class=\"aligncenter size-large wp-image-8188\" src=\"http://www.savourydays.com/wp-content/uploads/2019/02/bosotvang4-1024x683.jpg\" style=\"height:683px; width:1024px\" /></p>\n\n<p><span style=\"color:#000000\">5. Cho c&agrave; chua, thịt b&ograve; v&agrave;o nồi, đảo đều tới khi thịt vừa ch&iacute;n tới v&agrave; săn lại. Đổ khoảng 4 b&aacute;t to nước s&ocirc;i v&agrave;o nồi, đun s&ocirc;i trở lại, hớt bớt bọt (nếu c&oacute;). Lưu &yacute; d&ugrave;ng nước n&oacute;ng để thịt kh&ocirc;ng bị co r&uacute;t đột ngột v&agrave; mất nước.</span></p>\n\n<p><img alt=\"\" class=\"aligncenter size-large wp-image-8189\" src=\"http://www.savourydays.com/wp-content/uploads/2019/02/bosotvang5-1024x683.jpg\" style=\"height:683px; width:1024px\" /></p>\n\n<p><span style=\"color:#000000\">6. Thả v&agrave;o nồi l&aacute; nguyệt quế, hoa hồi v&agrave; quế. N&ecirc;m nếm gia vị cho vừa miệng. Đậy vung ninh nhỏ lửa tới khi thịt b&ograve; mềm.</span></p>\n\n<p><img alt=\"\" class=\"aligncenter size-large wp-image-8190\" src=\"http://www.savourydays.com/wp-content/uploads/2019/02/bosotvang6-1024x683.jpg\" style=\"height:683px; width:1024px\" /></p>\n\n<p><span style=\"color:#000000\">7. B&aacute;nh phở tươi trần qua nước s&ocirc;i trong 1 &ndash; 2 ph&uacute;t rồi chia đều ra c&aacute;c b&aacute;t, rắc h&agrave;nh m&ugrave;i v&agrave; chan nước, thịt b&ograve; rồi thưởng thức.</span></p>\n\n<p><span style=\"color:#000000\">* Y&ecirc;u cầu th&agrave;nh phẩm: Thịt b&ograve; ch&iacute;n mềm, đậm đ&agrave;. Nước d&ugrave;ng hơi s&aacute;nh nhẹ, thơm m&ugrave;i hồi quế.</span></p>\n\n<p><img alt=\"\" class=\"aligncenter size-large wp-image-8194\" src=\"http://www.savourydays.com/wp-content/uploads/2019/02/phosotvang7-1024x683.jpg\" style=\"height:683px; width:1024px\" /></p>\n<!-- <font color=\"red\"><b><br>-------------------------------<br>THÔNG BÁO: Từ ngày 31.08.2016 đến 15.09.2016 mình sẽ không trả lời được câu hỏi trên tất cả các kênh của Savoury Days (blog, facebook, youtube, ...). Mong các bạn thông cảm.</b><br></font> --></div>\n', 'https://i.imgur.com/8zGMESu.jpeg', '1', 1),
(48, 'Phở cuốn', '<div class=\"content-full boxinc print-only instructions entry\" itemprop=\"recipeInstructions\">\n<!-- <font color=\"red\"><b>THÔNG BÁO: Từ ngày 31.08.2016 đến 15.09.2016 mình sẽ không trả lời được câu hỏi trên tất cả các kênh của Savoury Days (blog, facebook, youtube, ...). Mong các bạn thông cảm.<br>-------------------------------</b><br></font> -->\n		<p><span style=\"color: #000000;\">Cũng như phở chiên phồng, phở cuốn tuy không phải là món truyền thống lâu đời nhưng vẫn là một trong những món ăn gắn liền với Hà Nội, hương vị đặc trưng, không trộn lẫn với các vùng miền khác. Món phở cuốn này cũng “dễ tính” hơn món gỏi cuốn truyền thống vì vỏ bánh phở mềm sẵn rồi, cuốn rất dễ. Vừa có tinh bột, vừa có rau và cả thịt nữa, lại dễ làm nên với những ngày sau Tết bận rộn mà lại muốn ăn ngon thì đây chính là lựa chọn hoàn hảo của bạn  <img src=\"http://www.savourydays.com/wp-includes/images/smilies/1.gif\" alt=\":-)\" class=\"wp-smiley\"> </span></p>\n<p><img class=\"aligncenter size-large wp-image-8180\" src=\"http://www.savourydays.com/wp-content/uploads/2019/02/phocuon_final-1024x683.jpg\" alt=\"\" width=\"1024\" height=\"683\" srcset=\"http://www.savourydays.com/wp-content/uploads/2019/02/phocuon_final-1024x683.jpg 1024w, http://www.savourydays.com/wp-content/uploads/2019/02/phocuon_final-300x200.jpg 300w, http://www.savourydays.com/wp-content/uploads/2019/02/phocuon_final-768x512.jpg 768w, http://www.savourydays.com/wp-content/uploads/2019/02/phocuon_final-600x400.jpg 600w\" sizes=\"(max-width: 1024px) 100vw, 1024px\"></p>\n<h2>CÁCH LÀM PHỞ CUỐN</h2>\n<p><span style=\"color: #800000;\"><strong>Nguyên liệu:</strong></span></p>\n<ul>\n<li><em><span style=\"color: #000000;\">500 gr bánh phở cuốn</span></em></li>\n<li><em><span style=\"color: #000000;\">300 gr thịt thăn bò</span></em></li>\n<li><em><span style=\"color: #000000;\">100 gr giá đỗ</span></em></li>\n<li><em><span style=\"color: #000000;\">40 gr rau xà lách</span></em></li>\n<li><em><span style=\"color: #000000;\">40 gr rau thơm các loại</span></em></li>\n<li><em><span style=\"color: #000000;\">10 gr tỏi</span></em></li>\n<li><em><span style=\"color: #000000;\">10 gr hành khô</span></em></li>\n<li><em><span style=\"color: #000000;\">30 gr đường</span></em></li>\n<li><em><span style=\"color: #000000;\">10 gr dầu hào</span></em></li>\n<li><em><span style=\"color: #000000;\">5 gr bột canh</span></em></li>\n<li><em><span style=\"color: #000000;\">5 gr hạt tiêu</span></em></li>\n<li><em><span style=\"color: #000000;\">20 ml nước mắm</span></em></li>\n<li><em><span style=\"color: #000000;\">15 ml nước cốt chanh</span></em></li>\n<li><em><span style=\"color: #000000;\">2 quả ớt tươi</span></em></li>\n<li><em><span style=\"color: #000000;\">30 ml dầu ăn</span></em></li>\n</ul>\n<p><span style=\"color: #800000;\"><strong>Cách làm:</strong></span></p>\n<p><span style=\"color: #000000;\">1. Sơ chế nguyên liệu:</span></p><div id=\"google-ads-body-post-mid\" align=\"center\">\n<script type=\"text/javascript\"> \n        adUnit_body   = document.getElementById(\"google-ads-body-post-mid\");\n        adWidth_body  = adUnit_body.offsetWidth;\n \n        // Replace this with your AdSense Publisher ID \n        google_ad_client = \"ca-pub-8469627468031103\";\n \n        if ( adWidth_body >= 336 ) {            \n            google_ad_slot      = \"6222745780\";\n            google_ad_width     = 336;\n            google_ad_height    = 280;\n        } else {\n            google_ad_slot        = \"3269279389\";\n            google_ad_width       = 300;          \n            google_ad_height      = 250;\n        }\n </script>\n<script type=\"text/javascript\" src=\"http://pagead2.googlesyndication.com/pagead/show_ads.js\">\n </script>\n</div>\n<p><span style=\"color: #000000;\">– Thịt bò rửa sạch, thấm khô, thái thật mỏng.&nbsp; Cho vào âu thịt 1 thìa cafe đường, đảo đều, để 10’ cho thấm (Ướp đường trước sẽ giúp thịt được mềm và đậm đà hơn). Sau đó ướp thịt với 1 thìa cafe bột nêm/ bột gia vị, 1 thìa cafe dầu hào, 1/2 thìa cafe hạt tiêu. Để 15’ cho thấm.</span></p>\n<p><span style=\"color: #000000;\">– Giá đỗ rửa sạch</span></p>\n<p><span style=\"color: #000000;\">– Hành, tỏi bóc bỏ, đập dập, băm nhỏ</span></p>\n<p><span style=\"color: #000000;\">– Xà lách, rau thơm các loại nhặt rửa thật sạch, vẩy khô.</span></p>\n<p><span style=\"color: #000000;\">2. Xào nhân</span></p><div align=\"center\">\n<a href=\"http://www.savourydays.com/lop-hoc-lam-banh/\" target=\"_blank\"><img border=\"0\" src=\"http://www.savourydays.com/wp-content/uploads/2020/03/SDbakingClass_s.jpg\"></a></div><br>\n<p><span style=\"color: #000000;\">– Dùng chảo chống dính sâu lòng. Đun nóng 2 thìa canh (30 ml) dầu ăn. Cho hành, tỏi băm vào phi thật thơm. Sau đó cho thịt bò vào xào nhanh tay đến khi thịt chín tái, cho tiếp giá đỗ vào chảo, đảo đều cùng thịt bò thêm 30’ cho thịt bò chín hẳn, giá đỗ chín vừa tới. Trút ra bát, để riêng.</span></p>\n<p><img class=\"aligncenter size-large wp-image-8182\" src=\"http://www.savourydays.com/wp-content/uploads/2019/02/phocuon2-1024x683.jpg\" alt=\"\" width=\"1024\" height=\"683\" srcset=\"http://www.savourydays.com/wp-content/uploads/2019/02/phocuon2-1024x683.jpg 1024w, http://www.savourydays.com/wp-content/uploads/2019/02/phocuon2-300x200.jpg 300w, http://www.savourydays.com/wp-content/uploads/2019/02/phocuon2-768x512.jpg 768w, http://www.savourydays.com/wp-content/uploads/2019/02/phocuon2-600x400.jpg 600w, http://www.savourydays.com/wp-content/uploads/2019/02/phocuon2.jpg 1200w\" sizes=\"(max-width: 1024px) 100vw, 1024px\"></p>\n<p><span style=\"color: #000000;\">3. Cuốn phở</span></p>\n<p><span style=\"color: #000000;\">– Trải 1 lá bánh phở lên thớt/ mặt phẳng sạch, xếp rau xà lách và rau thơm. Xúc 1 thìa bò xào giá xếp lên trên rau sống.</span></p>\n<p><span style=\"color: #000000;\">– Nhẹ nhàng cuốn đều bánh phở sao cho toàn bộ nhân và rau ở trong lá phở cuốn</span></p><div id=\"google-ads-body-post-end\" align=\"center\">\n<script type=\"text/javascript\"> \n        adUnit_body   = document.getElementById(\"google-ads-body-post-end\");\n        adWidth_body  = adUnit_body.offsetWidth;\n \n        // Replace this with your AdSense Publisher ID \n        google_ad_client = \"ca-pub-8469627468031103\";\n \n        if ( adWidth_body >= 336 ) {\n            // SD-page-336x280 (336 x 280) \n            google_ad_slot      = \"9735876580\";\n            google_ad_width     = 336;\n            google_ad_height    = 280;\n        } else {\n          // SD-page-300  (300 x 250) \n          google_ad_slot        = \"6452836186\";\n          google_ad_width       = 300;\n          google_ad_height      = 250;\n        }\n </script>\n<script type=\"text/javascript\" src=\"http://pagead2.googlesyndication.com/pagead/show_ads.js\">\n </script>\n</div>\n<p><span style=\"color: #000000;\">– Ăn ngay sau khi cuốn, chấm với nước chấm chua ngọt.</span></p>\n<p><img class=\"aligncenter size-large wp-image-8183\" src=\"http://www.savourydays.com/wp-content/uploads/2019/02/phocuon3-1024x683.jpg\" alt=\"\" width=\"1024\" height=\"683\" srcset=\"http://www.savourydays.com/wp-content/uploads/2019/02/phocuon3-1024x683.jpg 1024w, http://www.savourydays.com/wp-content/uploads/2019/02/phocuon3-300x200.jpg 300w, http://www.savourydays.com/wp-content/uploads/2019/02/phocuon3-768x512.jpg 768w, http://www.savourydays.com/wp-content/uploads/2019/02/phocuon3-600x400.jpg 600w, http://www.savourydays.com/wp-content/uploads/2019/02/phocuon3.jpg 1200w\" sizes=\"(max-width: 1024px) 100vw, 1024px\"></p>\n<p><span style=\"color: #000000;\">4. Pha nước chấm.</span></p>\n<p><span style=\"color: #000000;\">Trong 1 bát nhỡ, trộn đều tất cả các nguyên liệu làm nước chấm chua ngọt, gồm: 20 g đường, 20 ml nước mắm, 20 ml nước lọc, 15 ml nước chanh, nêm nếm lại cho vừa khẩu vị. Thêm ớt tươi cắt lát mỏng.</span></p>\n<!-- <font color=\"red\"><b><br>-------------------------------<br>THÔNG BÁO: Từ ngày 31.08.2016 đến 15.09.2016 mình sẽ không trả lời được câu hỏi trên tất cả các kênh của Savoury Days (blog, facebook, youtube, ...). Mong các bạn thông cảm.</b><br></font> -->\n	</div>', 'https://i.imgur.com/dpYFPQe.jpeg', '1', 1),
(49, 'Bùn bò nam bộ', '<div class=\"content-full boxinc print-only instructions entry\" itemprop=\"recipeInstructions\">\n<!-- <font color=\"red\"><b>THÔNG BÁO: Từ ngày 31.08.2016 đến 15.09.2016 mình sẽ không trả lời được câu hỏi trên tất cả các kênh của Savoury Days (blog, facebook, youtube, ...). Mong các bạn thông cảm.<br>-------------------------------</b><br></font> -->\n		<p><span style=\"color: #000000;\">Một trong những món bún rất dễ làm nhưng cực kì ngon miệng của người Việt. Nguyên liệu của món bún bò này rất đơn giản, chỉ có bún, thịt bò, các loại rau thơm như xà lách, rau mùi, húng chó và một chút hành phi, một chút lạc rang. Điểm hấp dẫn của món ăn chính là từ nước sốt chua ngọt rưới vào trộn cùng bún. Nước sốt phải có vị chua cay mặn ngọt vừa đủ để kết hợp với thịt bò đã được nêm nếm đậm đà. Bún bò Nam bộ có thể là lựa chọn hoàn hảo cho cả bữa sáng, bữa trưa và bữa tối. Hoặc khi đã quá ngán ngẩm với mâm cao cỗ đầy thì hãy bắt tay vào bếp, với chỉ chưa đầy 20 phút là gia đình bạn đã có một bữa ăn nhanh gọn, dễ ăn mà lại cực kỳ hấp dẫn.</span></p>\n<p>&nbsp;</p>\n<p><img class=\"aligncenter size-large wp-image-8096\" src=\"http://www.savourydays.com/wp-content/uploads/2019/02/bunbonambo_final-1024x683.jpg\" alt=\"\" width=\"1024\" height=\"683\" srcset=\"http://www.savourydays.com/wp-content/uploads/2019/02/bunbonambo_final-1024x683.jpg 1024w, http://www.savourydays.com/wp-content/uploads/2019/02/bunbonambo_final-300x200.jpg 300w, http://www.savourydays.com/wp-content/uploads/2019/02/bunbonambo_final-768x512.jpg 768w, http://www.savourydays.com/wp-content/uploads/2019/02/bunbonambo_final-600x400.jpg 600w\" sizes=\"(max-width: 1024px) 100vw, 1024px\"></p>\n<h2>CÁCH LÀM BÚN BÒ NAM BỘ</h2>\n<p><span style=\"color: #800000;\"><strong>Nguyên liệu:</strong></span></p>\n<ul>\n<li><em><span style=\"color: #000000;\">300 gr thịt bò</span></em></li>\n<li><em><span style=\"color: #000000;\">600 gr bún</span></em></li>\n<li><em><span style=\"color: #000000;\">300 gr giá đỗ</span></em></li>\n<li><em><span style=\"color: #000000;\">150 gr xà lách</span></em></li>\n<li><em><span style=\"color: #000000;\">50 gr rau mùi</span></em></li>\n<li><em><span style=\"color: #000000;\">50 gr rau húng</span></em></li>\n<li><em><span style=\"color: #000000;\">3 quả ớt tươi</span></em></li>\n<li><em><span style=\"color: #000000;\">40 gr tỏi (5 – 7 Củ nhỏ)&nbsp;</span></em></li>\n<li><em><span style=\"color: #000000;\">20 gr sả (2 – 3 củ)</span></em></li>\n<li><em><span style=\"color: #000000;\">50 gr hành khô (6 – 8 củ) &nbsp;</span></em></li>\n<li><em><span style=\"color: #000000;\">50 gr lạc rang</span></em></li>\n<li><em><span style=\"color: #000000;\">60 ml nước mắm</span></em></li>\n<li><em><span style=\"color: #000000;\">90 gr đường</span></em></li>\n<li><em><span style=\"color: #000000;\">90 ml dấm</span></em></li>\n<li><em><span style=\"color: #000000;\">15 ml xì dầu</span></em></li>\n<li><em><span style=\"color: #000000;\">15 ml dầu hào</span></em></li>\n<li><em><span style=\"color: #000000;\">5 gr hạt nêm</span></em></li>\n<li><em><span style=\"color: #000000;\">2 gr tiêu xay</span></em></li>\n</ul>\n<p><span style=\"color: #800000;\"><strong>Cách làm:</strong></span></p><div id=\"google-ads-body-post-mid\" align=\"center\">\n<script type=\"text/javascript\"> \n        adUnit_body   = document.getElementById(\"google-ads-body-post-mid\");\n        adWidth_body  = adUnit_body.offsetWidth;\n \n        // Replace this with your AdSense Publisher ID \n        google_ad_client = \"ca-pub-8469627468031103\";\n \n        if ( adWidth_body >= 336 ) {            \n            google_ad_slot      = \"6222745780\";\n            google_ad_width     = 336;\n            google_ad_height    = 280;\n        } else {\n            google_ad_slot        = \"3269279389\";\n            google_ad_width       = 300;          \n            google_ad_height      = 250;\n        }\n </script>\n<script type=\"text/javascript\" src=\"http://pagead2.googlesyndication.com/pagead/show_ads.js\">\n </script>\n</div>\n<p><span style=\"color: #000000;\">1. Chuẩn bị nguyên liệu:</span></p>\n<p><span style=\"color: #000000;\">– Thịt bò rửa sạch, để ráo, thái mỏng. Ướp cùng 15 ml xì dầu (khoảng 1 thìa canh), 15 ml dầu hào, 1 thìa nhỏ (5 gr) hạt nêm, ½ thìa nhỏ (2 gr) tiêu xay trong 15 – 20 phút.</span></p>\n<p><span style=\"color: #000000;\">– Giá đỗ, xà lách, rau mùi, rau húng nhặt, rửa sạch. Thái nhỏ các loại xà lách, rau mùi, rau húng khúc 3 – 4 cm.</span></p>\n<p><span style=\"color: #000000;\">– Tỏi, sả bóc vỏ, ớt bỏ hạt, băm nhỏ.</span></p>\n<p><span style=\"color: #000000;\">– Hành khô bóc vỏ, thái lát mỏng.</span></p><div align=\"center\">\n<a href=\"http://www.savourydays.com/lop-hoc-lam-banh/\" target=\"_blank\"><img border=\"0\" src=\"http://www.savourydays.com/wp-content/uploads/2020/03/SDbakingClass_s.jpg\"></a></div><br>\n<p><span style=\"color: #000000;\">– Lạc rang chín, tách vỏ, đập cho hơi vỡ hạt.</span></p>\n<p><span style=\"color: #000000;\">2. Xào thịt bò: làm nóng một chút dầu trong chảo, phi thơm sả và một nửa chỗ tỏi. Để lửa rất lớn, xào thịt bò nhanh tay tới khi thịt vừa chin tái. Không để lửa bé thịt sẽ bị ra nước và dai.</span></p>\n<p><img class=\"aligncenter size-large wp-image-8098\" src=\"http://www.savourydays.com/wp-content/uploads/2019/02/bunbonambo2-1024x683.jpg\" alt=\"\" width=\"1024\" height=\"683\" srcset=\"http://www.savourydays.com/wp-content/uploads/2019/02/bunbonambo2-1024x683.jpg 1024w, http://www.savourydays.com/wp-content/uploads/2019/02/bunbonambo2-300x200.jpg 300w, http://www.savourydays.com/wp-content/uploads/2019/02/bunbonambo2-768x512.jpg 768w, http://www.savourydays.com/wp-content/uploads/2019/02/bunbonambo2-600x400.jpg 600w, http://www.savourydays.com/wp-content/uploads/2019/02/bunbonambo2.jpg 1200w\" sizes=\"(max-width: 1024px) 100vw, 1024px\"></p>\n<p><span style=\"color: #000000;\">3. Làm nóng khoảng 50 ml dầu trong chảo hoặc nồi chống dính, cho hành khô vào phi trên lửa vừa tới khi hơi hanh vàng thì vớt ra, để ráo dầu.</span></p>\n<p><img class=\"aligncenter size-large wp-image-8099\" src=\"http://www.savourydays.com/wp-content/uploads/2019/02/bunbonambo3-1024x683.jpg\" alt=\"\" width=\"1024\" height=\"683\" srcset=\"http://www.savourydays.com/wp-content/uploads/2019/02/bunbonambo3-1024x683.jpg 1024w, http://www.savourydays.com/wp-content/uploads/2019/02/bunbonambo3-300x200.jpg 300w, http://www.savourydays.com/wp-content/uploads/2019/02/bunbonambo3-768x512.jpg 768w, http://www.savourydays.com/wp-content/uploads/2019/02/bunbonambo3-600x400.jpg 600w, http://www.savourydays.com/wp-content/uploads/2019/02/bunbonambo3.jpg 1200w\" sizes=\"(max-width: 1024px) 100vw, 1024px\"></p><div id=\"google-ads-body-post-end\" align=\"center\">\n<script type=\"text/javascript\"> \n        adUnit_body   = document.getElementById(\"google-ads-body-post-end\");\n        adWidth_body  = adUnit_body.offsetWidth;\n \n        // Replace this with your AdSense Publisher ID \n        google_ad_client = \"ca-pub-8469627468031103\";\n \n        if ( adWidth_body >= 336 ) {\n            // SD-page-336x280 (336 x 280) \n            google_ad_slot      = \"9735876580\";\n            google_ad_width     = 336;\n            google_ad_height    = 280;\n        } else {\n          // SD-page-300  (300 x 250) \n          google_ad_slot        = \"6452836186\";\n          google_ad_width       = 300;\n          google_ad_height      = 250;\n        }\n </script>\n<script type=\"text/javascript\" src=\"http://pagead2.googlesyndication.com/pagead/show_ads.js\">\n </script>\n</div>\n<p><span style=\"color: #000000;\">4. Pha nước sốt: hòa tan 60 ml nước mắm, 90 gr đường, 90 ml dấm. Nước sốt nên có vị ngọt và ít mặn hơn nước chấm bình thường một chút vì thịt bò đã mặn rồi. Cho chỗ tỏi còn lại và ớt băm nhỏ vào, khuấy đều.</span></p>\n<p><span style=\"color: #000000;\">5. Đun sôi một nồi nước để trần qua bún và giá trong 1 – 2 phút. Vớt ra chia vào các bát. Xếp rau sống, thịt bò vào các bát, chan nước sốt vừa đủ, rắc lạc rang, hành phi, trộn đều và thưởng thức.</span></p>\n<p><span style=\"color: #000000;\">* Yêu cầu thành phẩm: Bún có vị chua mặn ngọt vừa đủ. Thịt bò đậm đà, thơm mùi sả và tỏi.<br>\n</span></p>\n<p><img class=\"aligncenter size-large wp-image-8100\" src=\"http://www.savourydays.com/wp-content/uploads/2019/02/bunbonambo5-1024x686.jpg\" alt=\"\" width=\"1024\" height=\"686\" srcset=\"http://www.savourydays.com/wp-content/uploads/2019/02/bunbonambo5-1024x686.jpg 1024w, http://www.savourydays.com/wp-content/uploads/2019/02/bunbonambo5-300x201.jpg 300w, http://www.savourydays.com/wp-content/uploads/2019/02/bunbonambo5-768x514.jpg 768w, http://www.savourydays.com/wp-content/uploads/2019/02/bunbonambo5-600x402.jpg 600w\" sizes=\"(max-width: 1024px) 100vw, 1024px\"></p>\n<!-- <font color=\"red\"><b><br>-------------------------------<br>THÔNG BÁO: Từ ngày 31.08.2016 đến 15.09.2016 mình sẽ không trả lời được câu hỏi trên tất cả các kênh của Savoury Days (blog, facebook, youtube, ...). Mong các bạn thông cảm.</b><br></font> -->\n	</div>', 'https://i.imgur.com/hFuysT6.jpg', '1', 1),
(50, 'Gỏi bò bóp thấu', '<div class=\"content-full boxinc print-only instructions entry\" itemprop=\"recipeInstructions\">\n<!-- <font color=\"red\"><b>THÔNG BÁO: Từ ngày 31.08.2016 đến 15.09.2016 mình sẽ không trả lời được câu hỏi trên tất cả các kênh của Savoury Days (blog, facebook, youtube, ...). Mong các bạn thông cảm.<br>-------------------------------</b><br></font> -->\n		<p><span style=\"color: #000000;\">Cách làm nguyên gốc của món bò bóp thấu này là thịt bò sống thái lát thật mỏng, sau đó được ngâm trong rất nhiều nước cốt chanh để thịt bò được chín tái. Nhưng với điều kiện ở Việt Nam thì mình nghĩ nên làm chín sơ thịt bò bằng cách nhúng vào nồi nước sôi thì sẽ an tâm hơn. Với những ai còn cẩn thận hơn, chỉ ăn thịt bò chín kỹ thì có thể thay thịt bò trần bằng bò luộc nguyên tảng rồi thái mỏng nhé, đều rất ngon đấy.</span></p>\n<p><img class=\"aligncenter size-large wp-image-8014\" src=\"http://www.savourydays.com/wp-content/uploads/2019/01/goibobopthaufinal-1024x681.jpg\" alt=\"\" width=\"1024\" height=\"681\" srcset=\"http://www.savourydays.com/wp-content/uploads/2019/01/goibobopthaufinal-1024x681.jpg 1024w, http://www.savourydays.com/wp-content/uploads/2019/01/goibobopthaufinal-300x200.jpg 300w, http://www.savourydays.com/wp-content/uploads/2019/01/goibobopthaufinal-768x511.jpg 768w, http://www.savourydays.com/wp-content/uploads/2019/01/goibobopthaufinal-600x399.jpg 600w, http://www.savourydays.com/wp-content/uploads/2019/01/goibobopthaufinal.jpg 1562w\" sizes=\"(max-width: 1024px) 100vw, 1024px\"></p>\n<p><span style=\"color: #800000;\"><strong>Nguyên liệu:</strong></span></p>\n<ul>\n<li><em><span style=\"color: #000000;\">300 gr thăn bò</span></em></li>\n<li><em><span style=\"color: #000000;\">20 gr rau kinh giới</span></em></li>\n<li><em><span style=\"color: #000000;\">20 gr bạc hà</span></em></li>\n<li><em><span style=\"color: #000000;\">20 gr rau mùi</span></em></li>\n<li><em><span style=\"color: #000000;\">150 gr hành khô</span></em></li>\n<li><em><span style=\"color: #000000;\">30 gr lạc</span></em></li>\n<li><em><span style=\"color: #000000;\">50 gr phồng tôm</span></em></li>\n<li><em><span style=\"color: #000000;\">150 gr hành tây</span></em></li>\n<li><em><span style=\"color: #000000;\">10 gr tỏi</span></em></li>\n<li><em><span style=\"color: #000000;\">1 quả chanh</span></em></li>\n<li><em><span style=\"color: #000000;\">30 ml nước mắm</span></em></li>\n<li><em><span style=\"color: #000000;\">8 gr ớt tươi</span></em></li>\n<li><em><span style=\"color: #000000;\">40 gr đường</span></em></li>\n<li><em><span style=\"color: #000000;\">40 ml nước cốt chanh</span></em></li>\n<li><em><span style=\"color: #000000;\">300 ml nước dừa tươi</span></em></li>\n<li><em><span style=\"color: #000000;\">10 ml dấm</span></em></li>\n<li><em><span style=\"color: #000000;\">10 g muối</span></em></li>\n</ul>\n<p><span style=\"color: #800000;\"><strong>Cách làm:</strong></span></p>\n<p><span style=\"color: #000000;\">1. Sơ chế nguyên liệu:</span></p><div id=\"google-ads-body-post-mid\" align=\"center\">\n<script type=\"text/javascript\"> \n        adUnit_body   = document.getElementById(\"google-ads-body-post-mid\");\n        adWidth_body  = adUnit_body.offsetWidth;\n \n        // Replace this with your AdSense Publisher ID \n        google_ad_client = \"ca-pub-8469627468031103\";\n \n        if ( adWidth_body >= 336 ) {            \n            google_ad_slot      = \"6222745780\";\n            google_ad_width     = 336;\n            google_ad_height    = 280;\n        } else {\n            google_ad_slot        = \"3269279389\";\n            google_ad_width       = 300;          \n            google_ad_height      = 250;\n        }\n </script>\n<script type=\"text/javascript\" src=\"http://pagead2.googlesyndication.com/pagead/show_ads.js\">\n </script>\n</div>\n<p><span style=\"color: #000000;\">– Thịt bò rửa sạch, thấm khô, thái miếng mỏng, to bản cỡ 3 cm.</span></p>\n<p><span style=\"color: #000000;\">– Rau kinh giới, bạc hà, mùi bỏ rễ, rửa sạch, ngâm nước muối loãng 10’, vẩy khô.</span></p>\n<p><span style=\"color: #000000;\">– Hành khô bóc vỏ, thái mỏng, phi vàng, để riêng</span></p>\n<p><span style=\"color: #000000;\">– Lạc rang chín, bỏ vỏ, đập dập</span></p>\n<p><span style=\"color: #000000;\">– Phồng tôm rán chín, để riêng</span></p><div align=\"center\">\n<a href=\"http://www.savourydays.com/lop-hoc-lam-banh/\" target=\"_blank\"><img border=\"0\" src=\"http://www.savourydays.com/wp-content/uploads/2020/03/SDbakingClass_s.jpg\"></a></div><br>\n<p><span style=\"color: #000000;\">– Hành tây bóc vỏ, để riêng khoảng ¼ củ. Phần còn lại thái mỏng, ngâm với 1 thìa cafe đường và 1 thìa cafe dấm, trộn đều, để 15 cho bớt hăng</span></p>\n<p><span style=\"color: #000000;\">– Tỏi bóc vỏ, ớt vỏ hạt, băm nhuyễn</span></p>\n<p><span style=\"color: #000000;\">2. Trần thịt:</span></p>\n<p><span style=\"color: #000000;\">– Cho vào nồi: 300 ml nước dừa tươi, 6 ml dấm, 6 gr đường, 6 gr muối, 6 ml nước cốt chanh, ¼ củ hành tây. Đun sôi trên lửa to.</span></p>\n<p><span style=\"color: #000000;\">– Nhúng thịt bò thái mỏng vào nồi nước đang sôi mạnh, đảo đều 20 giây cho thịt chín tái, vớt ngay ra rổ cho ráo nước.</span></p><div id=\"google-ads-body-post-end\" align=\"center\">\n<script type=\"text/javascript\"> \n        adUnit_body   = document.getElementById(\"google-ads-body-post-end\");\n        adWidth_body  = adUnit_body.offsetWidth;\n \n        // Replace this with your AdSense Publisher ID \n        google_ad_client = \"ca-pub-8469627468031103\";\n \n        if ( adWidth_body >= 336 ) {\n            // SD-page-336x280 (336 x 280) \n            google_ad_slot      = \"9735876580\";\n            google_ad_width     = 336;\n            google_ad_height    = 280;\n        } else {\n          // SD-page-300  (300 x 250) \n          google_ad_slot        = \"6452836186\";\n          google_ad_width       = 300;\n          google_ad_height      = 250;\n        }\n </script>\n<script type=\"text/javascript\" src=\"http://pagead2.googlesyndication.com/pagead/show_ads.js\">\n </script>\n</div>\n<p><img class=\"aligncenter size-large wp-image-8009\" src=\"http://www.savourydays.com/wp-content/uploads/2019/01/bobopthau2-1024x683.jpg\" alt=\"\" width=\"1024\" height=\"683\" srcset=\"http://www.savourydays.com/wp-content/uploads/2019/01/bobopthau2-1024x683.jpg 1024w, http://www.savourydays.com/wp-content/uploads/2019/01/bobopthau2-300x200.jpg 300w, http://www.savourydays.com/wp-content/uploads/2019/01/bobopthau2-768x512.jpg 768w, http://www.savourydays.com/wp-content/uploads/2019/01/bobopthau2-600x400.jpg 600w, http://www.savourydays.com/wp-content/uploads/2019/01/bobopthau2.jpg 1200w\" sizes=\"(max-width: 1024px) 100vw, 1024px\"></p>\n<p><span style=\"color: #000000;\">3. Dùng 1 quả chanh tươi, vắt nước cốt vào bát thịt bò. Có thể cho cả vỏ chanh vào bóp nhẹ nhàng cùng thịt cho thịt thấm vị thơm của chanh. Vắt bỏ bớt nước tiết ra từ thịt bò, chuyển thịt sang âu to để trộn.</span></p>\n<p><img class=\"aligncenter size-large wp-image-8010\" src=\"http://www.savourydays.com/wp-content/uploads/2019/01/bobopthau3-1024x683.jpg\" alt=\"\" width=\"1024\" height=\"683\" srcset=\"http://www.savourydays.com/wp-content/uploads/2019/01/bobopthau3-1024x683.jpg 1024w, http://www.savourydays.com/wp-content/uploads/2019/01/bobopthau3-300x200.jpg 300w, http://www.savourydays.com/wp-content/uploads/2019/01/bobopthau3-768x512.jpg 768w, http://www.savourydays.com/wp-content/uploads/2019/01/bobopthau3-600x400.jpg 600w, http://www.savourydays.com/wp-content/uploads/2019/01/bobopthau3.jpg 1200w\" sizes=\"(max-width: 1024px) 100vw, 1024px\"></p>\n<p><span style=\"color: #000000;\">4. Làm nước sốt trộn: Trong 1 bát to, trộn đều các nguyên liệu làm nước sốt gồm: 30 ml nước mắm, 30 ml nước cốt chanh, 30 gr đường. Khuấy đến khi tan hết đường, cho tỏi, ớt băm nhỏ vào.</span></p>\n<p><span style=\"color: #000000;\">5. Trong âu to, trộn đều thịt bò, hành tây và các loại rau thơm. Đổ nước sốt vào, trộn nhẹ nhàng</span></p>\n<p><img class=\"aligncenter size-large wp-image-8011\" src=\"http://www.savourydays.com/wp-content/uploads/2019/01/bobopthau5-1024x683.jpg\" alt=\"\" width=\"1024\" height=\"683\" srcset=\"http://www.savourydays.com/wp-content/uploads/2019/01/bobopthau5-1024x683.jpg 1024w, http://www.savourydays.com/wp-content/uploads/2019/01/bobopthau5-300x200.jpg 300w, http://www.savourydays.com/wp-content/uploads/2019/01/bobopthau5-768x512.jpg 768w, http://www.savourydays.com/wp-content/uploads/2019/01/bobopthau5-600x400.jpg 600w, http://www.savourydays.com/wp-content/uploads/2019/01/bobopthau5.jpg 1080w\" sizes=\"(max-width: 1024px) 100vw, 1024px\"></p>\n<p><span style=\"color: #000000;\">6. Chuyển nộm ra đĩa to, rắc hành phi và lạc rang giã dập lên trên. Ăn kèm bánh phồng tôm.</span></p>\n<p><img class=\"aligncenter size-large wp-image-8012\" src=\"http://www.savourydays.com/wp-content/uploads/2019/01/bobopthau6-1024x683.jpg\" alt=\"\" width=\"1024\" height=\"683\" srcset=\"http://www.savourydays.com/wp-content/uploads/2019/01/bobopthau6-1024x683.jpg 1024w, http://www.savourydays.com/wp-content/uploads/2019/01/bobopthau6-300x200.jpg 300w, http://www.savourydays.com/wp-content/uploads/2019/01/bobopthau6-768x512.jpg 768w, http://www.savourydays.com/wp-content/uploads/2019/01/bobopthau6-600x400.jpg 600w\" sizes=\"(max-width: 1024px) 100vw, 1024px\"></p>\n<!-- <font color=\"red\"><b><br>-------------------------------<br>THÔNG BÁO: Từ ngày 31.08.2016 đến 15.09.2016 mình sẽ không trả lời được câu hỏi trên tất cả các kênh của Savoury Days (blog, facebook, youtube, ...). Mong các bạn thông cảm.</b><br></font> -->\n	</div>', 'https://i.imgur.com/19srnjR.jpeg', '1', 1),
(51, 'dat', '<p>dat</p>\n', 'https://i.imgur.com/Y4KoMfN.jpeg', '0', 3),
(52, 'da', '<p>da</p>\n', 'https://i.imgur.com/VKIEHEP.jpeg', '0', 3);
INSERT INTO `product` (`product_Id`, `product_Name`, `product_Description`, `image`, `enable`, `user_id`) VALUES
(53, 'Bắp bò ngâm mắm chua', '<div class=\"boxinc content-full entry instructions print-only\"><!-- <font color=\"red\"><b>THÔNG BÁO: Từ ngày 31.08.2016 đến 15.09.2016 mình sẽ không trả lời được câu hỏi trên tất cả các kênh của Savoury Days (blog, facebook, youtube, ...). Mong các bạn thông cảm.<br>-------------------------------</b><br></font> -->\n<p><span style=\"color:#000000\">Một m&oacute;n ăn kh&ocirc;ng c&ograve;n lạ g&igrave; nữa với ng&agrave;y Tết nhỉ? C&ugrave;ng với ba chỉ ng&acirc;m mắm, đ&acirc;y l&agrave; kiểu m&oacute;n ăn đa dụng, vừa c&oacute; thể nh&acirc;m nhi nhắm rượu, vừa c&oacute; thể trộn với c&aacute;c loại rau dưa l&agrave;m gỏi, vừa c&oacute; thể ăn k&egrave;m c&aacute;c m&oacute;n x&ocirc;i, b&aacute;nh chưng như một m&oacute;n mặn. Đ&acirc;y cũng l&agrave; m&oacute;n ăn tiết kiệm thời gian trong ng&agrave;y Tết, bởi bạn c&oacute; thể ng&acirc;m từ sớm hẳn. Mỗi khi c&oacute; kh&aacute;ch chỉ cần th&aacute;i miếng l&agrave; c&oacute; thể d&ugrave;ng lu&ocirc;n.</span><span style=\"color:#000000\">&nbsp;</span></p>\n\n<p><img alt=\"\" class=\"aligncenter size-large wp-image-7922\" src=\"http://www.savourydays.com/wp-content/uploads/2019/01/bapbongammam_final-1024x683.jpg\" style=\"height:683px; width:1024px\" /></p>\n\n<p><span style=\"color:#800000\"><strong>Nguy&ecirc;n liệu:</strong></span></p>\n\n<ul>\n	<li><em><span style=\"color:#000000\">1 kg thịt bắp b&ograve;</span></em></li>\n	<li><em><span style=\"color:#000000\">20 gram sả</span></em></li>\n	<li><em><span style=\"color:#000000\">20 gram gừng</span></em></li>\n	<li><em><span style=\"color:#000000\">20 gram tỏi</span></em></li>\n	<li><em><span style=\"color:#000000\">20 gram h&agrave;nh kh&ocirc;</span></em></li>\n	<li><em><span style=\"color:#000000\">5 gram thảo quả</span></em></li>\n	<li><em><span style=\"color:#000000\">5 gram quế</span></em></li>\n	<li><em><span style=\"color:#000000\">5 gram hoa hồi</span></em></li>\n	<li><em><span style=\"color:#000000\">5 gram ớt tươi</span></em></li>\n	<li><em><span style=\"color:#000000\">3 gram ti&ecirc;u sọ</span></em></li>\n	<li><em><span style=\"color:#000000\">10 gram đường</span></em></li>\n	<li><em><span style=\"color:#000000\">5 gram bột canh (m&igrave;nh d&ugrave;ng bột n&ecirc;m Hải Ch&acirc;u)</span></em></li>\n	<li><em><span style=\"color:#000000\">300 ml nước mắm ngon</span></em></li>\n	<li><em><span style=\"color:#000000\">200 ml nước</span></em></li>\n	<li><em><span style=\"color:#000000\">200 gram đường</span></em></li>\n</ul>\n\n<p><span style=\"color:#800000\"><strong>C&aacute;ch l&agrave;m</strong></span></p>\n\n<p><span style=\"color:#000000\">1. Sơ chế nguy&ecirc;n liệu:</span></p>\n\n<div id=\"google-ads-body-post-mid\">&nbsp;</div>\n\n<p><span style=\"color:#000000\">&ndash; Bắp b&ograve; rửa thật sạch, lạng bỏ bớt phần g&acirc;n, mỡ thừa. D&ugrave;ng d&acirc;y b&oacute; lại cho tr&ograve;n.</span></p>\n\n<p><span style=\"color:#000000\">&ndash; Sả bỏ l&aacute; gi&agrave;, đập dập, th&aacute;i kh&uacute;c d&agrave;i</span></p>\n\n<p><span style=\"color:#000000\">&ndash; Gừng cạo vỏ, đập dập</span></p>\n\n<p><span style=\"color:#000000\">&ndash; Tỏi b&oacute;c vỏ, để nguy&ecirc;n t&eacute;p</span></p>\n\n<p><span style=\"color:#000000\">&ndash; H&agrave;nh kh&ocirc; b&oacute;c vỏ, để nguy&ecirc;n củ</span></p>\n\n<div><a href=\"http://www.savourydays.com/lop-hoc-lam-banh/\" target=\"_blank\"><img src=\"http://www.savourydays.com/wp-content/uploads/2020/03/SDbakingClass_s.jpg\" /></a></div>\n&nbsp;\n\n<p><img alt=\"\" class=\"aligncenter size-large wp-image-7925\" src=\"http://www.savourydays.com/wp-content/uploads/2019/01/bapbongammam1-1024x683.jpg\" style=\"height:683px; width:1024px\" /></p>\n\n<p><span style=\"color:#000000\">2. Bắc nồi nước l&ecirc;n bếp, cho gừng, sả, &frac12; chỗ h&agrave;nh kh&ocirc;, thảo quả, quế, hồi v&agrave;o nồi c&ugrave;ng với 10 gram đường v&agrave; 5 gram (1 th&igrave;a cafe) bột canh. Cho bắp b&ograve; v&agrave;o nồi, khi nước s&ocirc;i hạ lửa vừa luộc trong v&ograve;ng 35 &ndash; 45&rsquo;, gắp ra cho bắp b&ograve; v&agrave;o b&aacute;t nước đ&aacute; lạnh, để r&aacute;o</span></p>\n\n<p><img alt=\"\" class=\"aligncenter size-large wp-image-7926\" src=\"http://www.savourydays.com/wp-content/uploads/2019/01/bapbongammam2-1024x683.jpg\" style=\"height:683px; width:1024px\" /></p>\n\n<p><span style=\"color:#000000\">3. Nấu nước mắm đường:&nbsp;</span><span style=\"color:#000000\">Trong 1 nồi con, đun s&ocirc;i 200ml nước, khi nước s&ocirc;i cho v&agrave;o nồi 200gram đường khuấy cho tan, sau đ&oacute; cho v&agrave;o 300ml nước mắm, đun s&ocirc;i lại v&agrave; tắt bếp, để nguội.</span></p>\n\n<p><span style=\"color:#000000\">4. Thấm kh&ocirc; miếng bắp b&ograve;, th&aacute;o d&acirc;y, cắt th&agrave;nh 4 miếng. Xếp thịt b&ograve; v&agrave;o trong lọ đ&atilde; tiệt tr&ugrave;ng, lau kh&ocirc;, sau đ&oacute; cho tỏi, ớt, chỗ h&agrave;nh kh&ocirc; c&ograve;n lại, hạt ti&ecirc;u sọ v&agrave;o lọ, đổ nước mắm đường v&agrave;o, d&ugrave;ng que tre hoặc ph&ecirc;n tre chặn sao cho miếng thịt lu&ocirc;n ngập trong nước mắm.</span></p>\n\n<div id=\"google-ads-body-post-end\">&nbsp;</div>\n\n<p><img alt=\"\" class=\"aligncenter size-large wp-image-7927\" src=\"http://www.savourydays.com/wp-content/uploads/2019/01/bapbongammam4-1024x683.jpg\" style=\"height:683px; width:1024px\" /></p>\n\n<p><span style=\"color:#000000\">5. Ng&acirc;m thịt trong kho&agrave;ng 2 tuần l&agrave; c&oacute; thể ăn được.</span></p>\n\n<p><span style=\"color:#000000\">* Lưu &yacute;: N&ecirc;n d&ugrave;ng lọ thủy tinh đ&atilde; được tiệt tr&ugrave;ng, lau kh&ocirc; để đảm bảo vệ sinh v&agrave; khi cọ rửa cũng hết m&ugrave;i dễ d&agrave;ng hơn.&nbsp;</span><span style=\"color:#000000\">Bắp b&ograve; lu&ocirc;n phải ngập trong nước mắm v&agrave; nắp đậy phải k&iacute;n nếu kh&ocirc;ng phần thịt bắp hở ra rất dễ mốc.</span></p>\n\n<p><span style=\"color:#000000\"><strong>Y&ecirc;u cầu th&agrave;nh phẩm</strong>: Thịt b&ograve; săn, gi&ograve;n , đậm đ&agrave; vị mặn ngọt. Th&aacute;i l&aacute;t mỏng ăn k&egrave;m với dưa m&oacute;n hoặc củ kiệu rất ngon.</span></p>\n\n<p><img alt=\"\" class=\"aligncenter size-large wp-image-7928\" src=\"http://www.savourydays.com/wp-content/uploads/2019/01/bapbongammam5-1024x683.jpg\" style=\"height:683px; width:1024px\" /></p>\n<!-- <font color=\"red\"><b><br>-------------------------------<br>THÔNG BÁO: Từ ngày 31.08.2016 đến 15.09.2016 mình sẽ không trả lời được câu hỏi trên tất cả các kênh của Savoury Days (blog, facebook, youtube, ...). Mong các bạn thông cảm.</b><br></font> --></div>\n', 'https://i.imgur.com/jsPzPvY.jpg', '0', 26);

-- --------------------------------------------------------

--
-- Cấu trúc bảng cho bảng `product_resource`
--

CREATE TABLE `product_resource` (
  `pr_Id` int(11) NOT NULL,
  `resource_Id` int(11) NOT NULL,
  `product_Id` int(11) NOT NULL,
  `kcal1g` float NOT NULL
) ENGINE=InnoDB DEFAULT CHARSET=utf8mb4;

--
-- Đang đổ dữ liệu cho bảng `product_resource`
--

INSERT INTO `product_resource` (`pr_Id`, `resource_Id`, `product_Id`, `kcal1g`) VALUES
(109, 54, 38, 2),
(110, 36, 39, 2),
(111, 44, 40, 3),
(132, 9, 48, 2),
(133, 22, 49, 2),
(134, 9, 50, 3),
(135, 26, 51, 3),
(136, 22, 52, 2),
(137, 22, 1, 6),
(138, 23, 1, 4),
(139, 25, 1, 4),
(140, 22, 2, 4),
(141, 26, 2, 4),
(142, 27, 2, 3),
(143, 28, 2, 3),
(144, 22, 3, 4),
(145, 23, 3, 4),
(146, 24, 3, 3),
(147, 25, 3, 3),
(148, 10, 6, 3),
(149, 11, 6, 3),
(150, 12, 6, 3),
(151, 50, 47, 3),
(152, 48, 47, 3),
(153, 47, 47, 3),
(154, 7, 48, 3),
(155, 8, 48, 3),
(156, 9, 48, 3),
(157, 23, 49, 2),
(158, 24, 49, 3),
(159, 25, 49, 3),
(160, 47, 50, 4),
(161, 46, 50, 4),
(162, 48, 50, 3),
(163, 47, 53, 3),
(164, 48, 53, 3);

-- --------------------------------------------------------

--
-- Cấu trúc bảng cho bảng `resources`
--

CREATE TABLE `resources` (
  `resource_Id` int(11) NOT NULL,
  `category_Id` int(11) NOT NULL,
  `image` varchar(50) NOT NULL,
  `resource_Name` varchar(50) CHARACTER SET utf8 NOT NULL,
  `kcal1g` float NOT NULL,
  `resource_Description` varchar(1000) CHARACTER SET utf8 NOT NULL,
  `enable` varchar(50) DEFAULT NULL
) ENGINE=InnoDB DEFAULT CHARSET=utf8mb4;

--
-- Đang đổ dữ liệu cho bảng `resources`
--

INSERT INTO `resources` (`resource_Id`, `category_Id`, `image`, `resource_Name`, `kcal1g`, `resource_Description`, `enable`) VALUES
(1, 2, 'c? t?.jpg', 'C? t?', 0.92, 'C? t? là m?t món ?n th??ng ngày ph? bi?n v?i nhi?u ng??i. Tuy v?y c? t? có nhi?u tác d?ng cho s?c kh?e và làm ??p có th? ít ng??i bi?t ??n nh? kháng khu?n, ch?ng viêm, c?i thi?n tiêu hóa, gi?m cân. C? t? ch?a r?t nhi?u các protein niêm d?ch, ngoài ra còn ch?a vitamin và các nguyên t? vi l??ng. T?t c? các ch?t này có tác d?ng ng?n c?n s? tích t? c?a cholesterol trong thành m?ch máu, gi?m thi?u nguy c? m?c các b?nh v? tim m?ch, b?nh v? huy?t áp, nó còn giúp ?n ??nh tinh th?n.', NULL),
(2, 2, 'củ khoai lang.jpg', 'Khoai lang', 1.19, 'Khoai lang được ví như “thực phẩm vàng” là nhờ những tác dụng của khoai lang đối với sức khỏe con người như chống ung thư, cải thiện tiêu hóa, giảm cân an toàn, điều hòa huyết áp…', '1'),
(3, 2, 'củ khoai lang nghệ.jpg', 'Khoai lang nghệ', 1.16, 'Khoai lang mật(hay gọi là khoai lang nghệ) sau khi chế biến sẽ dẻo chứ khong bở, đặc biệt khi đã được phơi thì khoai càng dẻo và chảy nhiều mật, thịt khoai bên trong màu cam đậm, vị ngọt đặc trưng của mật khoai. Khoai lang mật khi chín có hương thơm rất dậy mùi. Vỏ khoai mỏng, có thể tự tách khỏi phần thịt khi được luộc kĩ và chảy mật dính tay.', '1'),
(4, 2, 'củ khoai môn.jpg', 'Khoai môn', 1.09, 'Khoai môn là một loại rau củ nhiệt đới được trồng ở nhiều quốc gia trên thế giới và được chế biến thành nhiều món ăn hấp dẫn trong thực đơn ẩm thực quốc tế. Khoai môn chứa nhiều chất dinh dưỡng tốt cho sức khỏe như chất xơ, mangan, vitamin E. Khoai môn chứa nhiều chất dinh dưỡng và đem lại nhiều lợi ích tuyệt vời cho sức khỏe.', '1'),
(5, 2, 'khoai tây chiên.jpg', 'Khoai tây chiên', 5.25, 'Khoai tây chiên là một trong số những món ăn vặt cực kì được yêu thích. Nhưng việc mua khoai tây chiên bên ngoài nhiều khi không tốt cho sức khỏe vì có lúc khoai tây bị chiên đi chiên lại rất nhiều lần. Vậy nên, làm được món khoai tây chiên ngon, giòn tại nhà bạn sẽ vừa có thêm một món ăn vặt hấp dẫn, an toàn mà còn tiết kiệm nữa.', '1'),
(6, 2, 'miến dong.jpg', 'Miến dong', 3.32, 'Miến dong sạch là một trong những đặc sản của vùng đất Cao Bằng.  Một trong những đặc điểm nổi bật của miến dong là: thơm, ngon, dai, mang một mùi vị đặc trưng có một không hai của bột dong. Sau khi chế biến bạn có thể để miến một thời gian mà không lo vấn đề miến bị sạn hay nát, bở.', '1'),
(7, 3, 'bơ.jpg', 'Bơ', 7.56, 'Bơ là một loại trái cây bổ dưỡng, tốt cho sức khỏe nhưng không phải ai cũng biết ăn bơ đúng cách. Bơ được các chuyên gia đánh giá rất cao vì giá trị dinh dưỡng mà chúng mang lại. Cụ thể, bơ chứa lượng vitamin dồi dào và đa dạng như vitamin A, D, E,&nbsp;B1, B2, B6, B5, C cùng các khoáng chất&nbsp;Sắt, Đồng, Kali, Kẽm, Mangan, Canxi, Magie, Natri, Selen,...Ngoài ra, lượng muối trong bơ thấp, trong khi chất xơ, hàm lượng lutein cao và carotenoid tự nhiên giúp đẹp da và sáng mắt. Chính vì vậy, đây là loại trái cây được nhiều người ưa chuộng, lựa chọn bổ sung cho thực đơn hàng ngày.', '1'),
(8, 3, 'dầu thực vật.jpg', 'Dầu thực vật', 8.97, 'Dầu thực vật là loại dầu được chiết xuất, chưng cất và tinh chế từ các loại thực vật có nhiều tinh dầu. Thành phần chính của dầu thực vật là các Axit béo không no, trạng thái lỏng ở nhiệt độ thường để cơ thể chúng ta dễ hấp thu. Điểm khác biệt giữa dầu thực vật và dầu động vật là hàm lượng Cholesterol - một chất gây hại đến sức khỏe tim mạch. Ở dầu thực vật, Cholesterol có liều lượng rất thấp không đáng kể và không có khả năng gây hại đến sức khỏe con người.', '1'),
(9, 3, 'mỡ lợn nước.jpg', 'Mỡ lợn nước', 8.96, 'Mỡ lợn giàu khoáng chất và vitamin tốt cho sức khỏe, không gây bệnh tim mạch và làm món ăn vị thơm, ngon hơn. Mỡ lợn chứa khoảng 40% chất béo bão hòa, khoảng 50% chất béo không bão hòa đơn và khoảng 10% chất béo không bão hòa đa.', '1'),
(10, 4, 'cá thu đóng hộp.jpg', 'Cá thu hộp', 2.07, 'Cá thu đóng hộp có hương vị ngon, và chất lượng an toàn. Được ướp gia vị thơm ngon và được nấu chín hoàn toàn.', '1'),
(11, 4, 'cá trích đóng hộp.jpg', 'Cá trích hộp', 2.33, 'Cá trích Seacrown đã được chế biến và đóng hộp tiện lợi, tiết kiệm thời gian chế biến cho các bà nội trợ.', '1'),
(12, 4, 'đậu phộng chiên.jpg', 'Đậu phộng chiên', 6.8, 'Ngăn ngừa rủi ro đột quỵ Đậu phộng là một nguồn giàu chất chống ô xy hóa và khoáng chất nên làm giảm nguy cơ đột quỵ và các vấn đề về tim khác. Chất tryptophan trong đậu phộng cũng chống lại chứng trầm cảm. Do đó đậu phộng có thể giúp bạn ngừa đột quỵ.', '1'),
(13, 4, 'mứt đu đủ.jpg', 'Mứt đu đủ', 1.78, 'Mứt đu đủ có thể dùng đãi khách trong dịp tết với hương vị thơm ngọt dịu nhẹ.', '1'),
(14, 4, 'mứt thơm.jpg', 'Mứt thơm', 2.08, 'Dứa cùng với nhiều loại trái cây khác rất bổ dưỡng với sức khỏe con người. Trong dứa không có cholesterol, lại giàu chất xơ, các enzym tiêu hóa, vitamin C, canxi và kali.', '1'),
(15, 4, 'nhãn hộp.jpg', 'Nhãn hộp', 0.62, 'Nhãn Đóng Hộp là loại nhãn ngâm siro, thường được sử dụng để pha chế các thức uống hoặc trong làm bánh ngọt.', '1'),
(16, 4, 'nước thơm.jpg', 'Nước thơm', 0.39, 'Tác dụng của nước ép dứa không chỉ là giải nhiệt hiệu quả mà còn có giảm cân vừa hiệu quả lại an toàn, đồng thời, bổ sung vitamin C và nhiều khoáng chất cần thiết khác cho cơ thể.', '1'),
(17, 4, 'thịt bò hộp.jpg', 'Thịt bò hộp', 2.51, 'Thịt bò hộp là một trong những sản phẩm đồ hộp thông dụng được sản xuất theo công nghệ hiện đại mang đến chất lượng cao cho người dùng.', '1'),
(18, 4, 'thịt gà hộp.jpg', 'Thịt gà hộp', 2.73, 'Thịt gà cung cấp lượng lớn protein, đây là nhóm chất chính tạo thành cấu trúc của tế bào và ảnh hưởng đến sự phát triển về cân nặng, chiều cao và trí não của con người.', '1'),
(19, 4, 'thịt heo hộp.jpg', 'Thịt heo hộp', 3.44, 'Thịt heo hộp là sản phẩm đã được nấu chín và tẩm ướp gia vị, rất tiện dụng và dễ ăn, giúp tiết kiệm thời gian khi nấu nướng. Bạn đọc cần lưu ý khi mua và sử dụng thịt heo hộp để đảm bảo an toàn vệ sinh thực phẩm.', '1'),
(20, 4, 'trái thơm hộp.jpg', 'Thơm hộp', 0.56, 'Dứa là trái cây nhiệt đới, giàu vitamin, enzyme và chất chống oxy hóa. Dứa có thể cung cấp đầy đủ chất dinh dưỡng, vitamin và khoáng chất.', '1'),
(21, 4, 'trái vải hộp.jpg', 'Vải hộp', 0.6, 'Sử dụng trái vải đóng hộp có sẵn pha trà với siro vải cho thêm đậm mùi và lắc đều là bạn đã có ngay một ly trà vải tươi ngon.', '1'),
(22, 5, 'bánh in chay.jpg', 'Bánh in chay', 3.76, 'Bánh trôi - bánh chay, xuất phát từ bánh Trung Quốc là hai loại bánh cổ truyền tại miền Bắc Việt Nam. Hai loại bánh này thường đi liền với nhau, phổ biến nhất trong dịp Tết Hàn Thực vào mùng 3 tháng 3 âm lịch hàng năm, còn gọi là \"ngày bánh trôi bánh chay\"', '1'),
(23, 5, 'bánh men.jpg', 'Bánh men', 3.69, 'Bánh men nhỏ xinh, trắng thơm, giòn tan ngay khi đưa vào miệng khiến gợi nhớ đến tuổi thơ của rất nhiều người', '1'),
(24, 5, 'bánh mì khô.jpg', 'Bánh mì khô', 3.46, 'Bánh mì đen hay bánh mì lúa mạch là một loại bánh mì được chế biến bằng những tỷ lệ khác nhau của bột mì từ hạt lúa mạch đen. Nó có thể được chế biến sao cho sáng màu hoặc tối màu, tùy thuộc vào các loại bột được sử dụng.', '1'),
(25, 5, 'bánh socola.jpg', 'Bánh sôcôla', 4.49, 'Bánh sô cô la hoặc sô cô la gâteau là một loại bánh có hương vị sô cô la tan chảy, bột ca cao hoặc cả hai.', '1'),
(26, 5, 'bánh thỏi.jpg', 'Bánh thỏi sôcôla', 5.43, 'Thanh sô-cô-la hay thỏi sô-cô-la là một loại bánh kẹo Sô-cô-la ở dạng thanh, trong thanh sô-cô-la có thể bao gồm một số hoặc tất cả các thành phần gồm ca cao, bơ ca cao, đường, sữa...', '1'),
(27, 5, 'đường cát trắng.jpg', 'Đường cát trắng', 3.97, 'Đường cát trắng có thể dùng để làm gia vị nấu ăn hàng ngày, nước đường cát trắng có thể chữa được hạ đường huyết. Ngoài ra nếu cho ít đường vào lọ hoa sẽ giúp nó tươi lâu hơn. Còn đường phèn do được tinh chế từ đường cát trắng, được loại bỏ hết tạp chất nên nó ít ngọt hơn, có vị thanh mát và giải nhiệt tốt hơn.', '1'),
(28, 5, 'kẹo café.jpg', 'Kẹo cà phê', 3.78, 'Viên kẹo 2 lớp với hương vị sữa thơm béo và cà phê đắng nhẹ, tuy đối lập mà hoà quyện, giúp bạn tỉnh táo hơn.', '1'),
(29, 5, 'kẹo đậu phộng.jpg', 'Kẹo đậu phộng', 4.49, 'Kẹo đậu phộng với hương vị thơm ngon, bùi béo vô cùng hấp dẫn là một trong những món kẹo ưa thích của khá nhiều người.', '1'),
(30, 5, 'kẹo dừa mềm.jpg', 'Kẹo dừa mềm', 4.15, 'Kẹo dừa là món kẹo thơm ngon, béo ngậy, là đặc sản nổi tiếng của tỉnh Bến Tre.', '1'),
(31, 5, 'kẹo ngậm bạc hà.jpg', 'Kẹo ngậm bạc hà', 2.68, 'Viên ngậm bạc hà Frisk Neo Peppermint 35g “xuất thân” từ hãng Kracie – một trong những thương hiệu nổi tiếng về mỹ phẩm, dược phẩm và thực phẩm tại Nhật Bản với lịch sử hơn 100 năm qua, kẹo 2 lớp màu siêu xinh kết hợp với vị bạc hà the mát cực kì cho cảm giác tươi mới không bao giờ quên được, đây là hương vị yêu thích nhất hiện nay trong series kẹo Frisk NEO.', '1'),
(32, 5, 'kẹo socola.jpg', 'Kẹo sôcôla', 3.88, 'Socola là hỗn hợp giữa bột ca cao và bơ ca cao, cho thêm đường, sữa, và một số phụ liệu, cuối cùng được đóng thành dạng thanh hay dạng viên.', '1'),
(33, 5, 'kẹo sữa.jpg', 'Kẹo sữa', 3.9, 'Kẹo sữa dành cho trẻ biếng ăn, biếng bú, không chịu hoặc không tỏ ra thích thú khi phải uống sữa.', '1'),
(34, 6, 'cari bột.jpg', 'Cari bột', 2.83, 'Giảm đau và viêm. Chất chống viêm của củ nghệ có trong bột cari chủ động làm giảm viêm khớp và suy thoái, cũng như các cơn đau liên quan đến các bệnh như viêm khớp dạng thấp.', '1'),
(35, 6, 'gừng tươi.jpg', 'Gừng tươi', 0.25, 'Chữa rối loạn tiêu hóa. Hợp chất Phenolic trong củ gừng được chứng minh rằng có khả năng làm giảm những triệu chứng rối loạn đường tiêu hóa như là đầy hơi, chướng bụng, táo bón.', '1'),
(36, 6, 'mắm tôm đặc.jpg', 'Mắm tôm đặc', 0.73, 'Mắm tôm thường có 3 dạng: đặc, sệt và lỏng.', '1'),
(37, 6, 'muối.jpg', 'Muối', 0, 'Muối biển có tác dụng giúp kiểm soát lượng đường trong máu.', '1'),
(38, 6, 'nghệ khô.jpg', 'Nghệ khô', 3.6, 'Tinh bột nghệ hỗ trợ ngăn ngừa ung thư Tinh bột nghệ chứa các chất chống oxi hóa giúp kháng virus, kháng nấm, ngăn ngừa sự phát triển của các tế bào xấu.', '1'),
(39, 6, 'nghệ tươi.jpg', 'Nghệ tươi', 0.22, 'Chất Curcumin trong nghệ tươi có công dụng kháng viêm, diệt khuẩn và làm liền vết viêm loét hiệu quả. Vậy nên, khi bạn uống nghệ tươi cùng với mật ong hàng ngày sẽ giảm bớt các triệu chứng và tăng hiệu quả chữa bệnh dạ dày như đau dạ dày, trào ngược dạ dày, viêm loét dạ dày…', '1'),
(40, 6, 'nước mắm.jpg', 'Nước mắm', 0.28, 'Nước mắm ích khí bổ huyết, bổ can thận, thông huyết mạch, lợi niệu, nhuận tràng. Dùng làm gia vị, khai vị trợ tiêu hóa. Dùng cho trường hợp trúng lạnh, trúng gió, co cứng chân tay, chuột rút, cứng hàm, suy kiệt, táo bón, thiếu máu… Liều dùng: 5-30 ml trong gia vị thực phẩm.', '1'),
(41, 6, 'tôm chua.jpg', 'Tôm chua', 0.68, 'Mắm tôm chua Dì Cẩn là một món ăn đậm đà, vừa hấp dẫn vừa lạ miệng.', '1'),
(42, 6, 'tương ớt.jpg', 'Tương ớt', 0.37, 'Trong tương ớt sử dụng nhiều ớt tươi trong thành phần có thể cải thiện tiêu hóa giúp nhuận tràng, giải phóng endorphins (chất giảm đau tự nhiên), thông mũi, giảm huyết áp cao, tăng cường tốc độ trao đổi chất. Sử dụng một ít tương ớt mỗi ngày còn có tác dụng ngăn chặn nguy cơ mắc các bệnh liên quan tiểu đường.', '1'),
(43, 6, 'xì dầu.jpg', 'Xì dầu', 0.28, 'Các chuyên gia Singapore đã gọi xì dầu là sản phẩm duy nhất có khả năng chống lại sự phá hủy tế bào mạch máu, do đó ngăn chặn sự phát triển xơ vữa động mạch và các bệnh khác.', '1'),
(44, 7, 'cùi dừa già.jpg', 'Cùi dừa già', 3.68, 'Cùi dừa có chưa các chất dinh dưỡng: Chất đạm, tinh bột, đường, chất xơ thực phẩm, chất béo. Các loại Vitamin có trong cùi dừa: B1, B2, B3, B5, B6, B9, C,…Các loại khoáng chất có trong cùi dừa: Ca, Fe, Mg, P, K, Zn,…', '1'),
(45, 7, 'cùi dừa non.jpg', 'Cùi dừa non', 0.4, 'Cùi dừa cung cấp dinh dưỡng. Cùi dừa có nhiều chất béo và calo mà lại chứa một lượng carb và protein vừa phải. Cùi dừa bảo vệ tim mạch. ...', '1'),
(46, 7, 'đậu đen.jpg', 'Đậu đen (hạt)', 3.25, 'Gúp giảm cân. Nước đậu đen là thực phẩm chứa ít năng lượng cũng như chất béo. Giúp chống lão hóa và làm đẹp da. Trong đậu đen có hợp chất anthocyanins. Giúp hạ huyết áp. ...', '1'),
(47, 7, 'đậu hà lan.jpg', 'Đậu Hà lan (hạt)', 3.42, 'Ngăn ngừa ung thư tin liên quan. Thúc đẩy sức khỏe tim. Đậu Hà Lan chứa các khoáng chất thiết yếu như kali và magiê giúp ngăn ngừa huyết áp cao, một yếu tố nguy cơ chính của bệnh tim. Làm giảm lượng đường trong máu. ...', '1'),
(48, 7, 'đậu phụ.jpg', 'Đậu phụ', 0.95, 'Đậu phụ là món ăn phổ biến trong bữa ăn hàng ngày của mọi gia đình.', '1'),
(49, 7, 'đậu tương.jpg', 'Đậu tương (đậu nành)', 4, 'Phòng bệnh tim mạch. Phòng ngừa ung thư vú và ung thư tuyến tiền liệt. Giảm nguy cơ trầm cảm. Phòng bệnh tiểu đường, bệnh thận. Tăng cường khả năng sinh sản. ...', '1'),
(50, 7, 'đậu xanh.jpg', 'Đậu xanh', 3.28, 'Nếu bạn ăn một chén cháo đậu xanh nấu chín mỗi ngày giúp bạn tăng cường hệ miễn dịch, hạ thấp 20% lượng cholesterol trong 3 tuần, nguy cơ mắc bệnh tim mạch và huyết áp giảm 40%. Chất xơ trong đậu xanh còn có khả năng loại bỏ các độc tố trong cơ thể, do đó giúp ngăn ngừa chứng ung thư ruột kết.', '1'),
(51, 7, 'hạt điều.jpg', 'Hạt điều', 6.05, 'Ngăn ngừa ung thư Hạt điều chứa proanthocyanidins - được chứng minh là loại flavanol có thể ngăn chặn các tế bào ung thư tái sản xuất và tiêu diệt tế bào ung thư.', '1'),
(52, 7, 'mè.jpg', 'Mè', 5.68, 'Nguồn thực phẩm giàu chất xơ tốt. Có tác dụng giảm cholesterol và chất béo trung tính. Nguồn cung protein thực vật dồi dào. Tác dụng hạ huyết áp. ...', '1'),
(53, 7, 'sữa đậu nành.jpg', 'Sữa đậu nành', 0.28, 'Trong sữa đậu nành có vitamin A, B1, B2, D, PP, K, F và các men có ích cho tiêu hóa. Ngoài ra, đồ uống này còn chứa chất isoflavone giúp bù lại tình trạng thiếu estrogen của phụ nữ có tuổi, chống loãng xương, phòng trị ung thư vú. Sữa đậu nành cũng cải thiện chứng thừa cholesterol ở đàn ông.', '1'),
(54, 8, 'bánh bao.jpg', 'Bánh bao', 2.19, 'Bánh bao chay nhân đậu thì trong bánh bao lại có rất nhiều các loại vitamin B6, B1, B12… các vitamin này có tác dụng làm giảm căng thẳng …', '1'),
(55, 8, 'bánh đúc.jpg', 'Bánh đúc', 0.52, 'Bánh đúc là món quà vặt có từ thời xa xưa. Bánh làm từ bột gạo và lạc, khi ăn có cảm giác mát, ngậy và có tác dụng chống đói hiệu quả.', '1'),
(56, 8, 'bánh mì.jpg', 'Bánh mì', 2.49, 'Giúp ruột khỏe: Bánh mì là nguồn phong phú chất xơ nên rất tốt cho hệ thống tiêu hóa. Giảm nguy cơ bệnh tim: Bánh mì giúp giảm nguy cơ bệnh mạch vành. Giảm cân: Bánh mì được xem là chọn lựa đúng đắn cho người gặp khó khăn khi theo đuổi chế độ ăn kiêng với khẩu phần chứa ít thành phần carbon.', '1'),
(57, 8, 'bánh phở.jpg', 'Bánh phở', 1.41, 'Bánh phở là nguyên liệu chính để tạo nên các món phở. Ngoài những thành phần khác như là nước phở, thịt, gia vị... thì bánh phở quyết định đến chất lượng của một bát (tô) phở. Riêng ở làng Chũ Lục Ngạn, Bắc Giang bánh phở khô có tên gọi khác là mỳ chũ.', '1'),
(58, 8, 'bánh tráng mỏng.jpg', 'Bánh tráng mỏng', 3.33, 'Bánh tráng hay còn gọi là bánh đa là loại bánh sử dụng nguyên liệu chính là tinh bột tráng mỏng phơi khô.', '1'),
(59, 8, 'bún.jpg', 'Bún', 1.1, 'Những sợi bún thì ta cũng đều biết rằng, bún được làm bởi gạo. Tuy vậy để có được bún vừa tươi vừa ngon, dai và giòn, trắng trong đồng thời bắt mắt người làm đã phải bỏ vô đó không phải là ít những phụ gia không giống nhau mà phổ biến nhất đấy chính là chất hàn the, chất huỳnh quang Tinopal, thêm nữa còn nhiều chất làm chua, chất tẩy trắng,…', '1'),
(60, 8, 'gạo nếp cái.jpg', 'Gạo nếp cái', 3.46, 'Nếp cái hoa vàng, có khi còn gọi là nếp ả hay nếp hoa vàng, là giống lúa nếp truyền thống nổi tiếng tại các tỉnh đồng bằng và trung du Bắc Bộ, Việt Nam, có hạt gạo tròn, dẻo, thơm đặc biệt nên thường dùng đồ xôi, làm cốm, làm các loại bánh có sử dụng gạo nếp, làm tương hoặc ủ rượu.', '1'),
(61, 8, 'gạo tẻ.jpg', 'Gạo tẻ', 3.44, 'Trong thành phần của gạo tẻ, có chứa các dưỡng chất cần thiết cho cơ thể như: Tinh bột, Protein, Vitamin, B1, Niacin, Vitamin C, Canxi, Sắt…', '1'),
(62, 8, 'ngô tươi.jpg', 'Ngô tươi', 1.96, 'Ngô hay còn gọi là bắp hay bẹ. Đây là một loại cây lương thực có nguồn gốc từ Trung Mỹ và sau đó lan tỏa ra khắp châu Mỹ từ cuối thế kỷ 15 đến đầu thế kỷ 16 Ngô là thực phẩm có sẵn quanh năm, chứa hàm lượng giá trị dinh dưỡng cao. Theo ẩm thực Việt Nam, hạt ngô còn được sử dụng để làm bánh ngô hay canh súp ngô rất ngon mà bổ dưỡng.', '1'),
(63, 8, 'ngô vàng.jpg', 'Ngô vàng hạt vàng', 3.54, 'Trong hạt ngô có chứa rất nhiều chất beta-cryptoxanthin', '1'),
(64, 9, 'bia.jpg', 'Bia', 0.43, 'Giảm nguy cơ bệnh tim. Chống lại bệnh Alzheimer. Giảm nguy cơ tiểu đường. Ngăn ngừa sỏi thận. Giảm thiểu nguy cơ ung thư ...', '1'),
(65, 9, 'coca cola.jpg', 'CocaCola', 0.42, 'Không chỉ có công dụng khử mùi xăng, Coca-Cola còn có thể đánh bay mọi vết bẩn cứng đầu như vết mực trên quần áo cực kỳ hiệu quả. Giờ đây, bạn không cần phải mua dung dịch tẩy rửa đắt đỏ nữa chỉ cần đổ một lon Coca vào máy giặt cùng với nước tẩy rửa quần áo là được.', '1'),
(66, 9, 'rượu nếp.jpg', 'Rượu nếp', 1.66, 'Rượu nếp giúp phòng ngừa tim mạch, đột qụy, tăng huyết áp. Rượu nếp cẩm phòng chống ung thư ...', '1'),
(67, 10, 'bưởi.jpg', 'Bưởi', 0.3, 'Phòng ngừa táo bón. Khi mùa thu tới, rất nhiều người lại bị chứng táo bón \"hành hạ\".', '1'),
(68, 10, 'cam.jpg', 'Cam', 0.37, 'Cam là loại trái cây phổ biến nhất thế giới với lượng calo thấp và nguồn dinh dưỡng cao. Cam có thể hỗ trợ sức khỏe của da và giảm nguy cơ mắc nhiều bệnh lý. Tham khảo một số thông tin về công dụng của nước cam cũng như cách sử dụng an toàn để bảo vệ sức khỏe.', '1'),
(69, 10, 'chanh.jpg', 'Chanh', 0.23, 'Cân bằng độ pH của cơ thể và giảm cân. Chữa các vấn đề liên quan đến chứng đầy bụng khó tiêu, táo bón và giúp lợi tiểu. Giảm đau và tránh nhiễm khuẩn răng miệng.', '1'),
(70, 10, 'chôm chôm.jpg', 'Chôm chôm', 0.72, 'Lượng vitamin chứa trong chôm chôm còn có tác dụng bổ sung dưỡng chất thiết ...', '1'),
(71, 10, 'chuối tây.jpg', 'Chuối tây', 0.66, 'Chuối chín có tác dụng làm hạ áp huyết cao và phòng ngừa nguy cơ đột qụy', '1'),
(72, 10, 'chuối tiêu.jpg', 'Chuối tiêu', 0.97, 'Thành phần kali trong chuối tiêu có tác dụng tăng cường bài tiết lượng nước và muối dư thừa trong máu, cân bằng hàm lượng natri. Ngoài ra, chuối tiêu còn bổ sung carotein giúp ngăn ngừa lão hóa mắt sớm, làm cho “cửa sổ tâm hồn” của bạn sáng hơn, khỏe hơn và bớt mệt mỏi.', '1'),
(73, 10, 'đu đủ chín.jpg', 'Đu đủ chín', 0.35, 'Cải thiện hệ tiêu hóa. Đu đủ rất tốt cho hệ tiêu hóa bởi có hàm lượng chất xơ cao.', '1'),
(74, 10, 'dưa hấu.jpg', 'Dưa hấu', 0.16, 'Dưa hấu là một phương pháp giúp lợi tiểu tự nhiên qua việc gia tăng lượng nước tiểu mà không gây căng thẳng cho thận như các đồ uống có cồn hay café. Dưa hấu còn giúp gan lọc chất acmoniac, giảm gánh nặng cho thận trong quá trình xử lý nước.', '1'),
(75, 10, 'dứa ta.jpg', 'Dứa ta', 0.29, 'Quả Khóm chứa nhiều Bromelain, có đặc tính chống viêm, giảm đau và hỗ trợ điều trị các bệnh viêm khớp, viêm khớp dạng thấp. Ngoài ra, Bromelain được cho là có thể giảm sưng, bầm tím và hỗ trợ việc chữa lành các vết thương sau chấn thương, phẫu thuật.', '1'),
(76, 10, 'hồng xiêm.jpg', 'Hồng xiêm', 0.48, 'Bổ sung năng lượng tức thì Hàm lượng glucose cao trong hồng xiêm cung cấp đường cho cơ thể trong một vài phút.', '1'),
(77, 10, 'lê.jpg', 'Lê', 0.45, 'Lê không chỉ có mùi vị đặc biệt, thơm ngon, mát mà còn có tác dụng tuyệt vời cho sức khỏe con người.', '1'),
(78, 10, 'mận.jpg', 'Mận', 0.2, 'Tốt cho xương khớp. Theo India Times, mận có thể làm tăng đáng kể mật độ khoáng xương ở cột sống và cẳng tay.', '1'),
(79, 10, 'mít dai.jpg', 'Mít dai', 0.48, 'Ít người biết rằng mít là nguồn cung vitamin C, A dồi dào, giúp tăng cường hệ miễn dịch, cải thiện sinh lực nam giới và chống ung thư. Một nghiên cứu gần đây chỉ ra rằng, ngoài các tác dụng được biết đến như tăng cường năng lượng, duy trì huyết áp, mít còn có khả năng phòng ngừa và điều trị ung thư.', '1'),
(80, 10, 'mít mật.jpg', 'Mít mật', 0.62, 'Mít mật vốn là loại quả không chỉ thơm mà còn rất ngọt nên có nhiều người ưa thích. Tuy nhiên, không như mít dai hay mít nghệ, mít mật khi chín thường rất mềm, chỉ cần chạm nhẹ vào múi là có thể bị nát hoặc chảy nước khá bất tiện. Do đó khi ăn loại quả này, nhiều người hay ngại làm.', '1'),
(81, 10, 'mơ.jpg', 'Mơ', 0.46, 'Mơ còn có tên là ô mai, khổ hạnh nhân, tên khoa học Prunus arme-niaca L., thuộc họ Hoa hồng (Rosaceae). Từ xa xưa mơ được nhiều dân tộc trên thế giới, nhất là ở phương Đông biết đến. Mơ là loại quả có giá trị dinh dưỡng rất cao, chứa nhiều vitamin và những chất chống oxy hoá mạnh, không những được dùng làm thuốc, món ăn mà còn có công dụng làm đẹp.', '1'),
(82, 10, 'na.jpg', 'Na', 0.64, 'Na, còn gọi là mãng cầu ta, mãng cầu na, mãng cầu dai/giai, sa lê, phan lệ chi, là một loài thuộc chi Na có nguồn gốc ở vùng châu Mỹ nhiệt đới. Nguồn gốc bản địa chính xác của loại cây này chưa rõ do hiện nay nó được trồng khắp nơi nhưng người ta cho rằng nó là cây bản địa của vùng Caribe.', '1'),
(83, 10, 'nhãn.jpg', 'Nhãn', 0.48, 'Nhãn là trái cây giàu vitamin C. Trong 100 g nhãn có chứa 84 mg dưỡng chất này, cung cấp 93% lượng vitamin C', '1'),
(84, 10, 'nho ta(chua).jpg', 'Nho ta (nho chua)', 0.14, 'Nho là một loại quả mọng lấy từ các loài cây thân leo thuộc chi Nho (Vitis).', '1'),
(85, 10, 'quýt.jpg', 'Quýt', 0.38, 'Quýt giúp ngăn ngừa đau đầu, trợ tiêu hóa và tốt cho việc giảm viêm. Loại quả này cũng giúp ngăn ngừa chứng chuột rút nhờ hàm lượng kali cao. Quýt không phải là một nguồn rất lớn canxi, nhưng nó chứa 22 mg mỗi khẩu phần. Canxi là một khoáng chất cần thiết giúp làm dịu thần kinh và làm giảm huyết áp của bạn.', '1'),
(86, 10, 'táo ta.jpg', 'Táo ta', 0.37, 'Táo ta (táo chua) có vỏ xanh, nhẵn bóng được trồng phổ biến ở Việt Nam với hai loại chính: táo chua và táo đường.', '1'),
(87, 10, 'táo tây.jpg', 'Táo tây', 0.47, 'Nghiên cứu cho thấy, táo tây có tác dụng dự phòng tăng huyết áp, xơ cứng động mạch, còn là thức ăn lý tưởng cho phụ nữ mang thai. Táo tây chứa nhiều muối kali, sau khi ăn sẽ làm hoán chuyển natri trong máu, cũng như bài ra cơ thể, từ đó giúp giảm huyết áp.', '1'),
(88, 10, 'vải.jpg', 'Vải', 0.43, 'Quả vải là loại trái cây hàng đầu giúp cải thiện sức khỏe tim mạch, phòng chống ung thư, giúp bạn có làn da đẹp và suối tóc óng ả. Mùa hè đến là thời điểm tuyệt vời để thưởng thức trái vải thơm ngon và đầy hương vị.', '1'),
(89, 10, 'vú sữa.jpg', 'Vú sữa', 0.42, 'Quả vú sữa có vị ngọt, thơm như vị sữa. Đây là thứ trái cây quen thuộc đối với người Việt. Nhưng không phải ai cũng biết rằng, vú sữa có nhiều tác dụng rất tốt cho sức khỏe của mọi người. Vú sữa cung cấp rất nhiều vitamin, dưỡng chất và vi chất thiết yếu cho cơ thể. Bên cạnh đó, vú sữa còn giúp bạn giảm cân, chắc xương và rất hữu ích cho ngày hành kinh.', NULL),
(90, 10, 'xoài.jpg', 'Xoài chín', 0.69, 'Trong một trái xoài có chứa nhiều vitamin chủ yếu là vitamin A, B1, B2, B6, C, E,… và nhiều loại khoáng chất điển hình là protein, lipit, gluxit. Đặc biệt xoài là nguồn cung cấp vitamin A và C cao nhất trong tất cả các loại trái cây. Các enzymes trong xoài cũng có chức năng giúp đào thải chất độc trong cơ thể; tạo ra kháng thể giúp cho cơ thể chống lại các vi khuẩn, vi rút gây bệnh thông thường.', NULL),
(91, 11, 'bầu.jpg', 'Bầu', 0.14, 'Chất xơ hòa tan có trong quả bầu có tác dụng ngăn ngừa bệnh tim mạch và giữ cho trái tim khỏe mạnh. Chất xơ không hòa tan có thể làm sạch ruột. Chất xơ còn giúp tiêu hóa tốt hơn và ngăn ngừa táo bón. Nó cũng giúp giảm nguy cơ ung thư, nồng độ axit và khả năng giảm thiểu tích lũy khí trong ruột.', NULL),
(92, 11, 'bí đao.jpg', 'Bí đao (bí xanh)', 0.12, 'Tác dụng chủ yếu là giải khát, làm mát, lợi tiểu để loại trừ nhiệt độc và nước ứ đọng trong cơ thể ra ngoài. Ăn bí đao thường xuyên có thể tiêu trừ nước thừa trong cơ thể ở người béo bệu, phù thũng.', NULL),
(93, 11, 'bí ngô.jpg', 'Bí ngô', 0.24, 'Bí đỏ vừa là một thực phẩm chứa nhiều dinh dưỡng vừa là một cây thuốc quý. Dây bí đỏ mọc lan trên mặt đất. Hiện nay có nhiều loài mà quả có hình dáng và màu sắc khác nhau: hình cầu, hình cầu dẹt, hình trụ; vỏ nâu, vỏ vân, vỏ sẫm màu ; thịt đỏ, thịt hồng, thịt vàng ; có loại nặng trên 100kg.', NULL),
(94, 11, 'cà chua', 'Cà chua', 0.19, 'Cải thiện thị lực. Cà chua là nguồn cung cấp vitamin A và C tuyệt vời giúp ngăn ngừa bệnh quáng gà và tăng thị lực cho đôi mắt của bạn.', NULL),
(95, 11, 'cà pháo', 'Cà pháo', 0.2, 'Từ xưa, cà pháo vẫn là món ăn truyền thống trong mỗi mâm cơm gia đình Việt Nam. Không những ăn ngon miệng, nếu biết sử dụng, cà pháo còn trở thành những vị thuốc giúp nhuận tràng, lợi tiểu, trị thũng thấp độc, trừ hòn cục trong bụng, ho lao....', NULL),
(96, 11, 'cà rốt.jpg', 'Cà rốt', 0.38, 'Cây cà rốt không chỉ là loại rau quen thuộc mà còn là cây thuốc quý. Cà rốt là loại cây thảo sống 2 năm. Lá cắt thành bản hẹp. Hoa tập hợp thành tán kép; trong mỗi tán, hoa ở chính giữa thì không sinh sản và màu tía, còn các hoa sinh sản ở chung quanh thì màu trắng hay hồng. Hạt Cà rốt có vỏ gỗ và lớp lông cứng che phủ.', NULL),
(97, 11, 'cà tím.jpg', 'Cà tím', 0.22, 'Cà tím có tên khoa học là solanum melongena, có nguồn gốc ở Ấn Độ. Theo các nhà dinh dưỡng, trong thành phần của cà tím có 92% nước, 5,5% glucid, 1,3% protid, 0,2% lipid.', NULL),
(98, 11, 'cải bắp.jpg', 'Cải bắp', 0.29, 'Bắp cải là loại rau quen thuộc vào mùa đông. Ăn rau bắp cải có tác dụng giúp tăng hồng cầu, ngừa ung thư, tốt cho tim mạch, ...', NULL),
(99, 11, 'cải cúc.jpg', 'Cải cúc', 0.14, 'Rau Cải cúc chứa 1,85% protid 2,57% glucid, 0,43% lipid và còn có nhiều vitamin B, C và một số vitamin A.', NULL),
(100, 11, 'cải thìa.jpg', 'Cải thìa (cải trắng)', 0.16, 'Phòng ngừa bệnh ung thư Các loại rau xanh thuộc họ cải như cải thìa là nguồn thực phẩm tuyệt vời, có khả năng cao phòng ngừa bệnh ung thư. …', NULL),
(101, 11, 'cải xanh.jpg', 'Cải xanh', 0.15, 'Rau cải canh có nhiều công dụng với sức khỏe như trị táo bón, mụn nhọt, ho, …', NULL),
(102, 11, 'cần ta.jpg', 'Cần ta', 0.1, 'Rau cần ta tính lương, vị ngọt, cay nhẹ, có thể dùng làm thực phẩm hoặc làm thuốc điều trị các bệnh lý như viêm gan, bí tiểu, đái ra máu, kinh nguyệt đến sớm, cao huyết áp, tiểu đường… Dưới đây là những tác dụng chữa bệnh từ dược liệu này.', NULL),
(103, 11, 'củ cải trắng.jpg', 'Củ cải trắng', 0.21, 'Có tác dụng làm giảm cholesterol. Củ cải đã được chứng minh là có khả năng làm giảm cholesterol trong cơ thể. …', NULL),
(104, 11, 'đậu cô ve.jpg', 'Đậu cô ve', 0.73, 'Đậu cô ve là thực phẩm phổ biến thường dùng của mọi gia đình. Đậu cô ve giúp cơ, xương chắc khỏe và có tác dụng giảm cân.', NULL),
(105, 11, 'dọc mùng.jpg', 'Dọc mùng', 0.05, 'Thân, lá của cây dọc mùng có tác dụng làm tiêu đờm, tiêu ứ, giảm ho đờm khó thở, tiêu ứ, trừ giun... Củ rễ của cây bạc hà đem phơi khô tán thành bột có thể dùng để trị ghẻ lở, dị ứng ngoài da…', NULL),
(106, 11, 'dưa cải bắp.jpg', 'Dưa cải bắp', 0.18, 'Dưa bắp cải có lượng calo thấp và giàu protein và chất xơ. Nó chứa các vitamin như vitamin A, vitamin C, vitamin K và các vitamin B khác nhau …', NULL),
(107, 11, 'dưa cải bẹ.jpg', 'Dưa cải bẹ', 0.17, 'Cải bẹ dưa có khả năng làm tăng sản xuất acid mật và giảm cholesterol xấu nên sẽ giúp giảm nguy cơ mắc bệnh tim và ung thư. Chất “xơ ăn kiêng” có trong cải bẹ dưa cực kỳ có lợi vì giúp kiểm soát nồng độ cholesterol trong quá trình hấp thu; nhuận tràng và làm giảm nguy cơ bị bệnh trĩ, táo bón hay ung thư ruột kết.', NULL),
(108, 11, 'dưa chuột.jpg', 'Dưa chuột', 0.15, 'Dưa chuột là loại rau được sử dụng phổ biến trong bữa ăn hàng ngày. Tuy nhiên, đi kèm với những lợi ích cho sức khỏe dưa leo còn mang lại nhiều tác dụng phụ không tốt.', NULL),
(109, 11, 'gấc.jpg', 'Gấc', 1.22, 'Tác dụng bổ sung dưỡng chất của quả gấc. Lượng beta-caroten của gấc cao gấp đôi cà rốt. Dầu gấc được cho là có chức năng phòng chống thiếu vitamin, tăng khả năng miễn dịch, tăng sức đề kháng cơ thể, chống oxy hóa, chống lão hóa tế bào…', NULL),
(110, 11, 'giá đỗ.jpg', 'Giá đậu xanh', 0.43, 'Các chuyên gia sức khỏe cho rằng giá đậu xanh sống có tác dụng kéo dài tuổi thọ, rất tốt trong những trường hợp thiểu năng sinh dục, …', NULL),
(111, 11, 'hành lá.jpg', 'Hành lá (hành hoa)', 0.22, 'Hành lá giàu chất xơ, vitamin C, vitamin K, vitamin A, vitamin B12, các flavonoid thiết …', NULL),
(112, 11, 'măng chua.jpg', 'Măng chua', 0.11, 'Ngoài ra, măng tre còn có nhiều tác dụng khác như trị táo bón, giúp tiêu ... Muối măng chua cũng là một biện pháp là giảm tính độc của măng.', NULL),
(113, 11, 'mộc nhĩ.jpg', 'Mộc nhĩ', 3.04, 'Hỗ trợ điều trị bệnh mạch vành, di chứng tai biến mạch máu não, mỡ trong máu và nhiều tình trạng khác. …', NULL),
(114, 11, 'mướp.jpg', 'Mướp', 0.16, 'Quả mướp không những có khả năng chống viêm, chống các nếp nhăn và làm đẹp dung nhan, mà còn có tác dụng hỗ trợ trong điều trị các chứng đau họng, ho, hen xuyễn, viêm tuyến má, ho bách nhật, đau răng, đau lưng, đậu không bay, tắc sữa, đau bụng kinh, kinh nguyệt quá nhiều, viêm bàng quang.', NULL),
(115, 11, 'nấm hương khô.jpg', 'Nấm hương khô', 2.74, 'Theo nghiên cứu của các nhà khoa học, trong nấm hương khô sẽ chứa rất nhiều vitamin, đạm, canxi, …', NULL),
(116, 11, 'ớt vàng to.jpg', 'Ớt vàng to', 0.28, 'Tất cả ớt chuông các màu sắc là nguồn kali cao. Khoáng chất này giúp giữ cho chất lỏng và khoáng chất cân bằng trong cơ thể, tăng cường chức năng cơ bắp và điều hòa huyết áp. Một chén ớt xanh có chứa 261 mg kali, trong khi các giống màu đỏ và màu vàng cung cấp hơn 300 mg mỗi cốc.', NULL),
(117, 11, 'rau kinh giới.jpg', 'Rau kinh giới', 0.22, 'Cây kinh giới là rau ăn quen thuộc vạn người Việt mê mẩn không thể thiếu. Lá kinh giới cũng có nhiều công dụng chữa bệnh hay ít ai biết.', NULL),
(118, 11, 'rau bí.jpg', 'Rau bí', 0.18, 'Chống ung thư Sự hiện diện của các đặc tính chống ô xy hóa và kháng viêm trong rau bí giúp chống lại căn bệnh gây chết người này.', NULL),
(119, 11, 'rau đay.jpg', 'Rau đay', 0.24, 'Rau đay quả dài cũng có vị đắng nhưng tính lạnh, có độc, có tác dụng nhuận trường, lợi tiểu, mát máu và lợi sữa (lá non và ngọn).', NULL),
(120, 11, 'rau khoai lang.jpg', 'Rau khoai lang', 0.22, 'Rau khoai lang là món ăn yêu thích của nhiều gia đình Việt. Rau khoai lang rất dễ trồng và có thể chế biến thành nhiều món ăn khác nhau. Không chỉ ngon miệng, rau khoai lang còn có khả năng trong việc điều trị một số bệnh thường gặp. Một trong những khả năng nổi trội của rau khoai lang chính là chữa trị táo bón.', NULL),
(121, 11, 'rau mồng tơi.jpg', 'Rau mồng tơi', 0.14, 'Chủ trị táo bón, ít sữa, tiểu buốt, tiểu rắt, đau mỏi xương khớp. Toàn cây được y học cổ truyền của Trung Quốc dùng điều trị bệnh lỵ, nhiễm trùng bàng quang, đau ruột thừa, bỏng, gãy xương, tổn thương ngoài da, đại tiện bí kết. Tại Ấn Độ, lá cây mồng tơi còn được dùng làm thuốc chữa bệnh lậu, mề đay, viêm bao quy đầu.', NULL),
(122, 11, 'rau mùi.jpg', 'Rau mùi', 0.13, 'Bảo vệ mắt, giúp mắt sáng: do có chứa hàm lượng beta carotene cao cùng với rất nhiều chất chống oxy hóa, rau mùi được xem là thảo dược giúp giảm các bệnh liên quan đến mắt và cải thiện thị lực rất tốt. Không chỉ thế, rau mùi còn có công dụng làm giảm nguy cơ mắc các bệnh như thoái hóa điểm vàng và đục thủy tinh thể.', NULL),
(123, 11, 'rau muống.jpg', 'Rau muống', 0.23, 'Tác dụng của rau muống được đánh giá cao trong việc ngăn ngừa và điều trị bệnh mãn tính. Rau muống cũng có nhiều lợi ích cho da và tóc.', NULL),
(124, 11, 'rau ngót.jpg', 'Rau ngót', 0.35, 'Thực tế những tác dụng của rau ngót đối với sức khỏe đã được y khoa công nhận. Rau ngót rất giàu protein, canxi, chất béo, và các vi khoáng …', NULL),
(125, 11, 'rau răm.jpg', 'Rau răm', 0.3, 'Các vị thuốc từ rau răm được dùng tươi hoặc phơi khô, giã sống để lấy nước uống. Khi kết hợp với các vị thuốc Đông y, rau răm có tác dụng làm sáng mắt, ích trí, chữa dạ dày lạnh, mạnh gân cốt, trị co gân (chuột rút), đầy hơi, đau bụng.', NULL),
(126, 11, 'rau rút.jpg', 'Rau rút', 0.28, 'Theo Đông y, rau rút hay còn gọi là rau nhút có vị ngọt, tính hàn, không độc, tác dụng an thần, mát gan, giải nhiệt độc, có tác dụng chữa chứng mất ngủ, trị nóng trong sinh mụn… làm thông huyết mạch, điều hòa tỳ vị, thông thủy đạo, lợi tiểu tiện, tiêu viêm, nhuận tràng, hạ sốt, chữa mất ngủ, hỗ trợ điều trị bướu cổ.', NULL),
(127, 11, 'rau thơm.jpg', 'Rau thơm', 0.18, 'Các loại rau thơm không chỉ làm cho các món ăn thêm hấp dẫn, mà còn góp phần không nhỏ trong việc phòng và chữa bệnh.', NULL),
(128, 11, 'su hào.jpg', 'Su hào', 0.36, 'Su hào cải thiện quá trình tiêu hóa, giúp giảm cân, ngăn ngừa ung thư, tăng cường miễn dịch, cải thiện tuần hoàn, củng cố xương, hỗ trợ thị giác, bảo vệ cơ và các chức năng thần kinh. Su hào có thể ăn sống hoặc qua nấu nướng.', NULL),
(129, 11, 'su su.jpg', 'Su su', 0.18, 'Su su không chỉ là loại quả quen thuộc trong mâm cơm hằng ngày, nó còn có nhiều tác dụng thần kỳ cho sức khỏe.', NULL),
(130, 11, 'súp lơ.jpg', 'Súp lơ', 0.3, 'Giảm nguy cơ mắc bệnh ung thư Nhiều nghiên cứu đã chỉ ra rằng có mối liên hệ chặt chẽ giữa chế độ ăn uống với nguy cơ mắc bệnh ung thư.', NULL),
(131, 11, 'tía tô.jpg', 'Tía tô', 0.25, 'Tía tô còn có tác dụng làm giảm co thắt cơ trơn của phế quản, chất tinh dầu làm tăng đường huyết.', NULL),
(132, 12, 'sữa bò tươi.jpg', 'Sữa bò tươi', 0.74, 'Sữa bò tươi nguyên chất là 1 món thức uống có tác dụng rất tốt và góp phần bảo vệ và nâng cao sức khỏe cho mỗi chúng ta.', NULL),
(133, 12, 'sữa bột tách béo.jpg', 'Sữa bột tách béo', 3.57, 'Một nghiên cứu khác với 20.000 phụ nữ cũng cho thấy rằng, uống 1 ly sữa nguyên chất mỗi ngày sẽ làm giảm 15% tăng cân trong vòng 9 năm so với những người uống sữa tách béo.', NULL),
(134, 12, 'sữa bột toàn phần.jpg', 'Sữa bột toàn phần', 4.94, 'Sữa bột là một sản phẩm sản xuất từ sữa ở dạng bột khô, được thực hiện bằng cách làm bốc hơi sữa để khô sau đó nghiền nhỏ, tán nhỏ thành bột. Một mục đích của sữa dạng bột khô này là phục vụ cho việc bảo quản, tích trữ, sử dụng. Sữa bột có thời hạn sử dụng lâu hơn hẳn so với sữa nước và không cần phải được làm lạnh, do bản thân nó đã có độ ẩm thấp.', NULL),
(135, 12, 'sữa chưa.jpg', 'Sữa chua', 0.61, 'Sữa chua thực chất là sữa bò tươi hoặc sữa được pha theo công thức sữa tươi cho lên men với các chủng vi khuẩn có lợi cho đường ruột (Lactobacillus bulgaricus và Streptococus thermophilus).', NULL),
(136, 12, 'sữa đặc có đường.jpg', 'Sữa đặc có đường', 3.36, 'Sữa đặc có đường được làm từ sữa bò nguyên chất, cho thêm đường trong quá trình sản xuất và nấu cô đặc lại nên có độ đặc và sánh khá cao.', NULL),
(137, 12, 'sữa mẹ.jpg', 'Sữa mẹ', 0.61, 'Sữa mẹ chứa nhiều chất kháng khuẩn, tăng cường sức đề kháng cho trẻ, chống các bệnh nhiễm khuẩn, nhất là tiêu chảy và viêm đường hô hấp. Do tác dụng kháng khuẩn của sữa mẹ nên trẻ được bú sữa mẹ sẽ ít mắc bệnh. Trẻ bú mẹ ít bị dị ứng, chàm/eczema.Sữa mẹ chứa nhiều chất kháng khuẩn, tăng cường sức đề kháng cho trẻ, chống các bệnh nhiễm khuẩn, nhất là tiêu chảy và viêm đường hô hấp. Do tác dụng kháng khuẩn của sữa mẹ nên trẻ được bú sữa mẹ sẽ ít mắc bệnh. Trẻ bú mẹ ít bị dị ứng, chàm/eczema.', NULL),
(138, 13, 'bao tử bò.jpg', 'Bao tử bò', 0.97, 'Dạ dày bò tác dụng kiện tỳ vị chữa tiêu hóa kém, bụng đầy chậm tiêu…', NULL),
(139, 13, 'bao tử heo.jpg', 'Bao tử heo', 0.85, 'Theo Y học cổ truyền, bao tử heo vị ngọt, tính ấm, có công dụng kiện tỳ ích vị, bổ hư nhược, ngoài các bệnh lý dạ dày còn được dùng chữa trị nhiều chứng bệnh khác như suy nhược cơ thể, thiếu máu, viêm gan vàng da, xơ gan, đái đường, rối loạn tiểu tiện, sa tử cung, di tinh, trẻ em suy dinh dưỡng, chứng ra mồ hôi nhiều ...', NULL),
(140, 13, 'cật bò.jpg', 'Cật bò', 0.67, 'Theo Đông y ngưu thận vị ngọt, tính hơi ấm không độc. Tác dụng bổ thận, dưỡng năm tạng… dùng trị chứng thận yếu, đau mỏi lưng gối, mỏi xương khớp, thận.. Dưới dạng phối hợp với đỗ trong, cẩu kỷ tiềm ăn. Với rau củ hầm ăn hoặc với rau muống, rau cần tây, hoa lý gia vị vừa đủ xào ăn đều tốt.', NULL),
(141, 13, 'cật heo.jpg', 'Cật heo', 0.81, 'Cật heo có nhiều chất đạm, béo, có nhiều chất khoáng như canxi, photpho, sắt và các vitamin quan trọng như vitamin A, Vitamin B1, Vitamin C…', NULL),
(142, 13, 'chà bông.jpg', 'Chà bông', 3.96, 'Chà bông là món ăn tiện lợi, thơm ngon và bổ dưỡng, nhưng chà bông được làm từ sắn dây và các chất phụ gia độc hại lại âm thầm “đầu độc” người tiêu dùng.', NULL),
(143, 13, 'chả lợn.jpg', 'Chả lợn', 5.17, 'Chả thịt heo hấp là món ngon dễ làm, thích hợp dùng cho bữa cơm gia đình hoặc làm món nhậu đều ngon tuyệt. Những miếng chả thịt heo hấp dai dai, bùi béo, ngấm đều gia vị ướp cực thơm ngon, khiến những ai một lần nếm thử là khó thể nào quên.', NULL),
(144, 13, 'chả quế.jpg', 'Chả quế', 4.16, 'Giò chả là món ngon đặc trưng của người Việt. Chả quế là một trong những món giò chả ngon được nhiều người ưa thích.', NULL),
(145, 13, 'giò heo.jpg', 'Chân giò lợn (bỏ xương)', 2.3, 'Chân giò hay giò heo/giò lợn hay gọi đơn giản là giò hay giò hầm là một món ăn thông dụng được chế biến từ nguyên liệu là giò của heo bằng phương pháp hầm. Chất keo trong móng giò còn trợ giúp các tế bào da không bị khô nhăn nhờ đó da luôn căng bóng, nở ngực. Móng giò mùi vị thơm ngon, giá trị dinh dưỡng cao.', NULL),
(146, 13, 'da heo.jpg', 'Da heo', 1.18, 'Phụ nữ nên ăn thường xuyên món này với số lượng phù hợp có tác dụng giữ ẩm cho làn da, làm cho tóc sáng bóng, giảm lão hóa, làm mờ các vết nhăn nheo trên da. Ngoài ra, bì lợn giúp điều trị các chứng bệnh khó chịu như đau họng, thiếu máu và một số bệnh về rối loạn chảy máu, bổ máu, giúp nhanh cầm máu.', NULL),
(147, 13, 'dăm bông thịt heo.jpg', 'Dăm bông heo', 3.18, 'Dăm bông thịt heo là món ăn phổ biến hiện nay, món dăm bông thịt heo có thể kết hợp thành nhiều món ăn khác như kẹp vào bánh mì, ăn trực tiếp hoặc bày vào mâm cỗ hoặc bàn tiệc nhẹ…', NULL),
(148, 13, 'thịt đầu heo.jpg', 'Đầu heo', 3.35, 'Thịt đầu heo ngâm mắm là món lai rai ngày Tết rất ngon mà lại không ngán. Sau khi ngâm mắm chừng 7- 10 ngày, thịt sẽ đượm đỏ màu mắm rất hấp dẫn.', NULL),
(149, 13, 'thịt đuôi bò.jpg', 'Đuôi bò', 1.37, 'Đuôi bò có lớp da dai dai, bên trong pha lẫn thịt và gân bò ăn rất ngon.', NULL),
(150, 13, 'thịt đuôi heo.jpg', 'Đuôi heo', 4.67, 'Thịt đuôi heo mềm béo, ngấm đều gia vị tẩm ướp thơm ngon. Món này dành cho các mẹ bầu ăn chơi cho đã thèm luôn nhé!', NULL),
(151, 13, 'thịt ếch.jpg', 'Ếch', 0.9, 'Thịt ếch, thịt cóc là thịt từ các loài ếch nhái, cóc, đây là món ăn được coi là bổ dưỡng và là món truyền thống trong nền văn hóa ẩm thực nhiều nước như Kerala, Thái Lan, Việt Nam, Indonesia, vùng Alentejo ở Bồ Đào Nha, Tây Ban Nha, Slovenia, Tây Bắc Hy Lạp, Đông Bắc Ý và phía Nam của Mỹ.', NULL),
(152, 13, 'gân chân bò.jpg', 'Gân chân bò', 1.24, 'Gân bò thường được lấy ở chân trước hoặc chân sau con bò. Gân bò dai, giòn, có mùi vị đặc trưng, giúp bổ sung collagen, bồi bổ thận, gân cốt. Có thể dùng gân bò xào chua ngọt, kho tộ, hầm với rượu vang đỏ, làm gỏi hoặc ngâm giấm.', NULL),
(153, 13, 'gan gà.jpg', 'Gan gà', 1.11, 'Phải đảm bảo rằng đó là những lá gan gà hữu cơ (gà được chăn nuôi bằng phương thức hữu cơ). Nếu không, bạn có nguy cơ ăn phải những loại gan chứa đầy chất kích thích và độc tố. Gan gà hữu cơ chứa vitamin B12, nếu cơ thể có sự thiếu hụt vitamin này có thể gây ra bệnh thiếu máu. Vitamin B12 có thể ngăn ngừa mất trí nhớ, thúc đẩy tâm trạng và năng lượng, làm chậm quá trình lão hóa, và tăng cường hệ thống miễn dịch cho cơ thể. Vì gan gà có lượng vitamin A thấp hơn so với gan bê hay gan vịt, nên bạn cần ăn gan gà thường xuyên hơn.', NULL),
(154, 13, 'gan heo.jpg', 'Gan heo', 1.16, 'Gan lợn có giá trị dinh dưỡng cao bởi có nhiều chất đạm, sắt, vitamin nhóm B, các loại men như men tiêu hóa, men thải độc, tốt cho người thiếu máu, mù màu, còi xương. Chưa hết, vitamin A có trong gan còn có tác dụng bổ mắt, tăng cường sức đề kháng, sinh trưởng và phát triển ở trẻ. Nghiên cứu của y học hiện đại cũng cho thấy, trong 100g gan lợn chứa 21,3 g protein, 25 mg sắt, 8.700 mcg vitamin A, vitamin B, D, axit folic, nicotilic…', NULL),
(155, 13, 'gan vịt.jpg', 'Gan vịt', 1.22, 'Gan vịt cũng tương tự gan ngỗng, là thực phẩm phổ biến ở Pháp và đôi khi tương đối đắt. Gan vịt giàu protein, khoáng chất và vitamin bao gồm nguyên tố đồng, vitamin A, và 9 axit amin thiết yếu. Đồng là nguyên tố vi lượng cần thiết cho cơ thể con người. Chúng còn rất quan trọng trong việc xây dựng xương, kích thích hoóc môn, và điều chỉnh nhịp tim của bạn. Hiệp hội Ung thư Mỹ đã chỉ ra rằng đồng có tính chống ôxy hóa và có thể giúp chống lại bệnh ung thư.', NULL),
(156, 13, 'giò bò.jpg', 'Giò bò', 3.57, 'Với giò bò chuẩn, người ta dùng chút mỡ lợn vào cùng với thịt bò. Như đã nói ở trên, mỡ giúp cho giò mềm, thơm, ngậy. Nhưng nếu dùng mỡ bò sẽ rất đậm mùi, nên những cơ sở sản xuất giò bò đã dùng mỡ lợn, với tỷ lệ khoảng 20% mỡ, còn lại là thịt bò.', NULL),
(157, 13, 'giò lụa.jpg', 'Giò lụa', 1.36, 'Giò lụa, giò chả hay chả lụa (phương ngữ Nam bộ) là tên gọi của món ăn được làm từ hai nguyên liệu cơ bản là thịt nạc thăn lợn giã nhuyễn kết hợp với nước mắm ngon, gói trong lá chuối và luộc chín. Thịnh hành trong ẩm thực Việt Nam từ Bắc xuống Nam như một món ăn vừa phổ thông vừa sang trọng, giò lụa giòn và thơm đậm mùi thịt tươi luộc cộng với mùi đặc trưng của lá chuối tươi được luộc chín.', NULL),
(158, 13, 'giò thủ.jpg', 'Giò thủ', 5.53, 'Giò thủ được làm bằng phần thịt thủ lợn, bao gồm các phần như tai, mũi, lưỡi, bì, mỡ và nạc lọc từ thủ của lợn (heo), thậm chí bao gồm cả phần thịt ở chân giò. Thành phần thường gặp thứ nữa là mộc nhĩ đen (nấm mèo), nấm hương (hay nấm đông cô). Gia vị đi kèm thường bao gồm hạt tiêu, hành khô, nước mắm.', NULL),
(159, 13, 'huyết bò.jpg', 'Huyết bò', 0.75, 'Món huyết bò xào lá hẹ lạ miệng, rất bắt cơm nhờ có vị ngọt của huyết cùng vị cay, mùi thơm nồng của các loại gia vị và lá hẹ.', NULL),
(160, 13, 'huyết heo sống.jpg', 'Huyết heo sống', 0.25, 'Theo y học cổ truyền, huyết heo có vị mặn, tính bình, dùng trị choáng váng, đầy bụng xốn xáo; có tác dụng hỗ trợ giúp ngăn ngừa thiếu máu cho những người đang trong quá trình ăn kiêng giảm béo.', NULL),
(161, 13, 'lạp xưởng.jpg', 'Lạp xưởng', 5.85, 'Lạp xưởng có chứa nhiều Lipid, Protid, Canxi… Ăn lượng vừa đủ tốt cho sức khỏe, nhưng ăn quá nhiều sẽ gây hại. Ngoài liều lượng ăn thì khi tiêu thụ lạp xưởng, bạn còn cần chú ý cách ăn, thực phẩm kết hợp.', NULL),
(162, 13, 'ruột già heo.jpg', 'Lòng heo (ruột già)', 1.67, 'Ruột già Heo còn gọi Trư đại tràng, Trư Phao là một trong những phủ tạng của Heo thường được người dân dùng chữa bệnh và bồi dưỡng sức khoẻ từ lâu đời. Nếu ruột già Heo được làm sạch và chế biến phối ngũ đúng không chỉ là món ngon bổ dưỡng còn được xem là vị thuốc quý chữa nhiều bênh hiệu quả.', NULL),
(163, 13, 'lưỡi bò.jpg', 'Lưỡi bò', 1.64, 'Lưỡi bò là phần thịt giá trị có thể đem lại một bữa ăn ít tốn kém cho cả gia đình. Mặc dù giá rẻ nhưng chất lượng của thịt cũng không thấp. Trên thực tế, nhờ hương vị đậm đà mà lưỡi bò được xem là thực phẩm xa xỉ vào thời xưa khi người ta không qua khe khắt. Việc học cách chế biến lưỡi bò đúng cách sẽ giúp bạn chuẩn bị được một món ăn đặc biệt và giàu dinh dưỡng.', NULL),
(164, 13, 'lưỡi heo.jpg', 'Lưỡi heo', 1.78, 'Lưỡi lợn là món ngon, tinh túy trong ngũ tạng con lợn, trong đó, “đầu lưỡi chủ tâm, giữa lưỡi chủ tỳ, rìa lưỡi chủ can, gốc lưỡi chủ thận”. Lưỡi lợn rất giàu protid, Ca, P; Mg; Fe, vitamin E, B1, B2, PP, B6, D, acid folic, B12… rất tốt cho trẻ em còi cọc, người có tuổi mệt mỏi khó lên cân do thiếu đạm.', NULL),
(165, 13, 'mề gà.jpg', 'Mề gà', 0.99, 'Màng mề gà có vị ngọt, tính bình, có tác dụng bổ tỳ vị, giúp tiêu hoá, chữa các chứng đau bụng, ăn uống kém, bụng đầy trướng, khó tiêu, đại tiện lỏng, viêm ruột già, đái són. Màng mề gà cho vị thuốc kê nội kim.', NULL),
(166, 13, 'nem chua.jpg', 'Nem chua', 1.37, 'Nem chua là món ăn truyền thống của Việt Nam. Ngoài giá trị dinh dưỡng cao, nem chua còn cung cấp hệ vi sinh vật có lợi (vi khuẩn lactic) có tác dụng tăng cường chức năng miễn dịch, ức chế một số bệnh đường ruột và kích thích tiêu hóa.', NULL),
(167, 13, 'óc bò.jpg', 'Óc bò', 1.24, 'Óc bò là một loại thực phẩm giàu chất dinh dưỡng, giúp bồi bổ cơ thể, tăng cường sức khỏe. Đặc biệt phospholipid có trong óc bò giúp bồi bổ tế bào thần kinh, phát triển và tăng cường hoạt động của các hóc môn sinh dục. Óc bò có nhiều cách chế biến nhưng hấp dẫn nhất vẫn là món óc bò nấu hành.', NULL),
(168, 13, 'óc heo.jpg', 'Óc heo', 1.23, 'Ăn óc heo đúng cách. Trong óc heo chứa những khoáng chất phổ biến như: Canxi, phốt pho, sắt và hàm lượng cholesterol có tác dụng nhất định trong việc bồi bổ xương khớp, có thể hạn chế hoặc cải thiện được chứng đau đầu, chóng mặt hay suy nhược thần kinh.', NULL),
(169, 13, 'pate.jpg', 'Patê', 3.26, 'Cách làm pate thịt nguội hay còn gọi là pate da heo kiểu miền Tây, được biến tấu từ món pate truyền thống của Pháp. Nhưng pate thịt nguội được nhồi trong bong bóng heo, có vị gần như jambon, dai giòn hơn so với pate.', NULL),
(170, 13, 'phèo heo.jpg', 'Phèo heo', 0.44, 'Phèo thực chất là phần ruột non của lợn, bò đã làm thịt. Đây là một phần của hệ tiêu hóa sau dạ dày và trước ruột già. Đây là nơi diễn ra quá trình tiêu hóa và hấp thụ chất dinh dưỡng của phần lớn thức ăn được đưa vào cơ thể.', NULL),
(171, 13, 'sườn heo bỏ xương.jpg', 'Sườn heo bỏ xương', 1.87, 'Sườn thăn là một trong những nguyên liệu tuyệt vời, có thể chế biến thành đa dạng các món ăn ngon.', NULL),
(172, 13, 'thịt tai heo.jpg', 'Tai heo', 1.21, 'Món tai heo không còn xa lạ với mọi người nhưng không hẳn ai cũng biết những công thức chế biến món ăn ngon này. Tai heo dễ làm, ăn không ngán, đảm bảo mọi người sẽ thích mê.', NULL),
(173, 13, 'thịt bê.jpg', 'Thịt bê nạc', 0.85, 'Thịt bê là loại thịt bò được lấy từ con bê hay bò tơ. Thịt bê có nhiều chất dinh dưỡng tốt cho sức khỏe, thịt loại có thớ nhỏ sẽ mềm, thớ to[1] và được chế biến thành nhiều món ăn ngon đặc biệt là món bê thui ở Việt Nam. Trên thế giới, thịt bê đã được một thành phần quan trọng trong ẩm thực Ý và ẩm thực Pháp từ thời cổ đại.', NULL),
(174, 13, 'thịt dê nạc.jpg', 'Thịt dê nạc', 1.22, 'Thịt dê có mùi vị thơm ngon, có tác dụng bổ dưỡng, giữ ấm rất tốt, rất thích hợp ăn trong mùa lạnh. Nhìn chung, thịt dê có tác dụng thúc đẩy lưu thông máu,  tăng thân nhiệt, có ích trong chữa trị bệnh lao,…', NULL),
(175, 13, 'thịt gà ta.jpg', 'Thịt gà ta', 1.99, 'Thịt gà rất giàu selenium, loại khoáng chất cần thiết giúp cải thiện quá trình trao đổi chất trong cơ thể. Chất này cũng rất hiệu quả trong việc tăng cường hoạt động tuyến giáp và hệ miễn dịch. Những đặc tính này hỗ trợ giảm cân cũng như giúp tránh xa các loại bệnh tật.', NULL),
(176, 13, 'thịt gà tây.jpg', 'Thịt gà tây', 2.18, 'Thịt gà tây được tin là giúp phòng ngừa ung thư nhờ có chứa làm lượng selenium cao. Đây là một khoáng chất cần thiết để đảm bảo chức năng lành mạnh của tuyến giáp và hệ miễn dịch. Đồng thời đây cũng là chất chống oxy hóa mạnh giúp chống lại các gốc tự do có thể gây ung thư trong cơ thể.', NULL),
(177, 13, 'thịt ba chỉ.jpg', 'Thịt heo ba chỉ', 2.6, 'Theo dinh dưỡng học cổ truyền, thịt ba ba vị ngọt, tính bình, có công dụng dưỡng âm lương huyết, bổ hư nhuyễn kiên và kháng ung, thường được dùng làm thức ăn bổ dưỡng cho người tạng nhiệt, hay nóng trong, mồ hôi ra nhiều…', NULL),
(178, 13, 'thịt heo mỡ.jpg', 'Thịt heo mỡ', 3.94, 'Lượng vitamin D trong mỡ lợn có tác dụng giúp cải thiện chức năng tim mạch, duy trì sức khỏe của phổi và hô hấp, tăng cường chức năng cơ bắp và giúp cơ thể phòng chống nhiễm trùng. Mỡ lợn chứa khoảng 40% chất béo bão hòa, khoảng 50% chất béo không bão hòa đơn và khoảng 10% chất béo không bão hòa đa.', NULL),
(179, 13, 'thịt lợn nạc.jpg', 'Thịt lợn nạc', 1.39, 'Khi khô, hàm lượng protein của thịt lợn nạc có thể lên tới 89% - làm cho nó trở thành một trong những nguồn protein giàu dinh dưỡng nhất. Thực phẩm này cũng chứa tất cả chín axit amin thiết yếu cần thiết cho sự tăng trưởng và phát triển cơ thể của bạn.', NULL),
(180, 13, 'thịt mông chó.jpg', 'Thịt mông chó', 3.38, 'Thịt chó được dùng trị tì thận khí hư, sưng vú, lưng đùi yếu mỏi. Ngoài ra mật chó cũng có tác dụng tương đối tốt, nó trị đau mắt đỏ, thổ huyết, ...', NULL),
(181, 13, 'thịt ngỗng.jpg', 'Thịt ngỗng', 4.09, 'Theo Đông y, thịt ngỗng vị ngọt, tính bình, chủ trị lợi tạng, ích khí, bổ hư, hoà vị, ngừng tiêu khát. Máu ngỗng cũng được dùng làm thuốc chữa nấc, buồn nôn. Chữa tiêu khát: Ninh thịt ngỗng thật nhừ rồi uống nước.', NULL),
(182, 13, 'thịt thỏ.jpg', 'Thịt thỏ', 1.58, 'Thịt thỏ có hàm lượng đạm cao nhưng ít chất béo và cholesterol nên là món ăn tốt với người huyết áp cao và các bệnh về tim mạch. Thường xuyên ăn thịt thỏ giúp cơ bắp đầy đặn, chắc khoẻ, chống lão hóa. Theo Đông y, thịt thỏ tính mát, bổ gân, mát máu, ích khí, mượt da, giải độc, khử nhiệt.', NULL),
(183, 13, 'thịt chó.jpg', 'Thịt vai chó', 2.3, 'Theo Đông y, thịt chó (cẩu nhục) vị mặn, chua, tính nóng, không độc; có tác dụng bổ dưỡng, trợ dương, ích khí trừ hàn. Thịt chó có chứa nhiều protid, lipid, Ca, P, Fe.', NULL),
(184, 13, 'thịt vịt.jpg', 'Thịt vịt', 2.67, 'Theo Đông y, thịt vịt tính hàn, vị ngọt, hơi mặn, không độc, có tác dụng bổ huyết, giải độc, thanh nhiệt dưỡng âm, lợi thấp nhiệt, điều hòa ngũ tạng…, di tinh, khô miệng, điều hòa kinh nguyệt…', NULL),
(185, 13, 'tim bò.jpg', 'Tim bò', 0.89, 'Tim bò là loại thịt giàu chất đạm bao bọc bởi mỡ. Mặt ngoài đa phần là mỡ và màng bao. Bên trong là các tĩnh mạch và dây chằng.', NULL),
(186, 13, 'tim gà.jpg', 'Tim gà', 1.14, 'Tim gà cung cấp 16 g chất đạm, 5,5 g chất béo. Cật lợn cung cấp 89 kcalo, 13 g chất đạm và 3,1g chất béo... Như vậy, có thể thấy tim cật là thực phẩm giàu chất đạm, giúp bồi bổ  tốt cho một số người nhưng lại có thể không tốt đối với người khác.', NULL),
(187, 13, 'tim heo.jpg', 'Tim heo', 0.89, 'Tim lợn còn hỗ trợ chữa chứng tim hồi hộp, chứng đau đầu, chóng mặt nhờ kết hợp với các vị thuốc Bắc. Công dụng: chữa các chứng tim hồi hộp, bồn chồn, suy nghĩ, lo lắng, mất ngủ suy nhược thần kinh, ngủ hay giật mình.', NULL),
(188, 13, 'xúc xích.jpg', 'Xúc xích', 5.35, 'Xúc xích chứa hóa chất, chất phụ gia, chất bảo quản, buộc gan phải hoạt động nhiều để giải độc cho cơ thể. Xúc xích là món ăn nguy hiểm gây hại cho sức khỏe. Ăn nhiều xúc xích (cũng như các thực phẩm chế biến sẵn), sẽ dẫn đến tình trạng thừa năng lượng dẫn đến béo phì, dễ mắc các bệnh tim mạch, tiểu đường, ung thư...', NULL);
INSERT INTO `resources` (`resource_Id`, `category_Id`, `image`, `resource_Name`, `kcal1g`, `resource_Description`, `enable`) VALUES
(189, 14, 'ba khía muối.jpg', 'Ba khía muối', 0.83, 'Ba khía sau khi bắt xong, người dân sẽ xóc rửa cho sạch bùn đất rồi đổ vào lu, khạp có nước muối và đậy nắp kín lại. Từ khi muối cho đến lúc ăn được có thể 5-10 ngày. Chất lượng của ba khía phụ thuộc độ mặn của nước muối, bởi nếu nhạt quá thì ba khía sẽ hư nhưng mặn quá sẽ rụng càng, đen da, chát thịt... Ba khía muối chính là món ăn ăn mà hầu như không một người dân nào ở miền sông nước nào không biết đến, đặc biệt đây còn được xem là món khoái khẩu của nhiều người.', NULL),
(190, 14, 'bánh phồng tôm.jpg', 'Bánh phồng tôm', 6.76, 'Bánh phồng tôm là đặc sản vùng Tây Nam Bộ, là món ăn hương vị thơm ngon, giòn tan, béo ngậy gây nghiện, và lại được chiên với dầu khiến nhiều người lo sợ món ăn này có thể tích mỡ cho cơ thể.', NULL),
(191, 14, 'cá bống.jpg', 'Cá bống', 0.7, 'Theo sách Tuệ Tĩnh “cá bống vị ngọt mặn, tính bình không độc, tác dụng khoan trung, tiêu thức ăn, ấm tỳ vị ăn nhiều ngày rất tốt”. Cá bống rất tốt cho người bị chứng tỳ hư bụng đầy, đàm thấp ho thở, đau tức ngực sườn, nhức mỏi, người bị hư nhược liên quan tỳ phế hư đàm thấp trệ dùng đều tốt...', NULL),
(192, 14, 'cá chép.jpg', 'Cá chép', 0.96, 'Theo Đông y, cá chép là dương tính trong âm tính, có tác dụng lợi tiểu tiện, cho nên có thể chữa được bệnh khi kết lạnh; bình phổi thông sữa, làm sạch đường tiêu hóa, bài tiết và trừ khử được tả độc sưng tấy. Cá chép còn được coi là thuốc tiên chữa bệnh phụ nữ.', NULL),
(193, 14, 'cá đối.jpg', 'Cá đối', 1.08, 'Thịt cá đối là một thực phẩm ngon và giàu chất dinh dưỡng. Về thành phần hóa học, trong 100g thịt cá đối có 76g nước, 19,5g protid, 3,3g lipid, 21mg canxi, 224mg photpho, 1mg sắt và nhiều loại vitamin.', NULL),
(194, 14, 'cá diếc.jpg', 'Cá diếc', 0.87, 'Cá diếc còn có tên gọi là tức ngư, phụ ngư… Trong Đông y, cá diếc vị ngọt, tính ấm, không độc, có tác dụng bổ tỳ kiện vị, ích khí, bổ huyết, hành thủy, tiêu thũng, tiêu khát, sát khuẩn, dùng cho các trường hợp suy nhược cơ thể, đầy bụng, tiêu hóa kém, thúc đẩy việc tạo sữa, trị viêm đại tràng mạn tính, chữa vàng da…', NULL),
(195, 14, 'cá hồi.jpg', 'Cá hồi', 1.36, 'Cá hồi luôn là thức ăn được nhiều người lựa chọn vì hương vị thơm ngon, sự phong phú đa dạng trong cách chế biến và những lợi ích cho sức khỏe mà nó mang lại.', NULL),
(196, 14, 'cá khô.jpg', 'Cá khô', 2.08, 'Cá khô là một loại hải sản được rất nhiều người mê, đặc biệt là khi trời lạnh, cá khô hấp dẫn nhất khi được rán, chiên, rim mắm…', NULL),
(197, 14, 'cá lóc.jpg', 'Cá lóc', 0.97, 'Không chỉ được dùng làm thực phẩm, cá lóc còn được sử dụng trong điều trị bệnh. Theo Đông y, cá lóc có vị ngọt, tính bình, không độc, có tác dụng bổ khí huyết, gân xương, trừ đàm (dùng tốt cho những trường hợp bị các bệnh phổi), chữa phụ nữ ít sữa, bồi bổ cho người mới khỏi bệnh vì dễ hấp thu.', NULL),
(198, 14, 'cá mè.jpg', 'Cá mè', 1.44, 'Cá mè vị ngọt, tính ấm, không độc, có tác dụng bổ não tủy, nhuận phế, ích tỳ vị. Trong sách thuốc cổ có ghi: Thịt cá mà trắng có tác dụng khai vị, hạ khí, điều hòa ngũ tạng, chống hư huyết mạch, bổ gan, sáng mắt. Dùng cho các trường hợp tỳ vị hư hàn, ăn kém, đau bụng, đầy bụng, da thô ráp, tróc da và da khô.', NULL),
(199, 14, 'cá mỡ.jpg', 'Cá mỡ', 1.51, 'mỡ cá chính là nguồn cung cấp nhiều Omega 3 nhất. Công dụng của nó là ngăn ngừa chứng nghẽn mạch máu và đột quỵ, bên cạnh đó còn giúp chống viêm, ngăn ngừa đông máu, hạn chế tốt hiện tượng tim đập loạn nhịp giúp tăng cường hoạt động ghi nhớ của não và giúp tinh thần trở nên hoạt bát hơn.', NULL),
(200, 14, 'cá mòi.jpg', 'Cá mòi', 1.24, 'Cá mòi được coi là một loại cá có giá trị lớn tốt cho sức khỏe. Một số chất dinh dưỡng có trong cá mòi được biết là giúp ngăn ngừa bệnh tim hoặc có thể bảo vệ chống lại một số bệnh ung thư.', NULL),
(201, 14, 'cá nạc.jpg', 'Cá nạc', 0.8, 'Là loài cá có thịt ngọt và thơm. Thêm chút thịt và gia vị sẽ có ngay món chả cá nạc thơm ngon béo ngậy.', NULL),
(202, 14, 'cá ngừ.jpg', 'Cá ngừ', 0.87, 'Cá ngừ có nhiều thịt, ít xương và có hương thơm hấp dẫn, là nguyên liệu cho các món sashimi, sushi của người Nhật. Ngoài ra cá ngừ còn chế biến thành nhiều món ăn ngon khác như salad cá ngừ, cá ngừ kho thơm,...', NULL),
(203, 14, 'cá nục', 'Cá nục', 1.11, 'Cá nục là loại thực phẩm có giá trị dinh dưỡng cao và rất có lợi cho sức khỏe. Cá nục làm giảm nguy cơ tiểu đường.', NULL),
(204, 14, 'cá phèn.jpg', 'Cá phèn', 1.04, 'Cá phèn có chứa nhiều chất dinh dưỡng như vitamin A, vitamin C, vitamin D, vitamin B và protein. Cực kỳ tốt cho sức khỏe của con người. Giúp cơ thể hấp thụ chất dinh dưỡng tốt hơn, có sức đề kháng hơn. Ngoài ra, loài cá này có có nhiều hàm lượng omega 3 cao, có thể bằng lượng omega 3 có ở loài cá hồi.', NULL),
(205, 14, 'cá quả.jpg', 'Cá quả (cá lóc)', 0.97, 'Theo y học cổ truyền, cá lóc vị ngọt, tính bình, không độc, có tác dụng bổ khí huyết, gân xương, trừ đàm (dùng tốt cho những trường hợp bị các bệnh phổi), chữa phụ nữ ít sữa, bồi bổ cho người mới khỏi bệnh vì dễ hấp thu.', NULL),
(206, 14, 'cá rô đồng.jpg', 'Cá rô đồng', 1.26, 'Rô đồng là loài cá nước ngọt, sống phổ biến ở các ao, ruộng lúa, ao đìa, sông rạch... Mùa sinh sản chủ yếu vào tháng 5 - 7.  Cá rô  đồng có màu xanh từ xám đến nhạt, phần bụng có màu sáng hơn phần lưng, với một chấm màu thẫm ở đuôi và chấm khác ở sau mang. Chúng có răng chắc, sắc, xếp thành dãy trên hai hàm. Đây là loại thực phẩm dân dã, ngon và bổ. Theo phân tích thành phần dinh dưỡng, trong 100g thịt cá rô đồng chứa chất đạm 20,3g, chất béo 1,5g, và các chất khoáng vi lượng như can xi, phosphor, sắt,  vitamin B1, B2…', NULL),
(207, 14, 'cá rô phi.jpg', 'Cá rô phi', 1, 'Cá rô phi có nhiều chất dinh dưỡng, vitamin và khoáng chất, trong đó có một lượng đáng kể protein, axit béo, selen, phốt pho, kali, vitamin B12, niacin, vitamin B6 và axit pantothenic... Những chất này rất tốt cho sự tăng trưởng và phát triển của cơ thể.', NULL),
(208, 14, 'cá thu.jpg', 'Cá thu', 1.66, 'Cá thu được xếp vào trong 4 loại cá đặc sản ngon của biển, thịt thơm và bổ dưỡng. Cá thu là một trong những loại cá biển có thịt thơm ngon, nhiều giá trị dinh dưỡng như chất béo, chất đạm. Cá thu là sự tổng hợp của những vitamin và khoáng chất hàng đầu mà cơ thể cần thiết. Thịt cá thu rất giàu vitamin A, D, magie, kẽm, phốt pho, canxi,... giàu dinh dưỡng và năng lượng.', NULL),
(209, 14, 'cá trắm cỏ.jpg', 'Cá trắm cỏ', 0.91, 'Cá trắm có vị ngọt, tính bình, có công năng bổ thận khí, mạnh tỳ dưỡng vị, bình can sáng mắt, hóa thấp, khứ phong, lợi thủy. Cá trắm rất thích hợp với những người tỳ vị hư nhược, mất sức, phù nề, viêm gan, thận, tê thấp.', NULL),
(210, 14, 'cá trê.jpg', 'Cá trê', 1.73, 'Nhiều người thích ăn cá trê vì thịt thơm, chắc, ít xương dăm và có thể nấu thành nhiều món ăn hấp dẫn như chiên, nấu canh hay kho… Bên cạnh đó, cá trê còn giúp hỗ trợ điều trị nhiều loại bệnh.', NULL),
(211, 14, 'chà bông cá lóc.jpg', 'Chà bông cá lóc', 3.12, 'Chà bông cá lóc là món khoải khẩu của rất nhiều người, trong đó đặc biệt là người già và trẻ em. Món ăn có vị thơm ngọt và để được lâu.', NULL),
(212, 14, 'cua biển.jpg', 'Cua biển', 1.03, 'Công dụng: bổ khí, huyết, ích xương cốt, chữa khí huyết hư, nhức mỏi gân xương. Dùng thích hợp với người già, trẻ em, phụ nữ khí huyết hư, xương cốt yếu. Lưu ý: Cua biển giàu đạm. Người đang cần giảm cân, bệnh gút; người hay dị ứng cua ghẹ nên kiêng hoặc hạn chế dùng.', NULL),
(213, 14, 'cua đồng.jpg', 'Cua đồng', 0.87, 'Chúng sinh sản quanh năm nếu môi trường thuận lợi, tập trung vào mùa xuân, mùa hè, mùa thu. Đông y sử dụng cua đồng làm thuốc với tên là điền giải và cho rằng cua đồng có vị mặn, tính hàn, hơi độc, có tác dụng sinh phong liền gân nối xương; dùng trị nhiệt tà, bạt độc, trừ ghẻ lở và máu kết cục…', NULL),
(214, 14, 'ghẹ.jpg', 'Ghẹ', 0.54, 'Một số nghiên cứu dinh dưỡng còn ghi nhận ghẹ giúp làm giảm cholesterol xấu và triglycerides trong máu. Thịt ghẹ có vị ngọt, mặn, không độc, có tác dụng thanh nhiệt, sinh huyết, tán ứ, giảm đau, bổ xương tuỷ nên rất tốt cho cơ thể đang phát triển ở trẻ nhỏ và tình trạng suy yếu ở người cao tuổi.', NULL),
(215, 14, 'hải sâm.jpg', 'Hải sâm', 0.9, 'Hải sâm là vị thuốc Đông y có khả năng chống lại xơ vữa động mạch, bổ thận tráng dương, suy nhược cơ thể, điều trị viêm phế quản, liệt dương, di tinh...Theo Đông y, hải sâm có vị mặn, tính ấm tác dụng bổ thận, tráng dương, ích tinh, dưỡng huyết, nhuận táo, chống lão hóa, giảm ho, tiêu độc... Hải sâm thường được dùng trong các trường hợp tâm khí hư, thận khí suy, khí huyết kém, suy nhược cơ thể, suy nhược thần kinh, di tinh, liệt dương, tiểu tiện khó, tiểu buốt, táo bón…', NULL),
(216, 14, 'hến.jpg', 'Hến', 0.45, 'Hến là một loại thực phẩm chứa nhiều vitamin B12 và sắt, rất tốt cho những người bị thiếu máu. Tốt cho người bị tim mạch: Hến ít chất béo, ít cholesterol và nhiều axit béo Omega-3 nên đây cũng là món ăn rất tốt cho những người có bệnh tim mạch.', NULL),
(217, 14, 'lươn.jpg', 'Lươn', 0.94, 'Lươn tính ôn, vị ngọt, có công hiệu bổ khí dưỡng huyết, làm mạnh gân cốt; thích hợp với các chứng lao lực, ho hen, tiêu khát, kiết lỵ, phong thấp đau nhức, thận hư, đau lưng, bổ trí não.', NULL),
(218, 14, 'mực khô.jpg', 'Mực khô', 2.91, 'Mực khô là món ăn không còn xa lạ gì với người Việt Nam, đặc biệt là cánh mày râu. Thường chỉ xuất hiện với tư cách là món \"khai vị\" nhấm nháp trong các bữa nhậu hay khi nhà có tiệc tùng. Tuy nhiên, tác dụng của mực khô lại có lợi cho sức khỏe của con người hàng ngày. Mực không chỉ được yêu thích bởi hương thơm và vị ngon ngọt, mà còn đem lại cho người tiêu dùng nhiều giá trị dinh dưỡng tuyệt vời ít ai biết đến.', NULL),
(219, 14, 'mực tươi.jpg', 'Mực tươi', 0.73, 'Mực là một loài động vật thân mềm, sống chủ yếu ngoài biển khơi. Là loại hải sản với giá trị dinh dưỡng cao, mực là một thực phẩm chứa rất nhiều protein và các nguồn khoáng chất thiết yếu như Riboflavin, Vitamin B12, phốt pho, đồng và Selen. Nó cũng là một nguồn tốt của Niacin và kẽm, mực còn được đánh giá cao do chứa ít chất béo bão hòa và ít natri nhưng bên cạnh đó mực tươi chứa nhiều cholesterol.', NULL),
(220, 14, 'ốc bươu.jpg', 'Ốc bươu', 0.84, 'Ốc bươu hay ốc bưu, là tên gọi chỉ chung cho các động vật thân mềm chân bụng có vỏ tròn, có kích thước trung bình, đít tròn, có vỏ màu nâu đen cho đến đen tuyền, và thường dùng làm đồ ăn.', NULL),
(221, 14, 'ốc vặn.jpg', 'Ốc vặn', 0.72, 'Ốc vặn là loài thủy sản quen thuộc ở Việt Nam không chỉ là món ăn ngon miệng cho người Việt mà ốc vặn còn có nhiều giá trị dinh dưỡng. Theo đông y, ốc vặn có tính hàn, vị ngọt, thịt ốc có nhiều dưỡng chất tốt cho cơ thể như canxi, photpho…', NULL),
(222, 14, 'sò.jpg', 'Sò', 0.51, 'Sò - một loài động vật nhuyễn thể, vỏ cứng có khía dọc nổi rõ, họ sò hến, ở biển. Người tiêu dùng phân biệt, có sò huyết, sò gạo và sò lông; sò huyết to bằng ngón chân cái người lớn, vỏ thẫm, không có lông, thịt đỏ, dịch (máu) màu đỏ; sò gạo nhỏ hơn, thịt màu ngà, vỏ ở gần miệng có lông; sò lông to hơn ngón chân cái người lớn, vỏ bao phủ một lớp lông, thịt trắng ngà.', NULL),
(223, 14, 'tép gạo.jpg', 'Tép gạo', 0.58, 'Đây là loài tôm nhỏ khoảng 30–50 mm, thuộc phân bộ Pleocyemata, bộ Giáp xác mười chân, có màu xanh nhạt hoặc trắng, trong suốt.', NULL),
(224, 14, 'tép khô.jpg', 'Tép khô', 2.69, 'Tép biển khô còn có tên gọi khác là moi hoặc tép, ruốc…, là một món ăn dân dã, dễ ăn và dễ chế biến. Tép khô có thể chế biến thành nhiều món ăn ngon. Không chỉ có hương vị tuyệt vời, tép khô còn có nhiều lợi ích cho sức khỏe.', NULL),
(225, 14, 'tôm biển.jpg', 'Tôm biển', 0.82, 'Tôm biển giàu protid, canxi, phospho, sắt, vitamin B1, B2, PP, ngoài ra còn có cholesterol, melatonin, acid béo omega - 3, vỏ tôm có các polysaccharid. Theo Đông y, tôm biển vị ngọt, mặn, tính ôn; vào can, tỳ, phế, thận.', NULL),
(226, 14, 'tôm đồng.jpg', 'Tôm đồng', 0.9, 'Tôm đồng rất tốt cho những người muốn giảm hoặc duy trì cân nặng vì nó chứa chất béo thấp cũng như mức carbohydrate. Tôm đồng giúp thực hiện chế độ ăn uống lành mạnh và bổ dưỡng. Hải sản này có thể ăn thêm cùng với các loại rau và salad giúp tăng thêm hương vị cho bữa ăn.', NULL),
(227, 14, 'tôm khô.jpg', 'Tôm khô', 3.47, 'Tôm khô là một món ăn cũng như là một thành phần rất quen thuộc của nhiều gia đình. Tôm khô tự làm đảm bảo chất lượng và hợp vệ sinh.', NULL),
(228, 15, 'trai.jpg', 'Trai', 0.38, 'Thịt trai sông chứa 4,6% protid, 1,1% lipid, 16,4 mgʻ% Ca, 102 mg% P, 70 – 100 mg% Zn, 11,1 mg% Fe, 0,02 mg% vitamin B,, 0,18 mgʻ%b vitamin B, 1,2 mg% vitamin PP, 9 mg% vitamin C (Viện Dinh dưỡng). Vỏ trai sông chứa Ca dưới dạng carbonat và chất chitin. Thịt trai sông có vị ngọt, mặn, tính hàn, có tác đụng lợi thấp, thanh nhiệt, tiêu khát, hạ huyết áp. Vỏ trai sông có vị mặn, tính hàn, có tác dụng giảm đau, chống viêm, tiêu tích, minh mục, hóa đờm.', NULL),
(229, 15, 'lòng đỏ trứng gà.jpg', 'Lòng đỏ trứng gà', 3.27, 'Năm 1961, Hiệp hội Tim mạch Hoa Kỳ khuyến cáo người tiêu dùng nên hạn chế tiêu thụ cholesterol trong mỗi bữa ăn, vì đây là nguyên nhân của các bệnh về tim mạch. Lòng đỏ trứng cung cấp lớn lượng cholesterol. Do đó, để tránh ảnh hưởng xấu tới sức khỏe, mọi người cần hạn chế ăn lòng đỏ. Tuy nhiên, theo những nghiên cứu gần đây, các tổ chức sức khỏe ở nhiều nước đã dần bỏ đi những khuyến cáo về việc giới hạn lượng cholesterol nạp vào cơ thể mỗi ngày. Theo cách giải thích mới, gan chúng ta mỗi ngày đều sản xuất ra cholesterol vì đó là một chất cần cho cơ thể. Nếu chúng ta ăn những thực phẩm giàu cholesterol thì gan sẽ sản xuất ít cholesterol hơn. Ngược lại, nếu chúng ta tiêu thụ ít cholesterol thì gan sẽ phải làm việc nhiều hơn để sản xuất chất này. Ngoài ra, cholesterol không phải hoàn toàn xấu.', NULL),
(230, 15, 'lòng đỏ trứng vịt.jpg', 'Lòng đỏ trứng vịt', 3.68, 'Lòng đỏ trứng có hàm lượng vitamin cao, đặc biệt là những vitamin tan trong chất béo và tan trong nước. Sau đây là hàm lượng vitamin  có trong 1 quả trứng tiêu chuẩn: thiamin 0,030mg; riboflavin 0.090mg; niacin 0.004mg; vitamin B6 0.059mg; vitamin B9 (folate) 25microgram (μg); vitamin B12 0,33μg; vitamin A, RAE 65μg; vitamin A, IU 245IU; vitamin E 0.44mg; vitamin D (D2 và D3) 0,9μg; vitamin D 37IU; vitamin K 0.1μg; Lòng đỏ trứng cũng có nhiều hợp chất, vitamin, chất dinh dưỡng khác có lợi cho sức khoẻ.', NULL),
(231, 15, 'lòng trắng trứng gà.jpg', 'Lòng trắng trứnggà', 0.46, 'Lòng trắng trứng gà ít calo, giàu protein, canxi có lợi cho xương và răng, chứa selenium ngừa ung thư, không cholesterol tốt cho người bệnh tim…', NULL),
(232, 15, 'lòng trắng trứng vịt.jpg', 'Lòng trắng trứngvịt', 0.5, 'Lòng trắng trứng chứa rất ít chất béo bão hòa và cholesterol, là nguồn dinh dưỡng cung cấp protein, Vitamin B2, Selen. Tuy nhiên, lòng trắng trứng lại chứa nhiều Natri.', NULL),
(233, 15, 'trứng gà.jpg', 'Trứng gà', 1.66, 'Trứng gà được xem là “siêu thực phẩm”, rất rẻ, dễ chế biến và tác dụng trứng gà mang đến cho cơ thể rất nhiều. Trứng gà được dùng rất phổ biến ở Việt Nam, trong trứng chứa nhiều dưỡng chất và rất an toàn.', NULL),
(234, 15, 'trứng vịt.jpg', 'Trứng vịt', 1.84, 'Trứng vịt là món  ăn ngon và khá phổ biến đối với nhiều gia đình vì món  ăn  giàu chất dinh dưỡng và đặc  biệt có thể bổ sung đầy đủ nguồn dinh dưỡng cần thiết. Trứng vịt có rất nhiều công dụng cho sức khỏe người dùng như phòng ngừa bệnh về tim mạch, ngăn chặn lão hóa về mắt nhờ sự kết hợp của các Vitamin A,B2 và Lutein. Do vậy có thể kết luận trứng vịt khá tốt cho cơ thể nếu được cung cấp một lượng vừa đủ.', NULL),
(235, 15, 'trứng vịt lộn.jpg', 'Trứng vịt lộn', 1.82, 'Trứng vịt lộn là món ăn bổ dưỡng, bồi bổ sức khỏe rất tốt và hiệu quả. Tuy nhiên, do trứng chứa thành phần dinh dưỡng cao. khi sử dụng trứng vịt lộn cần phải dùng đúng liều lượng và sử dụng đúng cách mới có thể hiệu quả. Trứng vịt lộn đã được coi là một món ngon, vị thuốc bổ.', NULL),
(236, 2, 'https://i.imgur.com/UOhAEWs.jpg', 'asasas', 1, 'asasa', '1');

-- --------------------------------------------------------

--
-- Cấu trúc bảng cho bảng `resource_category`
--

CREATE TABLE `resource_category` (
  `categery_Id` int(11) NOT NULL,
  `category_Name` varchar(255) CHARACTER SET utf8 NOT NULL,
  `enable` varchar(50) DEFAULT NULL
) ENGINE=InnoDB DEFAULT CHARSET=utf8mb4;

--
-- Đang đổ dữ liệu cho bảng `resource_category`
--

INSERT INTO `resource_category` (`categery_Id`, `category_Name`, `enable`) VALUES
(1, 'Cháo, ph?, mi?n, mì ?n li?n', NULL),
(2, 'Củ giàu tinh bột', '1'),
(3, 'Dầu, mỡ, bơ', '1'),
(4, 'Đồ hộp', '1'),
(5, 'Đồ ngọt', '1'),
(6, 'Gia vị, nước chấm', '1'),
(7, 'Hạt giàu đạm và chất béo ', '1'),
(8, 'Ngũ cốc', '1'),
(9, 'Nước giải khát', '1'),
(10, 'Quả chín', '1'),
(11, 'Rau và củ quả dùng làm rau', '1'),
(12, 'Sữa', '1'),
(13, 'Thịt', '1'),
(14, 'Thủy hải sản', '1'),
(15, 'Trứng', '1'),
(17, '123', '1');

-- --------------------------------------------------------

--
-- Cấu trúc bảng cho bảng `role`
--

CREATE TABLE `role` (
  `role_Id` int(11) NOT NULL,
  `role_Name` varchar(50) NOT NULL,
  `enable` varchar(50) DEFAULT NULL
) ENGINE=InnoDB DEFAULT CHARSET=utf8mb4;

--
-- Đang đổ dữ liệu cho bảng `role`
--

INSERT INTO `role` (`role_Id`, `role_Name`, `enable`) VALUES
(1, 'ROLE_ADMIN', '1'),
(2, 'ROLE_USER', '1');

-- --------------------------------------------------------

--
-- Cấu trúc bảng cho bảng `user`
--

CREATE TABLE `user` (
  `user_Id` int(11) NOT NULL,
  `name` varchar(255) CHARACTER SET utf8 DEFAULT NULL,
  `username` varchar(255) NOT NULL,
  `password` varchar(200) NOT NULL,
  `email` varchar(255) NOT NULL,
  `image` varchar(50) CHARACTER SET utf8 DEFAULT NULL,
  `date_Of_Birth` varchar(255) DEFAULT NULL,
  `gender` varchar(50) DEFAULT NULL,
  `address` varchar(255) CHARACTER SET utf8 DEFAULT NULL,
  `hashtag` varchar(255) DEFAULT NULL,
  `enable` char(1) NOT NULL
) ENGINE=InnoDB DEFAULT CHARSET=utf8mb4;

--
-- Đang đổ dữ liệu cho bảng `user`
--

INSERT INTO `user` (`user_Id`, `name`, `username`, `password`, `email`, `image`, `date_Of_Birth`, `gender`, `address`, `hashtag`, `enable`) VALUES
(1, 'admin', 'admin', '$2a$10$PrI5Gk9L.tSZiW9FXhTS8O8Mz9E97k2FZbFvGFFaSsiTUIl.TCrFu', 'dat@gmail.com', NULL, NULL, NULL, NULL, NULL, '1'),
(2, NULL, 'dat', '$2a$12$e2PHRvPF23ulMkoourNaMeomJzS08Qn12rp5xHnl3IBHmi.CbAIsu', 'vietdo15081999@gmail.com', NULL, NULL, NULL, NULL, NULL, '1'),
(3, 'thao', 'thao', '$2a$12$jqxhnIl7J1OIDpVOaY9g0uZa3SsP19PGodqCQLcESc1VKI084nGlm', 'thao@gmail.com', 'https://i.imgur.com/wkGt2xC.png', NULL, NULL, '12122', NULL, '1'),
(4, NULL, 'thaogio1', '$2a$10$9tLp4OYWhKVWQXcGH4LEj.9ATwOtyCR93Yxr8MjPxq18JuFmQLetm', 'y@gmail.com', NULL, NULL, NULL, NULL, NULL, '0'),
(5, NULL, 'thaobeo', '$2a$10$edbstw.N/Z10bNN7DComjePJtSJAXqfg9lFZo8T8joRqwJH4FSMGy', '2@gmail.com', NULL, NULL, NULL, NULL, NULL, '1'),
(6, NULL, 'thaobeo1', '$2a$10$YvxIuDGyaqe43lrwrX4Hy.6khSI2REgbG/coXIL884I9zgbaiedyu', '12@gmail.com', NULL, NULL, NULL, NULL, NULL, '1'),
(7, NULL, 'thao123', '$2a$10$6RilLfUBHnhnEgAfOY9IFuCzlkViE56S2V.WexX0FssGmNp5sLhTC', 'thao121@gmail.com', NULL, NULL, NULL, NULL, NULL, '1'),
(17, NULL, 'chungggg', '$2a$12$3BWxuy2FG9HUtMfzj8JUS.2GKSCi0c8u6ILk2DssjLOcd3cSUYddG', 'bbbb@gmail.com', NULL, NULL, NULL, NULL, NULL, '1'),
(18, 'chungbbbbbbb', 'chung9a', '$2a$12$fQZLBGANpq0dsY9uzGWEeeUIMCafU443BK1N4Ujm0bGQ/pFJN3.Zq', 'ngau@gmail.com', 'https://i.imgur.com/tYsRdzF.jpg', NULL, NULL, 'hung yen', NULL, '1'),
(20, NULL, 'thanhchungt0@gmail.com', '$2a$12$YtaSRYPFf1d/koD19NBtG.09bbzpIzBzPMG7ylxK7P2O8mUl0LcMy', 'thanhchungt0@gmail.com', NULL, NULL, NULL, NULL, NULL, '1'),
(21, NULL, 'buivandat991998@gmail.com', '$2a$12$ZKSZV0z/AuLlkx2dCsyRx.mkZCLV298VlUKctKctR/cidquvCxXp2', 'buivandat991998@gmail.com', NULL, NULL, NULL, NULL, NULL, '1'),
(22, NULL, '1111', '$2a$12$qGCCYBRRb.AY2J8xmMtbSeMh/uPLZq.H0OVlltgSKDuBvNP3L/Ote', '1@gmail.com', NULL, NULL, NULL, NULL, NULL, '1'),
(23, NULL, 'datdat', '$2a$12$jfEGBiSibfn1pMgy1/sVDueElIeDDSdBKuJB.cUpNiIgtBYlf6GXC', '1212@gmail.com', NULL, NULL, NULL, NULL, NULL, '1'),
(24, NULL, 'datdatdat', '$2a$12$gio0pfdLD1FaMcHyQ7/ic.PDJdaN7DzyPy5IHALiUuoTfEGSJ8q7y', '121221@gmail.com', NULL, NULL, NULL, NULL, NULL, '1'),
(25, NULL, 'danhthang', '$2a$12$N2oYXsOghq.qMbS251dB6.3YsPvLQI17m0I6KE4iiMgQJZYsmz19K', 'danhthang@gmail.com', NULL, NULL, NULL, NULL, NULL, '1'),
(26, 'dat', 'luudat', '$2a$12$FK0sQcOWHGiC3dw0BAoDbuddx1EjJaeGrJSxPB/J.TvbPS0.aaHmi', 'luudat@gmail.com', 'https://i.imgur.com/BLnMCru.jpeg', '', 'Nu', '', NULL, '1'),
(27, NULL, 'luuthao', '$2a$12$z1ceaQpSm/edZdMt7WhXZO8Cr1/5m09TnR3hbqnpnRfSUvoFR2Ope', 'luuthao@gmail.com', NULL, NULL, NULL, NULL, NULL, '1');

-- --------------------------------------------------------

--
-- Cấu trúc bảng cho bảng `user_history`
--

CREATE TABLE `user_history` (
  `user_History_Id` int(11) NOT NULL,
  `user_Id` int(11) NOT NULL,
  `height` float NOT NULL,
  `weight` float NOT NULL,
  `bmi` float NOT NULL,
  `desire` varchar(255) CHARACTER SET utf8 NOT NULL,
  `track_Results` varchar(255) CHARACTER SET utf8 NOT NULL,
  `creation_Date` varchar(255) CHARACTER SET utf8 NOT NULL,
  `enable` bit(1) DEFAULT NULL
) ENGINE=InnoDB DEFAULT CHARSET=utf8mb4;

--
-- Đang đổ dữ liệu cho bảng `user_history`
--

INSERT INTO `user_history` (`user_History_Id`, `user_Id`, `height`, `weight`, `bmi`, `desire`, `track_Results`, `creation_Date`, `enable`) VALUES
(1, 1, 175, 70, 22.857, 'a', 'a', 'Fri Aug 14 21:29:32 ICT 2020', NULL),
(2, 1, 144, 56, 27.006, 'a', 'a', 'Fri Aug 14 21:32:12 ICT 2020', NULL),
(3, 1, 111, 123, 99.83, 'a', 'a', 'Fri Aug 14 21:33:40 ICT 2020', NULL),
(4, 1, 111, 123, 99.83, 'a', 'a', 'Fri Aug 14 21:34:13 ICT 2020', NULL),
(5, 1, 111, 22, 17.856, 'a', 'a', 'Fri Aug 14 21:35:48 ICT 2020', NULL),
(6, 1, 111, 33, 26.784, 'a', 'a', 'Fri Aug 14 21:43:00 ICT 2020', NULL),
(7, 1, 123, 23, 15.203, 'a', 'a', 'Fri Aug 14 21:44:35 ICT 2020', NULL),
(8, 1, 146, 54, 25.333, 'a', 'a', 'Fri Aug 14 21:45:30 ICT 2020', NULL),
(9, 1, 124, 23, 14.958, 'a', 'a', 'Fri Aug 14 21:48:48 ICT 2020', NULL),
(10, 1, 170, 70, 24.221, 'a', 'a', 'Fri Aug 14 21:51:02 ICT 2020', NULL),
(11, 1, 170, 65, 22.491, 'a', 'a', 'Fri Aug 14 21:51:35 ICT 2020', NULL),
(12, 1, 170, 40, 13.841, 'a', 'a', 'Fri Aug 14 22:23:15 ICT 2020', NULL),
(13, 1, 157, 76, 30.833, 'a', 'a', 'Sat Aug 15 15:36:01 ICT 2020', NULL),
(14, 17, 160, 52, 20.312, 'a', 'a', 'Sun Aug 16 17:33:30 ICT 2020', NULL),
(15, 18, 190, 56, 15.5125, 'a', 'a', 'Tue Aug 18 23:21:13 ICT 2020', NULL),
(16, 18, 189, 56, 15.6771, 'a', 'a', 'Tue Aug 18 23:30:50 ICT 2020', NULL),
(17, 18, 189, 56, 15.6771, 'a', 'a', 'Wed Aug 19 22:27:57 ICT 2020', NULL),
(18, 18, 189, 57, 15.957, 'a', 'a', 'Wed Aug 19 23:12:16 ICT 2020', NULL),
(19, 18, 189, 57, 15.957, 'a', 'a', 'Wed Aug 19 23:12:31 ICT 2020', NULL),
(20, 18, 189, 57, 15.957, 'a', 'a', 'Wed Aug 19 23:38:40 ICT 2020', NULL),
(21, 3, 165, 50, 18.3655, 'a', 'a', 'Sat Aug 22 22:01:22 ICT 2020', NULL),
(22, 3, 165, 50, 18.3655, 'a', 'a', 'Sat Aug 22 22:17:43 ICT 2020', NULL),
(23, 3, 170, 50, 17.301, 'a', 'a', 'Sun Aug 23 09:36:27 ICT 2020', NULL),
(24, 3, 170, 50, 17.301, 'a', 'a', 'Sun Aug 23 09:45:23 ICT 2020', NULL),
(25, 3, 175, 73, 23.837, 'a', 'a', 'Sun Aug 23 09:47:52 ICT 2020', NULL),
(26, 3, 175, 73, 23.837, 'a', 'a', 'Sun Aug 23 09:48:11 ICT 2020', NULL),
(27, 3, 175, 75, 24.49, 'a', 'a', 'Sun Aug 23 09:53:17 ICT 2020', NULL),
(28, 3, 175, 75, 24.4898, 'a', 'a', 'Sun Aug 23 09:58:44 ICT 2020', NULL),
(29, 3, 175, 75, 24.4898, 'a', 'a', 'Sun Aug 23 10:11:58 ICT 2020', NULL),
(30, 3, 175, 75, 24.4898, 'a', 'a', 'Sun Aug 23 13:30:23 ICT 2020', NULL),
(31, 3, 175, 75, 24.4898, 'a', 'a', 'Sun Aug 23 13:32:15 ICT 2020', NULL),
(32, 3, 175, 75, 24.4898, 'a', 'a', 'Sun Aug 23 13:32:23 ICT 2020', NULL),
(33, 3, 175, 75, 24.4898, 'a', 'a', 'Sun Aug 23 13:32:44 ICT 2020', NULL),
(34, 3, 175, 75, 24.4898, 'a', 'a', 'Sun Aug 23 13:32:50 ICT 2020', NULL),
(35, 3, 175, 73, 23.837, 'a', 'a', 'Sun Aug 23 16:36:39 ICT 2020', NULL),
(36, 3, 175, 73, 23.837, 'a', 'a', 'Sun Aug 23 16:36:52 ICT 2020', NULL),
(37, 3, 175, 73, 23.837, 'a', 'a', 'Tue Aug 25 08:55:45 ICT 2020', NULL),
(38, 3, 175, 73, 23.837, 'a', 'a', 'Tue Aug 25 08:57:19 ICT 2020', NULL),
(39, 3, 175, 73, 23.8367, 'a', 'a', 'Tue Aug 25 08:59:58 ICT 2020', NULL),
(40, 3, 180, 73, 22.5309, 'a', 'a', 'Tue Aug 25 09:00:18 ICT 2020', NULL),
(41, 1, 175, 73, 23.837, 'a', 'a', 'Sat Aug 29 09:47:19 ICT 2020', NULL),
(42, 3, 175, 73, 23.837, 'a', 'a', 'Sat Aug 29 10:16:53 ICT 2020', NULL),
(43, 3, 175, 73, 23.837, 'a', 'a', 'Sat Aug 29 19:03:32 ICT 2020', NULL),
(44, 26, 175, 73, 23.8367, 'Giảm cân', 'a', 'Wed Sep 02 16:47:59 ICT 2020', NULL),
(45, 26, 175, 73, 23.8367, 'tăng cân', 'a', 'Wed Sep 02 16:48:33 ICT 2020', NULL),
(46, 26, 175, 73, 23.8367, 'tăng cân', 'a', 'Wed Sep 02 16:48:52 ICT 2020', NULL),
(47, 26, 175, 73, 23.8367, 't?ng cân', 'a', 'Wed Sep 02 17:45:06 ICT 2020', NULL),
(48, 26, 175, 73, 23.8367, 'giamcan', 'a', 'Wed Sep 02 18:26:01 ICT 2020', NULL);

-- --------------------------------------------------------

--
-- Cấu trúc bảng cho bảng `user_role`
--

CREATE TABLE `user_role` (
  `ur_Id` int(11) NOT NULL,
  `user_Id` int(11) NOT NULL,
  `role_Id` int(11) NOT NULL
) ENGINE=InnoDB DEFAULT CHARSET=utf8mb4;

--
-- Đang đổ dữ liệu cho bảng `user_role`
--

INSERT INTO `user_role` (`ur_Id`, `user_Id`, `role_Id`) VALUES
(1, 1, 1),
(2, 2, 2),
(68, 3, 2),
(69, 4, 2),
(70, 5, 2),
(71, 6, 2),
(72, 7, 2),
(73, 17, 2),
(74, 18, 2),
(75, 20, 2),
(76, 21, 2),
(77, 22, 2),
(78, 23, 2),
(79, 24, 2),
(80, 25, 2),
(81, 26, 2),
(51, 27, 2);

--
-- Chỉ mục cho các bảng đã đổ
--

--
-- Chỉ mục cho bảng `comment`
--
ALTER TABLE `comment`
  ADD PRIMARY KEY (`comment_Id`),
  ADD KEY `FK8kcum44fvpupyw6f5baccx25c` (`user_Id`),
  ADD KEY `FK7jok1s6lywoh0srylq8lt7tmn` (`post_Id`);

--
-- Chỉ mục cho bảng `hashtag_standard`
--
ALTER TABLE `hashtag_standard`
  ADD PRIMARY KEY (`hs_Id`);

--
-- Chỉ mục cho bảng `menu`
--
ALTER TABLE `menu`
  ADD PRIMARY KEY (`menu_Id`),
  ADD KEY `FKscu4x35gdwk4gx29dmk8lnilc` (`user_Id`);

--
-- Chỉ mục cho bảng `menu_product`
--
ALTER TABLE `menu_product`
  ADD PRIMARY KEY (`pm_Id`),
  ADD KEY `FK755dtrv1g87t4m13bht0y5c7m` (`menu_Id`),
  ADD KEY `FKo3nngibe84i11ce290eblljw6` (`product_Id`);

--
-- Chỉ mục cho bảng `posts`
--
ALTER TABLE `posts`
  ADD PRIMARY KEY (`post_Id`),
  ADD KEY `FKam8ar6luvp8afhfu20gfsydo9` (`user_Id`),
  ADD KEY `FKlkeae4jn0n7godhrsvlbjtygm` (`category_Id`);

--
-- Chỉ mục cho bảng `posts_category`
--
ALTER TABLE `posts_category`
  ADD PRIMARY KEY (`category_Id`);

--
-- Chỉ mục cho bảng `product`
--
ALTER TABLE `product`
  ADD PRIMARY KEY (`product_Id`),
  ADD KEY `FK979liw4xk18ncpl87u4tygx2u` (`user_id`);

--
-- Chỉ mục cho bảng `product_resource`
--
ALTER TABLE `product_resource`
  ADD PRIMARY KEY (`pr_Id`),
  ADD KEY `FKg49757mhnxwngowyx20ekon4d` (`product_Id`),
  ADD KEY `FKq617f87uof594vknpdcru8i4c` (`resource_Id`);

--
-- Chỉ mục cho bảng `resources`
--
ALTER TABLE `resources`
  ADD PRIMARY KEY (`resource_Id`),
  ADD KEY `FK9dfjxvno3woiph3vml9kc6plt` (`category_Id`);

--
-- Chỉ mục cho bảng `resource_category`
--
ALTER TABLE `resource_category`
  ADD PRIMARY KEY (`categery_Id`);

--
-- Chỉ mục cho bảng `role`
--
ALTER TABLE `role`
  ADD PRIMARY KEY (`role_Id`),
  ADD UNIQUE KEY `APP_ROLE_UK` (`role_Name`);

--
-- Chỉ mục cho bảng `user`
--
ALTER TABLE `user`
  ADD PRIMARY KEY (`user_Id`),
  ADD UNIQUE KEY `APP_USER_UK` (`username`);

--
-- Chỉ mục cho bảng `user_history`
--
ALTER TABLE `user_history`
  ADD PRIMARY KEY (`user_History_Id`),
  ADD KEY `FKaa6ilb6iqih95bntoeyysb2pc` (`user_Id`);

--
-- Chỉ mục cho bảng `user_role`
--
ALTER TABLE `user_role`
  ADD PRIMARY KEY (`ur_Id`),
  ADD UNIQUE KEY `USER_ROLE_UK` (`user_Id`,`role_Id`),
  ADD KEY `FKa68196081fvovjhkek5m97n3y` (`role_Id`);

--
-- AUTO_INCREMENT cho các bảng đã đổ
--

--
-- AUTO_INCREMENT cho bảng `comment`
--
ALTER TABLE `comment`
  MODIFY `comment_Id` int(11) NOT NULL AUTO_INCREMENT, AUTO_INCREMENT=32;

--
-- AUTO_INCREMENT cho bảng `hashtag_standard`
--
ALTER TABLE `hashtag_standard`
  MODIFY `hs_Id` int(11) NOT NULL AUTO_INCREMENT, AUTO_INCREMENT=7;

--
-- AUTO_INCREMENT cho bảng `menu`
--
ALTER TABLE `menu`
  MODIFY `menu_Id` int(11) NOT NULL AUTO_INCREMENT, AUTO_INCREMENT=62;

--
-- AUTO_INCREMENT cho bảng `menu_product`
--
ALTER TABLE `menu_product`
  MODIFY `pm_Id` int(11) NOT NULL AUTO_INCREMENT, AUTO_INCREMENT=195;

--
-- AUTO_INCREMENT cho bảng `posts`
--
ALTER TABLE `posts`
  MODIFY `post_Id` int(11) NOT NULL AUTO_INCREMENT, AUTO_INCREMENT=14;

--
-- AUTO_INCREMENT cho bảng `posts_category`
--
ALTER TABLE `posts_category`
  MODIFY `category_Id` int(11) NOT NULL AUTO_INCREMENT, AUTO_INCREMENT=8;

--
-- AUTO_INCREMENT cho bảng `product`
--
ALTER TABLE `product`
  MODIFY `product_Id` int(11) NOT NULL AUTO_INCREMENT, AUTO_INCREMENT=55;

--
-- AUTO_INCREMENT cho bảng `product_resource`
--
ALTER TABLE `product_resource`
  MODIFY `pr_Id` int(11) NOT NULL AUTO_INCREMENT, AUTO_INCREMENT=167;

--
-- AUTO_INCREMENT cho bảng `resources`
--
ALTER TABLE `resources`
  MODIFY `resource_Id` int(11) NOT NULL AUTO_INCREMENT, AUTO_INCREMENT=237;

--
-- AUTO_INCREMENT cho bảng `resource_category`
--
ALTER TABLE `resource_category`
  MODIFY `categery_Id` int(11) NOT NULL AUTO_INCREMENT, AUTO_INCREMENT=18;

--
-- AUTO_INCREMENT cho bảng `role`
--
ALTER TABLE `role`
  MODIFY `role_Id` int(11) NOT NULL AUTO_INCREMENT, AUTO_INCREMENT=3;

--
-- AUTO_INCREMENT cho bảng `user`
--
ALTER TABLE `user`
  MODIFY `user_Id` int(11) NOT NULL AUTO_INCREMENT, AUTO_INCREMENT=28;

--
-- AUTO_INCREMENT cho bảng `user_history`
--
ALTER TABLE `user_history`
  MODIFY `user_History_Id` int(11) NOT NULL AUTO_INCREMENT, AUTO_INCREMENT=49;

--
-- AUTO_INCREMENT cho bảng `user_role`
--
ALTER TABLE `user_role`
  MODIFY `ur_Id` int(11) NOT NULL AUTO_INCREMENT, AUTO_INCREMENT=82;

--
-- Các ràng buộc cho các bảng đã đổ
--

--
-- Các ràng buộc cho bảng `comment`
--
ALTER TABLE `comment`
  ADD CONSTRAINT `FK7jok1s6lywoh0srylq8lt7tmn` FOREIGN KEY (`post_Id`) REFERENCES `posts` (`post_Id`),
  ADD CONSTRAINT `FK8kcum44fvpupyw6f5baccx25c` FOREIGN KEY (`user_Id`) REFERENCES `user` (`user_Id`),
  ADD CONSTRAINT `fk_Comment_postId` FOREIGN KEY (`post_Id`) REFERENCES `posts` (`post_Id`),
  ADD CONSTRAINT `fk_Comment_userID` FOREIGN KEY (`user_Id`) REFERENCES `user` (`user_Id`);

--
-- Các ràng buộc cho bảng `menu`
--
ALTER TABLE `menu`
  ADD CONSTRAINT `FKscu4x35gdwk4gx29dmk8lnilc` FOREIGN KEY (`user_Id`) REFERENCES `user` (`user_Id`),
  ADD CONSTRAINT `fk_Menu_userId` FOREIGN KEY (`user_Id`) REFERENCES `user` (`user_Id`);

--
-- Các ràng buộc cho bảng `menu_product`
--
ALTER TABLE `menu_product`
  ADD CONSTRAINT `FK755dtrv1g87t4m13bht0y5c7m` FOREIGN KEY (`menu_Id`) REFERENCES `menu` (`menu_Id`),
  ADD CONSTRAINT `FKo3nngibe84i11ce290eblljw6` FOREIGN KEY (`product_Id`) REFERENCES `product` (`product_Id`),
  ADD CONSTRAINT `fk_Menu_Product_menuId` FOREIGN KEY (`menu_Id`) REFERENCES `menu` (`menu_Id`),
  ADD CONSTRAINT `fk_Menu_Product_productId` FOREIGN KEY (`product_Id`) REFERENCES `product` (`product_Id`);

--
-- Các ràng buộc cho bảng `posts`
--
ALTER TABLE `posts`
  ADD CONSTRAINT `FKam8ar6luvp8afhfu20gfsydo9` FOREIGN KEY (`user_Id`) REFERENCES `user` (`user_Id`),
  ADD CONSTRAINT `FKlkeae4jn0n7godhrsvlbjtygm` FOREIGN KEY (`category_Id`) REFERENCES `posts_category` (`category_Id`),
  ADD CONSTRAINT `fk_Posts_categoryId` FOREIGN KEY (`category_Id`) REFERENCES `posts_category` (`category_Id`),
  ADD CONSTRAINT `fk_Posts_userId` FOREIGN KEY (`user_Id`) REFERENCES `user` (`user_Id`);

--
-- Các ràng buộc cho bảng `product`
--
ALTER TABLE `product`
  ADD CONSTRAINT `FK979liw4xk18ncpl87u4tygx2u` FOREIGN KEY (`user_id`) REFERENCES `user` (`user_Id`);

--
-- Các ràng buộc cho bảng `product_resource`
--
ALTER TABLE `product_resource`
  ADD CONSTRAINT `FKg49757mhnxwngowyx20ekon4d` FOREIGN KEY (`product_Id`) REFERENCES `product` (`product_Id`),
  ADD CONSTRAINT `FKq617f87uof594vknpdcru8i4c` FOREIGN KEY (`resource_Id`) REFERENCES `resources` (`resource_Id`),
  ADD CONSTRAINT `fk_Product_Resource_productId` FOREIGN KEY (`product_Id`) REFERENCES `product` (`product_Id`),
  ADD CONSTRAINT `fk_Product_Resource_resourceId` FOREIGN KEY (`resource_Id`) REFERENCES `resources` (`resource_Id`);

--
-- Các ràng buộc cho bảng `resources`
--
ALTER TABLE `resources`
  ADD CONSTRAINT `FK9dfjxvno3woiph3vml9kc6plt` FOREIGN KEY (`category_Id`) REFERENCES `resource_category` (`categery_Id`),
  ADD CONSTRAINT `fk_Resources_categoryId` FOREIGN KEY (`category_Id`) REFERENCES `resource_category` (`categery_Id`);

--
-- Các ràng buộc cho bảng `user_history`
--
ALTER TABLE `user_history`
  ADD CONSTRAINT `FKaa6ilb6iqih95bntoeyysb2pc` FOREIGN KEY (`user_Id`) REFERENCES `user` (`user_Id`),
  ADD CONSTRAINT `fk_UserHistory_userId` FOREIGN KEY (`user_Id`) REFERENCES `user` (`user_Id`);

--
-- Các ràng buộc cho bảng `user_role`
--
ALTER TABLE `user_role`
  ADD CONSTRAINT `FK859n2jvi8ivhui0rl0esws6o` FOREIGN KEY (`user_Id`) REFERENCES `user` (`user_Id`),
  ADD CONSTRAINT `FKa68196081fvovjhkek5m97n3y` FOREIGN KEY (`role_Id`) REFERENCES `role` (`role_Id`),
  ADD CONSTRAINT `fk_User_Role_roleId` FOREIGN KEY (`role_Id`) REFERENCES `role` (`role_Id`),
  ADD CONSTRAINT `fk_User_Role_userId` FOREIGN KEY (`user_Id`) REFERENCES `user` (`user_Id`);
COMMIT;

/*!40101 SET CHARACTER_SET_CLIENT=@OLD_CHARACTER_SET_CLIENT */;
/*!40101 SET CHARACTER_SET_RESULTS=@OLD_CHARACTER_SET_RESULTS */;
/*!40101 SET COLLATION_CONNECTION=@OLD_COLLATION_CONNECTION */;
